algorithm,problem,problem_model,problem_instance,train_count,train_solutions,train_non_solutions,folds,accuracy_mean,accuracy_095ci,test_count_mean,test_count_095ci,test_count_total,algorithm_error_prob_mean,algorithm_error_prob_095ci,algorithm_error,evaluation_error_prob_mean,evaluation_error_prob_095ci,evaluation_error,discovery_time_mean,discovery_time_095ci,test_time_mean,test_time_095ci,input_path,results_path
ARNOLD,MPMMine-P001,MPMMine-P001M001,MPMMine-P001M001I001,2,2,0,5,0.5519005847953216,0.049180237619426304,20.0,0.0,100,0.0,0.0,,0.09,0.0749446951267924,"Index set mismatch. Declared index set of `hosts' is [1..18], but is assigned to array with index set [1..19]. You may need to coerce the index sets using the array1d function., Index set mismatch. Declared index set of `hosts' is [1..18], but is assigned to array with index set [1..17]. You may need to coerce the index sets using the array1d function., Index set mismatch. Declared index set of `hosts' is [1..18], but is assigned to array with index set [1..19]. You may need to coerce the index sets using the array1d function., Index set mismatch. Declared index set of `hosts' is [1..18], but is assigned to array with index set [1..17]. You may need to coerce the index sets using the array1d function.",3.6049064916092903,0.5093593028577633,269.17032633163035,15.622880614159891,MPMMine-P001M001I001,ARNOLD/problems/P001/models/M001/instances/I001/2
ARNOLD,MPMMine-P001,MPMMine-P001M001,MPMMine-P001M001I001,10,10,0,5,0.5519005847953216,0.049180237619426304,20.0,0.0,100,0.0,0.0,,0.09,0.0749446951267924,"Index set mismatch. Declared index set of `hosts' is [1..18], but is assigned to array with index set [1..19]. You may need to coerce the index sets using the array1d function., Index set mismatch. Declared index set of `hosts' is [1..18], but is assigned to array with index set [1..17]. You may need to coerce the index sets using the array1d function., Index set mismatch. Declared index set of `hosts' is [1..18], but is assigned to array with index set [1..19]. You may need to coerce the index sets using the array1d function., Index set mismatch. Declared index set of `hosts' is [1..18], but is assigned to array with index set [1..17]. You may need to coerce the index sets using the array1d function.",12.956737749790772,1.0482862248543443,264.2046896680258,31.713806394767037,MPMMine-P001M001I001,ARNOLD/problems/P001/models/M001/instances/I001/10
ARNOLD,MPMMine-P001,MPMMine-P001M001,MPMMine-P001M001I001,30,30,0,5,0.5519005847953216,0.049180237619426304,20.0,0.0,100,0.0,0.0,,0.09,0.0749446951267924,"Index set mismatch. Declared index set of `hosts' is [1..18], but is assigned to array with index set [1..19]. You may need to coerce the index sets using the array1d function., Index set mismatch. Declared index set of `hosts' is [1..18], but is assigned to array with index set [1..17]. You may need to coerce the index sets using the array1d function., Index set mismatch. Declared index set of `hosts' is [1..18], but is assigned to array with index set [1..19]. You may need to coerce the index sets using the array1d function., Index set mismatch. Declared index set of `hosts' is [1..18], but is assigned to array with index set [1..17]. You may need to coerce the index sets using the array1d function.",34.738990974985064,2.8385907138224873,257.62764333188534,23.12080547393873,MPMMine-P001M001I001,ARNOLD/problems/P001/models/M001/instances/I001/30
ARNOLD,MPMMine-P001,MPMMine-P001M001,MPMMine-P001M001I001,40,40,0,5,0.5519005847953216,0.049180237619426304,20.0,0.0,100,0.0,0.0,,0.09,0.0749446951267924,"Index set mismatch. Declared index set of `hosts' is [1..18], but is assigned to array with index set [1..19]. You may need to coerce the index sets using the array1d function., Index set mismatch. Declared index set of `hosts' is [1..18], but is assigned to array with index set [1..17]. You may need to coerce the index sets using the array1d function., Index set mismatch. Declared index set of `hosts' is [1..18], but is assigned to array with index set [1..19]. You may need to coerce the index sets using the array1d function., Index set mismatch. Declared index set of `hosts' is [1..18], but is assigned to array with index set [1..17]. You may need to coerce the index sets using the array1d function.",45.786190074798654,3.8485416988538295,250.35308283613995,18.257566899818134,MPMMine-P001M001I001,ARNOLD/problems/P001/models/M001/instances/I001/50
ARNOLD,MPMMine-P001,MPMMine-P001M001,MPMMine-P001M001I002,2,2,0,5,0.17089804172724965,0.19815805736980815,101.0,0.0,505,0.0,0.0,,0.21386138613861388,0.22457802607634567,"Index set mismatch. Declared index set of `hosts' is [1..4], but is assigned to array with index set [1..3]. You may need to coerce the index sets using the array1d function., Index set mismatch. Declared index set of `hosts' is [1..4], but is assigned to array with index set [1..1]. You may need to coerce the index sets using the array1d function., Index set mismatch. Declared index set of `hosts' is [1..4], but is assigned to array with index set [1..5]. You may need to coerce the index sets using the array1d function., Index set mismatch. Declared index set of `hosts' is [1..4], but is assigned to array with index set [1..2]. You may need to coerce the index sets using the array1d function., , Index set mismatch. Declared index set of `hosts' is [1..4], but is assigned to array with index set [1..5]. You may need to coerce the index sets using the array1d function., Index set mismatch. Declared index set of `hosts' is [1..4], but is assigned to array with index set [1..2]. You may need to coerce the index sets using the array1d function., Index set mismatch. Declared index set of `hosts' is [1..4], but is assigned to array with index set [1..3]. You may need to coerce the index sets using the array1d function., Index set mismatch. Declared index set of `hosts' is [1..4], but is assigned to array with index set [1..3]. You may need to coerce the index sets using the array1d function., Index set mismatch. Declared index set of `hosts' is [1..4], but is assigned to array with index set [1..2]. You may need to coerce the index sets using the array1d function., Index set mismatch. Declared index set of `hosts' is [1..4], but is assigned to array with index set [1..5]. You may need to coerce the index sets using the array1d function.",0.5734525252133608,0.3552211304441679,2512.86586755428,166.51945458802166,MPMMine-P001M001I002,ARNOLD/problems/P001/models/M001/instances/I002/2
ARNOLD,MPMMine-P001,MPMMine-P001M001,MPMMine-P001M001I003,2,2,0,5,0.11336210544131338,0.10988752951391716,101.0,0.0,505,0.0,0.0,,0.20792079207920794,0.22012068697630233,"Index set mismatch. Declared index set of `hosts' is [1..5], but is assigned to array with index set [1..3]. You may need to coerce the index sets using the array1d function., Index set mismatch. Declared index set of `hosts' is [1..5], but is assigned to array with index set [1..4]. You may need to coerce the index sets using the array1d function., Index set mismatch. Declared index set of `hosts' is [1..5], but is assigned to array with index set [1..6]. You may need to coerce the index sets using the array1d function., , Index set mismatch. Declared index set of `hosts' is [1..5], but is assigned to array with index set [1..6]. You may need to coerce the index sets using the array1d function., Index set mismatch. Declared index set of `hosts' is [1..5], but is assigned to array with index set [1..4]. You may need to coerce the index sets using the array1d function., Index set mismatch. Declared index set of `hosts' is [1..5], but is assigned to array with index set [1..4]. You may need to coerce the index sets using the array1d function., Index set mismatch. Declared index set of `hosts' is [1..5], but is assigned to array with index set [1..6]. You may need to coerce the index sets using the array1d function., Index set mismatch. Declared index set of `hosts' is [1..5], but is assigned to array with index set [1..3]. You may need to coerce the index sets using the array1d function.",0.5712446082150564,0.3838920389176909,2532.0503277046605,165.97296489078272,MPMMine-P001M001I003,ARNOLD/problems/P001/models/M001/instances/I003/2
ARNOLD,MPMMine-P001,MPMMine-P001M001,MPMMine-P001M001I004,2,2,0,5,0.31348325911596514,0.10855751530474897,102.0,0.0,510,0.0,0.0,,0.3529411764705882,0.025201782702316787,"Index set mismatch. Declared index set of `hosts' is [1..6], but is assigned to array with index set [1..5]. You may need to coerce the index sets using the array1d function., Index set mismatch. Declared index set of `hosts' is [1..6], but is assigned to array with index set [1..7]. You may need to coerce the index sets using the array1d function., Index set mismatch. Declared index set of `hosts' is [1..6], but is assigned to array with index set [1..5]. You may need to coerce the index sets using the array1d function., Index set mismatch. Declared index set of `hosts' is [1..6], but is assigned to array with index set [1..4]. You may need to coerce the index sets using the array1d function., Index set mismatch. Declared index set of `hosts' is [1..6], but is assigned to array with index set [1..7]. You may need to coerce the index sets using the array1d function., Index set mismatch. Declared index set of `hosts' is [1..6], but is assigned to array with index set [1..7]. You may need to coerce the index sets using the array1d function., Index set mismatch. Declared index set of `hosts' is [1..6], but is assigned to array with index set [1..5]. You may need to coerce the index sets using the array1d function., Index set mismatch. Declared index set of `hosts' is [1..6], but is assigned to array with index set [1..4]. You may need to coerce the index sets using the array1d function., Index set mismatch. Declared index set of `hosts' is [1..6], but is assigned to array with index set [1..7]. You may need to coerce the index sets using the array1d function., Index set mismatch. Declared index set of `hosts' is [1..6], but is assigned to array with index set [1..5]. You may need to coerce the index sets using the array1d function.",0.9206083084223792,0.08232985841579024,2566.713476076303,162.15112107491595,MPMMine-P001M001I004,ARNOLD/problems/P001/models/M001/instances/I004/2
ARNOLD,MPMMine-P001,MPMMine-P001M001,MPMMine-P001M001I005,2,2,0,5,0.5681162122122851,0.009461862675161576,200.0,0.0,1000,0.0,0.0,,0.095,0.029309142371987566,"Index set mismatch. Declared index set of `hosts' is [1..6], but is assigned to array with index set [1..5]. You may need to coerce the index sets using the array1d function., Index set mismatch. Declared index set of `hosts' is [1..6], but is assigned to array with index set [1..7]. You may need to coerce the index sets using the array1d function., Index set mismatch. Declared index set of `hosts' is [1..6], but is assigned to array with index set [1..4]. You may need to coerce the index sets using the array1d function., Index set mismatch. Declared index set of `hosts' is [1..6], but is assigned to array with index set [1..7]. You may need to coerce the index sets using the array1d function., Index set mismatch. Declared index set of `hosts' is [1..6], but is assigned to array with index set [1..5]. You may need to coerce the index sets using the array1d function., Index set mismatch. Declared index set of `hosts' is [1..6], but is assigned to array with index set [1..5]. You may need to coerce the index sets using the array1d function.",0.8965345834149048,0.1540310944719813,10122.915134960786,454.2986229941615,MPMMine-P001M001I005,ARNOLD/problems/P001/models/M001/instances/I005/2
ARNOLD,MPMMine-P001,MPMMine-P001M001,MPMMine-P001M001I005,10,10,0,5,0.5704019264979994,0.0138642634867711,200.0,0.0,1000,0.0,0.0,,0.095,0.029309142371987566,"Index set mismatch. Declared index set of `hosts' is [1..6], but is assigned to array with index set [1..5]. You may need to coerce the index sets using the array1d function., Index set mismatch. Declared index set of `hosts' is [1..6], but is assigned to array with index set [1..7]. You may need to coerce the index sets using the array1d function., Index set mismatch. Declared index set of `hosts' is [1..6], but is assigned to array with index set [1..4]. You may need to coerce the index sets using the array1d function., Index set mismatch. Declared index set of `hosts' is [1..6], but is assigned to array with index set [1..7]. You may need to coerce the index sets using the array1d function., Index set mismatch. Declared index set of `hosts' is [1..6], but is assigned to array with index set [1..5]. You may need to coerce the index sets using the array1d function., Index set mismatch. Declared index set of `hosts' is [1..6], but is assigned to array with index set [1..5]. You may need to coerce the index sets using the array1d function.",1.9904513081535697,0.17656519092351963,10226.693679955788,430.0916492238164,MPMMine-P001M001I005,ARNOLD/problems/P001/models/M001/instances/I005/10
ARNOLD,MPMMine-P001,MPMMine-P001M001,MPMMine-P001M001I005,30,30,0,5,0.5704019264979994,0.0138642634867711,200.0,0.0,1000,0.0,0.0,,0.095,0.029309142371987566,"Index set mismatch. Declared index set of `hosts' is [1..6], but is assigned to array with index set [1..5]. You may need to coerce the index sets using the array1d function., Index set mismatch. Declared index set of `hosts' is [1..6], but is assigned to array with index set [1..7]. You may need to coerce the index sets using the array1d function., Index set mismatch. Declared index set of `hosts' is [1..6], but is assigned to array with index set [1..4]. You may need to coerce the index sets using the array1d function., Index set mismatch. Declared index set of `hosts' is [1..6], but is assigned to array with index set [1..7]. You may need to coerce the index sets using the array1d function., Index set mismatch. Declared index set of `hosts' is [1..6], but is assigned to array with index set [1..5]. You may need to coerce the index sets using the array1d function., Index set mismatch. Declared index set of `hosts' is [1..6], but is assigned to array with index set [1..5]. You may need to coerce the index sets using the array1d function.",4.72475095000118,0.4360083138711494,10268.09984496329,283.897871853373,MPMMine-P001M001I005,ARNOLD/problems/P001/models/M001/instances/I005/30
ARNOLD,MPMMine-P001,MPMMine-P001M001,MPMMine-P001M001I005,50,50,0,5,0.5704019264979994,0.0138642634867711,200.0,0.0,1000,0.0,0.0,,0.095,0.029309142371987566,"Index set mismatch. Declared index set of `hosts' is [1..6], but is assigned to array with index set [1..5]. You may need to coerce the index sets using the array1d function., Index set mismatch. Declared index set of `hosts' is [1..6], but is assigned to array with index set [1..7]. You may need to coerce the index sets using the array1d function., Index set mismatch. Declared index set of `hosts' is [1..6], but is assigned to array with index set [1..4]. You may need to coerce the index sets using the array1d function., Index set mismatch. Declared index set of `hosts' is [1..6], but is assigned to array with index set [1..7]. You may need to coerce the index sets using the array1d function., Index set mismatch. Declared index set of `hosts' is [1..6], but is assigned to array with index set [1..5]. You may need to coerce the index sets using the array1d function., Index set mismatch. Declared index set of `hosts' is [1..6], but is assigned to array with index set [1..5]. You may need to coerce the index sets using the array1d function.",7.542171400156803,0.46768389371108726,10222.315498362295,370.17504382989466,MPMMine-P001M001I005,ARNOLD/problems/P001/models/M001/instances/I005/50
ARNOLD,MPMMine-P001,MPMMine-P001M001,MPMMine-P001M001I005,75,75,0,5,0.5704019264979994,0.0138642634867711,200.0,0.0,1000,0.0,0.0,,0.095,0.029309142371987566,"Index set mismatch. Declared index set of `hosts' is [1..6], but is assigned to array with index set [1..5]. You may need to coerce the index sets using the array1d function., Index set mismatch. Declared index set of `hosts' is [1..6], but is assigned to array with index set [1..7]. You may need to coerce the index sets using the array1d function., Index set mismatch. Declared index set of `hosts' is [1..6], but is assigned to array with index set [1..4]. You may need to coerce the index sets using the array1d function., Index set mismatch. Declared index set of `hosts' is [1..6], but is assigned to array with index set [1..7]. You may need to coerce the index sets using the array1d function., Index set mismatch. Declared index set of `hosts' is [1..6], but is assigned to array with index set [1..5]. You may need to coerce the index sets using the array1d function., Index set mismatch. Declared index set of `hosts' is [1..6], but is assigned to array with index set [1..5]. You may need to coerce the index sets using the array1d function.",11.369812866626308,0.5578693970965813,10302.142416639253,475.6839982531771,MPMMine-P001M001I005,ARNOLD/problems/P001/models/M001/instances/I005/75
ARNOLD,MPMMine-P001,MPMMine-P001M001,MPMMine-P001M001I005,100,100,0,5,0.5704019264979994,0.0138642634867711,200.0,0.0,1000,0.0,0.0,,0.095,0.029309142371987566,"Index set mismatch. Declared index set of `hosts' is [1..6], but is assigned to array with index set [1..5]. You may need to coerce the index sets using the array1d function., Index set mismatch. Declared index set of `hosts' is [1..6], but is assigned to array with index set [1..7]. You may need to coerce the index sets using the array1d function., Index set mismatch. Declared index set of `hosts' is [1..6], but is assigned to array with index set [1..4]. You may need to coerce the index sets using the array1d function., Index set mismatch. Declared index set of `hosts' is [1..6], but is assigned to array with index set [1..7]. You may need to coerce the index sets using the array1d function., Index set mismatch. Declared index set of `hosts' is [1..6], but is assigned to array with index set [1..5]. You may need to coerce the index sets using the array1d function., Index set mismatch. Declared index set of `hosts' is [1..6], but is assigned to array with index set [1..5]. You may need to coerce the index sets using the array1d function.",14.778725524991751,0.9743748419296555,10303.527746675536,606.0878048294932,MPMMine-P001M001I005,ARNOLD/problems/P001/models/M001/instances/I005/100
ARNOLD,MPMMine-P001,MPMMine-P001M001,MPMMine-P001M001I006,2,2,0,5,0.5694605252566631,0.06278772158448703,200.0,0.0,1000,0.0,0.0,,0.137,0.02173624173172056,"Index set mismatch. Declared index set of `hosts' is [1..5], but is assigned to array with index set [1..6]. You may need to coerce the index sets using the array1d function., Index set mismatch. Declared index set of `hosts' is [1..5], but is assigned to array with index set [1..4]. You may need to coerce the index sets using the array1d function., Index set mismatch. Declared index set of `hosts' is [1..5], but is assigned to array with index set [1..7]. You may need to coerce the index sets using the array1d function., Index set mismatch. Declared index set of `hosts' is [1..5], but is assigned to array with index set [1..6]. You may need to coerce the index sets using the array1d function., Index set mismatch. Declared index set of `hosts' is [1..5], but is assigned to array with index set [1..4]. You may need to coerce the index sets using the array1d function., Index set mismatch. Declared index set of `hosts' is [1..5], but is assigned to array with index set [1..6]. You may need to coerce the index sets using the array1d function., Index set mismatch. Declared index set of `hosts' is [1..5], but is assigned to array with index set [1..4]. You may need to coerce the index sets using the array1d function., Index set mismatch. Declared index set of `hosts' is [1..5], but is assigned to array with index set [1..7]. You may need to coerce the index sets using the array1d function., Index set mismatch. Declared index set of `hosts' is [1..5], but is assigned to array with index set [1..3]. You may need to coerce the index sets using the array1d function., Index set mismatch. Declared index set of `hosts' is [1..5], but is assigned to array with index set [1..6]. You may need to coerce the index sets using the array1d function., Index set mismatch. Declared index set of `hosts' is [1..5], but is assigned to array with index set [1..4]. You may need to coerce the index sets using the array1d function., Index set mismatch. Declared index set of `hosts' is [1..5], but is assigned to array with index set [1..3]. You may need to coerce the index sets using the array1d function.",0.8610304250149057,0.14968193891405907,10023.262394987978,389.61715852317263,MPMMine-P001M001I006,ARNOLD/problems/P001/models/M001/instances/I006/2
ARNOLD,MPMMine-P001,MPMMine-P001M001,MPMMine-P001M001I006,10,10,0,5,0.5970467321532149,0.02138880912592255,200.0,0.0,1000,0.0,0.0,,0.137,0.02173624173172056,"Index set mismatch. Declared index set of `hosts' is [1..5], but is assigned to array with index set [1..6]. You may need to coerce the index sets using the array1d function., Index set mismatch. Declared index set of `hosts' is [1..5], but is assigned to array with index set [1..4]. You may need to coerce the index sets using the array1d function., Index set mismatch. Declared index set of `hosts' is [1..5], but is assigned to array with index set [1..7]. You may need to coerce the index sets using the array1d function., Index set mismatch. Declared index set of `hosts' is [1..5], but is assigned to array with index set [1..6]. You may need to coerce the index sets using the array1d function., Index set mismatch. Declared index set of `hosts' is [1..5], but is assigned to array with index set [1..4]. You may need to coerce the index sets using the array1d function., Index set mismatch. Declared index set of `hosts' is [1..5], but is assigned to array with index set [1..6]. You may need to coerce the index sets using the array1d function., Index set mismatch. Declared index set of `hosts' is [1..5], but is assigned to array with index set [1..4]. You may need to coerce the index sets using the array1d function., Index set mismatch. Declared index set of `hosts' is [1..5], but is assigned to array with index set [1..7]. You may need to coerce the index sets using the array1d function., Index set mismatch. Declared index set of `hosts' is [1..5], but is assigned to array with index set [1..3]. You may need to coerce the index sets using the array1d function., Index set mismatch. Declared index set of `hosts' is [1..5], but is assigned to array with index set [1..6]. You may need to coerce the index sets using the array1d function., Index set mismatch. Declared index set of `hosts' is [1..5], but is assigned to array with index set [1..4]. You may need to coerce the index sets using the array1d function., Index set mismatch. Declared index set of `hosts' is [1..5], but is assigned to array with index set [1..3]. You may need to coerce the index sets using the array1d function.",1.9302168834256008,0.19449935024677367,10153.383251675405,411.34433584658706,MPMMine-P001M001I006,ARNOLD/problems/P001/models/M001/instances/I006/10
ARNOLD,MPMMine-P001,MPMMine-P001M001,MPMMine-P001M001I006,30,30,0,5,0.5970467321532149,0.02138880912592255,200.0,0.0,1000,0.0,0.0,,0.137,0.02173624173172056,"Index set mismatch. Declared index set of `hosts' is [1..5], but is assigned to array with index set [1..6]. You may need to coerce the index sets using the array1d function., Index set mismatch. Declared index set of `hosts' is [1..5], but is assigned to array with index set [1..4]. You may need to coerce the index sets using the array1d function., Index set mismatch. Declared index set of `hosts' is [1..5], but is assigned to array with index set [1..7]. You may need to coerce the index sets using the array1d function., Index set mismatch. Declared index set of `hosts' is [1..5], but is assigned to array with index set [1..6]. You may need to coerce the index sets using the array1d function., Index set mismatch. Declared index set of `hosts' is [1..5], but is assigned to array with index set [1..4]. You may need to coerce the index sets using the array1d function., Index set mismatch. Declared index set of `hosts' is [1..5], but is assigned to array with index set [1..6]. You may need to coerce the index sets using the array1d function., Index set mismatch. Declared index set of `hosts' is [1..5], but is assigned to array with index set [1..4]. You may need to coerce the index sets using the array1d function., Index set mismatch. Declared index set of `hosts' is [1..5], but is assigned to array with index set [1..7]. You may need to coerce the index sets using the array1d function., Index set mismatch. Declared index set of `hosts' is [1..5], but is assigned to array with index set [1..3]. You may need to coerce the index sets using the array1d function., Index set mismatch. Declared index set of `hosts' is [1..5], but is assigned to array with index set [1..6]. You may need to coerce the index sets using the array1d function., Index set mismatch. Declared index set of `hosts' is [1..5], but is assigned to array with index set [1..4]. You may need to coerce the index sets using the array1d function., Index set mismatch. Declared index set of `hosts' is [1..5], but is assigned to array with index set [1..3]. You may need to coerce the index sets using the array1d function.",4.678604658204131,0.37526618395377365,10180.09881332051,297.06913047322456,MPMMine-P001M001I006,ARNOLD/problems/P001/models/M001/instances/I006/30
ARNOLD,MPMMine-P001,MPMMine-P001M001,MPMMine-P001M001I006,50,50,0,5,0.5970467321532149,0.02138880912592255,200.0,0.0,1000,0.0,0.0,,0.137,0.02173624173172056,"Index set mismatch. Declared index set of `hosts' is [1..5], but is assigned to array with index set [1..6]. You may need to coerce the index sets using the array1d function., Index set mismatch. Declared index set of `hosts' is [1..5], but is assigned to array with index set [1..4]. You may need to coerce the index sets using the array1d function., Index set mismatch. Declared index set of `hosts' is [1..5], but is assigned to array with index set [1..7]. You may need to coerce the index sets using the array1d function., Index set mismatch. Declared index set of `hosts' is [1..5], but is assigned to array with index set [1..6]. You may need to coerce the index sets using the array1d function., Index set mismatch. Declared index set of `hosts' is [1..5], but is assigned to array with index set [1..4]. You may need to coerce the index sets using the array1d function., Index set mismatch. Declared index set of `hosts' is [1..5], but is assigned to array with index set [1..6]. You may need to coerce the index sets using the array1d function., Index set mismatch. Declared index set of `hosts' is [1..5], but is assigned to array with index set [1..4]. You may need to coerce the index sets using the array1d function., Index set mismatch. Declared index set of `hosts' is [1..5], but is assigned to array with index set [1..7]. You may need to coerce the index sets using the array1d function., Index set mismatch. Declared index set of `hosts' is [1..5], but is assigned to array with index set [1..3]. You may need to coerce the index sets using the array1d function., Index set mismatch. Declared index set of `hosts' is [1..5], but is assigned to array with index set [1..6]. You may need to coerce the index sets using the array1d function., Index set mismatch. Declared index set of `hosts' is [1..5], but is assigned to array with index set [1..4]. You may need to coerce the index sets using the array1d function., Index set mismatch. Declared index set of `hosts' is [1..5], but is assigned to array with index set [1..3]. You may need to coerce the index sets using the array1d function.",7.194756083539687,0.23930009594186624,10058.073033317924,495.2073682189971,MPMMine-P001M001I006,ARNOLD/problems/P001/models/M001/instances/I006/50
ARNOLD,MPMMine-P001,MPMMine-P001M001,MPMMine-P001M001I006,75,75,0,5,0.5970467321532149,0.02138880912592255,200.0,0.0,1000,0.0,0.0,,0.137,0.02173624173172056,"Index set mismatch. Declared index set of `hosts' is [1..5], but is assigned to array with index set [1..6]. You may need to coerce the index sets using the array1d function., Index set mismatch. Declared index set of `hosts' is [1..5], but is assigned to array with index set [1..4]. You may need to coerce the index sets using the array1d function., Index set mismatch. Declared index set of `hosts' is [1..5], but is assigned to array with index set [1..7]. You may need to coerce the index sets using the array1d function., Index set mismatch. Declared index set of `hosts' is [1..5], but is assigned to array with index set [1..6]. You may need to coerce the index sets using the array1d function., Index set mismatch. Declared index set of `hosts' is [1..5], but is assigned to array with index set [1..4]. You may need to coerce the index sets using the array1d function., Index set mismatch. Declared index set of `hosts' is [1..5], but is assigned to array with index set [1..6]. You may need to coerce the index sets using the array1d function., Index set mismatch. Declared index set of `hosts' is [1..5], but is assigned to array with index set [1..4]. You may need to coerce the index sets using the array1d function., Index set mismatch. Declared index set of `hosts' is [1..5], but is assigned to array with index set [1..7]. You may need to coerce the index sets using the array1d function., Index set mismatch. Declared index set of `hosts' is [1..5], but is assigned to array with index set [1..3]. You may need to coerce the index sets using the array1d function., Index set mismatch. Declared index set of `hosts' is [1..5], but is assigned to array with index set [1..6]. You may need to coerce the index sets using the array1d function., Index set mismatch. Declared index set of `hosts' is [1..5], but is assigned to array with index set [1..4]. You may need to coerce the index sets using the array1d function., Index set mismatch. Declared index set of `hosts' is [1..5], but is assigned to array with index set [1..3]. You may need to coerce the index sets using the array1d function.",10.394509941618889,0.47498071844957374,10102.345870081335,519.0325170195638,MPMMine-P001M001I006,ARNOLD/problems/P001/models/M001/instances/I006/75
ARNOLD,MPMMine-P001,MPMMine-P001M001,MPMMine-P001M001I006,100,100,0,5,0.5970467321532149,0.02138880912592255,200.0,0.0,1000,0.0,0.0,,0.137,0.02173624173172056,"Index set mismatch. Declared index set of `hosts' is [1..5], but is assigned to array with index set [1..6]. You may need to coerce the index sets using the array1d function., Index set mismatch. Declared index set of `hosts' is [1..5], but is assigned to array with index set [1..4]. You may need to coerce the index sets using the array1d function., Index set mismatch. Declared index set of `hosts' is [1..5], but is assigned to array with index set [1..7]. You may need to coerce the index sets using the array1d function., Index set mismatch. Declared index set of `hosts' is [1..5], but is assigned to array with index set [1..6]. You may need to coerce the index sets using the array1d function., Index set mismatch. Declared index set of `hosts' is [1..5], but is assigned to array with index set [1..4]. You may need to coerce the index sets using the array1d function., Index set mismatch. Declared index set of `hosts' is [1..5], but is assigned to array with index set [1..6]. You may need to coerce the index sets using the array1d function., Index set mismatch. Declared index set of `hosts' is [1..5], but is assigned to array with index set [1..4]. You may need to coerce the index sets using the array1d function., Index set mismatch. Declared index set of `hosts' is [1..5], but is assigned to array with index set [1..7]. You may need to coerce the index sets using the array1d function., Index set mismatch. Declared index set of `hosts' is [1..5], but is assigned to array with index set [1..3]. You may need to coerce the index sets using the array1d function., Index set mismatch. Declared index set of `hosts' is [1..5], but is assigned to array with index set [1..6]. You may need to coerce the index sets using the array1d function., Index set mismatch. Declared index set of `hosts' is [1..5], but is assigned to array with index set [1..4]. You may need to coerce the index sets using the array1d function., Index set mismatch. Declared index set of `hosts' is [1..5], but is assigned to array with index set [1..3]. You may need to coerce the index sets using the array1d function.",13.747695333603769,0.5270961083022333,10273.69781828951,558.2385745476678,MPMMine-P001M001I006,ARNOLD/problems/P001/models/M001/instances/I006/100
ARNOLD,MPMMine-P001,MPMMine-P001M001,MPMMine-P001M001I007,2,2,0,5,0.5521415396239833,0.055254281041702574,200.0,0.0,1000,0.0,0.0,,0.13999999999999999,0.14883868613146425,", Index set mismatch. Declared index set of `hosts' is [1..5], but is assigned to array with index set [1..6]. You may need to coerce the index sets using the array1d function., Index set mismatch. Declared index set of `hosts' is [1..5], but is assigned to array with index set [1..4]. You may need to coerce the index sets using the array1d function., Index set mismatch. Declared index set of `hosts' is [1..5], but is assigned to array with index set [1..6]. You may need to coerce the index sets using the array1d function., Index set mismatch. Declared index set of `hosts' is [1..5], but is assigned to array with index set [1..3]. You may need to coerce the index sets using the array1d function., Index set mismatch. Declared index set of `hosts' is [1..5], but is assigned to array with index set [1..4]. You may need to coerce the index sets using the array1d function., Index set mismatch. Declared index set of `hosts' is [1..5], but is assigned to array with index set [1..7]. You may need to coerce the index sets using the array1d function., Index set mismatch. Declared index set of `hosts' is [1..5], but is assigned to array with index set [1..6]. You may need to coerce the index sets using the array1d function., Index set mismatch. Declared index set of `hosts' is [1..5], but is assigned to array with index set [1..4]. You may need to coerce the index sets using the array1d function., Index set mismatch. Declared index set of `hosts' is [1..5], but is assigned to array with index set [1..3]. You may need to coerce the index sets using the array1d function.",0.5817006831988693,0.3610538719642152,10062.59977999609,443.79914476494423,MPMMine-P001M001I007,ARNOLD/problems/P001/models/M001/instances/I007/2
ARNOLD,MPMMine-P001,MPMMine-P001M001,MPMMine-P001M001I007,10,10,0,5,0.5508915396239833,0.05401233536059294,200.0,0.0,1000,0.0,0.0,,0.13999999999999999,0.14883868613146425,", Index set mismatch. Declared index set of `hosts' is [1..5], but is assigned to array with index set [1..6]. You may need to coerce the index sets using the array1d function., Index set mismatch. Declared index set of `hosts' is [1..5], but is assigned to array with index set [1..4]. You may need to coerce the index sets using the array1d function., Index set mismatch. Declared index set of `hosts' is [1..5], but is assigned to array with index set [1..6]. You may need to coerce the index sets using the array1d function., Index set mismatch. Declared index set of `hosts' is [1..5], but is assigned to array with index set [1..3]. You may need to coerce the index sets using the array1d function., Index set mismatch. Declared index set of `hosts' is [1..5], but is assigned to array with index set [1..4]. You may need to coerce the index sets using the array1d function., Index set mismatch. Declared index set of `hosts' is [1..5], but is assigned to array with index set [1..7]. You may need to coerce the index sets using the array1d function., Index set mismatch. Declared index set of `hosts' is [1..5], but is assigned to array with index set [1..6]. You may need to coerce the index sets using the array1d function., Index set mismatch. Declared index set of `hosts' is [1..5], but is assigned to array with index set [1..4]. You may need to coerce the index sets using the array1d function., Index set mismatch. Declared index set of `hosts' is [1..5], but is assigned to array with index set [1..3]. You may need to coerce the index sets using the array1d function.",1.2740125416079535,1.063841307437995,10084.288441673853,463.3045868097496,MPMMine-P001M001I007,ARNOLD/problems/P001/models/M001/instances/I007/10
ARNOLD,MPMMine-P001,MPMMine-P001M001,MPMMine-P001M001I007,30,30,0,5,0.5482069758655941,0.05226637970046352,200.0,0.0,1000,0.0,0.0,,0.13999999999999999,0.14883868613146425,", Index set mismatch. Declared index set of `hosts' is [1..5], but is assigned to array with index set [1..6]. You may need to coerce the index sets using the array1d function., Index set mismatch. Declared index set of `hosts' is [1..5], but is assigned to array with index set [1..4]. You may need to coerce the index sets using the array1d function., Index set mismatch. Declared index set of `hosts' is [1..5], but is assigned to array with index set [1..6]. You may need to coerce the index sets using the array1d function., Index set mismatch. Declared index set of `hosts' is [1..5], but is assigned to array with index set [1..3]. You may need to coerce the index sets using the array1d function., Index set mismatch. Declared index set of `hosts' is [1..5], but is assigned to array with index set [1..4]. You may need to coerce the index sets using the array1d function., Index set mismatch. Declared index set of `hosts' is [1..5], but is assigned to array with index set [1..7]. You may need to coerce the index sets using the array1d function., Index set mismatch. Declared index set of `hosts' is [1..5], but is assigned to array with index set [1..6]. You may need to coerce the index sets using the array1d function., Index set mismatch. Declared index set of `hosts' is [1..5], but is assigned to array with index set [1..4]. You may need to coerce the index sets using the array1d function., Index set mismatch. Declared index set of `hosts' is [1..5], but is assigned to array with index set [1..3]. You may need to coerce the index sets using the array1d function.",2.931671141786501,2.8199371551908383,16630.657388363034,16916.278869902144,MPMMine-P001M001I007,ARNOLD/problems/P001/models/M001/instances/I007/30
ARNOLD,MPMMine-P001,MPMMine-P001M001,MPMMine-P001M001I007,50,50,0,5,0.5482069758655941,0.05226637970046352,200.0,0.0,1000,0.0,0.0,,0.13999999999999999,0.14883868613146425,", Index set mismatch. Declared index set of `hosts' is [1..5], but is assigned to array with index set [1..6]. You may need to coerce the index sets using the array1d function., Index set mismatch. Declared index set of `hosts' is [1..5], but is assigned to array with index set [1..4]. You may need to coerce the index sets using the array1d function., Index set mismatch. Declared index set of `hosts' is [1..5], but is assigned to array with index set [1..6]. You may need to coerce the index sets using the array1d function., Index set mismatch. Declared index set of `hosts' is [1..5], but is assigned to array with index set [1..3]. You may need to coerce the index sets using the array1d function., Index set mismatch. Declared index set of `hosts' is [1..5], but is assigned to array with index set [1..4]. You may need to coerce the index sets using the array1d function., Index set mismatch. Declared index set of `hosts' is [1..5], but is assigned to array with index set [1..7]. You may need to coerce the index sets using the array1d function., Index set mismatch. Declared index set of `hosts' is [1..5], but is assigned to array with index set [1..6]. You may need to coerce the index sets using the array1d function., Index set mismatch. Declared index set of `hosts' is [1..5], but is assigned to array with index set [1..4]. You may need to coerce the index sets using the array1d function., Index set mismatch. Declared index set of `hosts' is [1..5], but is assigned to array with index set [1..3]. You may need to coerce the index sets using the array1d function.",8.123038616380654,11.59591034375583,16100.885741719976,11848.952421858514,MPMMine-P001M001I007,ARNOLD/problems/P001/models/M001/instances/I007/50
ARNOLD,MPMMine-P001,MPMMine-P001M001,MPMMine-P001M001I007,75,75,0,5,0.5482069758655941,0.05226637970046352,200.0,0.0,1000,0.0,0.0,,0.13999999999999999,0.14883868613146425,", Index set mismatch. Declared index set of `hosts' is [1..5], but is assigned to array with index set [1..6]. You may need to coerce the index sets using the array1d function., Index set mismatch. Declared index set of `hosts' is [1..5], but is assigned to array with index set [1..4]. You may need to coerce the index sets using the array1d function., Index set mismatch. Declared index set of `hosts' is [1..5], but is assigned to array with index set [1..6]. You may need to coerce the index sets using the array1d function., Index set mismatch. Declared index set of `hosts' is [1..5], but is assigned to array with index set [1..3]. You may need to coerce the index sets using the array1d function., Index set mismatch. Declared index set of `hosts' is [1..5], but is assigned to array with index set [1..4]. You may need to coerce the index sets using the array1d function., Index set mismatch. Declared index set of `hosts' is [1..5], but is assigned to array with index set [1..7]. You may need to coerce the index sets using the array1d function., Index set mismatch. Declared index set of `hosts' is [1..5], but is assigned to array with index set [1..6]. You may need to coerce the index sets using the array1d function., Index set mismatch. Declared index set of `hosts' is [1..5], but is assigned to array with index set [1..4]. You may need to coerce the index sets using the array1d function., Index set mismatch. Declared index set of `hosts' is [1..5], but is assigned to array with index set [1..3]. You may need to coerce the index sets using the array1d function.",17.09791421643458,30.098815973909485,14635.488936635666,7710.112106850037,MPMMine-P001M001I007,ARNOLD/problems/P001/models/M001/instances/I007/75
ARNOLD,MPMMine-P001,MPMMine-P001M001,MPMMine-P001M001I007,100,100,0,5,0.5482069758655941,0.05226637970046352,200.0,0.0,1000,0.0,0.0,,0.13999999999999999,0.14883868613146425,", Index set mismatch. Declared index set of `hosts' is [1..5], but is assigned to array with index set [1..6]. You may need to coerce the index sets using the array1d function., Index set mismatch. Declared index set of `hosts' is [1..5], but is assigned to array with index set [1..4]. You may need to coerce the index sets using the array1d function., Index set mismatch. Declared index set of `hosts' is [1..5], but is assigned to array with index set [1..6]. You may need to coerce the index sets using the array1d function., Index set mismatch. Declared index set of `hosts' is [1..5], but is assigned to array with index set [1..3]. You may need to coerce the index sets using the array1d function., Index set mismatch. Declared index set of `hosts' is [1..5], but is assigned to array with index set [1..4]. You may need to coerce the index sets using the array1d function., Index set mismatch. Declared index set of `hosts' is [1..5], but is assigned to array with index set [1..7]. You may need to coerce the index sets using the array1d function., Index set mismatch. Declared index set of `hosts' is [1..5], but is assigned to array with index set [1..6]. You may need to coerce the index sets using the array1d function., Index set mismatch. Declared index set of `hosts' is [1..5], but is assigned to array with index set [1..4]. You may need to coerce the index sets using the array1d function., Index set mismatch. Declared index set of `hosts' is [1..5], but is assigned to array with index set [1..3]. You may need to coerce the index sets using the array1d function.",9.492858849838376,9.74218899555058,16619.640324995853,16199.539303577118,MPMMine-P001M001I007,ARNOLD/problems/P001/models/M001/instances/I007/100
ARNOLD,MPMMine-P001,MPMMine-P001M001,MPMMine-P001M001I008,2,2,0,5,0.5598482853446907,0.07315356887745884,200.0,0.0,1000,0.0,0.0,,0.40499999999999997,0.3360243101520428,", Index set mismatch. Declared index set of `hosts' is [1..5], but is assigned to array with index set [1..6]. You may need to coerce the index sets using the array1d function., Index set mismatch. Declared index set of `hosts' is [1..5], but is assigned to array with index set [1..7]. You may need to coerce the index sets using the array1d function., Index set mismatch. Declared index set of `hosts' is [1..5], but is assigned to array with index set [1..4]. You may need to coerce the index sets using the array1d function., Index set mismatch. Declared index set of `hosts' is [1..6], but is assigned to array with index set [1..5]. You may need to coerce the index sets using the array1d function., Index set mismatch. Declared index set of `hosts' is [1..6], but is assigned to array with index set [1..4]. You may need to coerce the index sets using the array1d function., Index set mismatch. Declared index set of `hosts' is [1..6], but is assigned to array with index set [1..7]. You may need to coerce the index sets using the array1d function., Index set mismatch. Declared index set of `hosts' is [1..5], but is assigned to array with index set [1..6]. You may need to coerce the index sets using the array1d function., Index set mismatch. Declared index set of `hosts' is [1..5], but is assigned to array with index set [1..4]. You may need to coerce the index sets using the array1d function., Index set mismatch. Declared index set of `hosts' is [1..5], but is assigned to array with index set [1..7]. You may need to coerce the index sets using the array1d function., Index set mismatch. Declared index set of `hosts' is [1..6], but is assigned to array with index set [1..5]. You may need to coerce the index sets using the array1d function., Timeout while verifying an example, Index set mismatch. Declared index set of `hosts' is [1..6], but is assigned to array with index set [1..4]. You may need to coerce the index sets using the array1d function., Index set mismatch. Declared index set of `hosts' is [1..6], but is assigned to array with index set [1..8]. You may need to coerce the index sets using the array1d function.",1.1555905336281285,1.1000494402252683,16712.126063313335,14390.848457988946,MPMMine-P001M001I008,ARNOLD/problems/P001/models/M001/instances/I008/2
ARNOLD,MPMMine-P001,MPMMine-P001M001,MPMMine-P001M001I008,10,10,0,5,0.5193532222535506,0.03781525703730282,200.0,0.0,1000,0.0,0.0,,0.13099999999999998,0.2061840599544994,", Index set mismatch. Declared index set of `hosts' is [1..5], but is assigned to array with index set [1..6]. You may need to coerce the index sets using the array1d function., Index set mismatch. Declared index set of `hosts' is [1..5], but is assigned to array with index set [1..7]. You may need to coerce the index sets using the array1d function., Index set mismatch. Declared index set of `hosts' is [1..5], but is assigned to array with index set [1..4]. You may need to coerce the index sets using the array1d function., Index set mismatch. Declared index set of `hosts' is [1..5], but is assigned to array with index set [1..6]. You may need to coerce the index sets using the array1d function., Index set mismatch. Declared index set of `hosts' is [1..5], but is assigned to array with index set [1..4]. You may need to coerce the index sets using the array1d function., Index set mismatch. Declared index set of `hosts' is [1..5], but is assigned to array with index set [1..7]. You may need to coerce the index sets using the array1d function., Timeout while verifying an example",0.9169762331759557,1.046778962011447,16828.316719997674,10976.530246608685,MPMMine-P001M001I008,ARNOLD/problems/P001/models/M001/instances/I008/10
ARNOLD,MPMMine-P001,MPMMine-P001M001,MPMMine-P001M001I008,30,30,0,5,0.5198557348163647,0.0373545055524405,200.0,0.0,1000,0.0,0.0,,0.12999999999999998,0.20720707420751255,", Index set mismatch. Declared index set of `hosts' is [1..5], but is assigned to array with index set [1..6]. You may need to coerce the index sets using the array1d function., Index set mismatch. Declared index set of `hosts' is [1..5], but is assigned to array with index set [1..7]. You may need to coerce the index sets using the array1d function., Index set mismatch. Declared index set of `hosts' is [1..5], but is assigned to array with index set [1..4]. You may need to coerce the index sets using the array1d function., Index set mismatch. Declared index set of `hosts' is [1..5], but is assigned to array with index set [1..6]. You may need to coerce the index sets using the array1d function., Index set mismatch. Declared index set of `hosts' is [1..5], but is assigned to array with index set [1..4]. You may need to coerce the index sets using the array1d function., Index set mismatch. Declared index set of `hosts' is [1..5], but is assigned to array with index set [1..7]. You may need to coerce the index sets using the array1d function.",2.23513279161416,2.780879656315753,16740.228411643766,13434.41823068679,MPMMine-P001M001I008,ARNOLD/problems/P001/models/M001/instances/I008/30
ARNOLD,MPMMine-P001,MPMMine-P001M001,MPMMine-P001M001I008,50,50,0,5,0.5198557348163647,0.0373545055524405,200.0,0.0,1000,0.0,0.0,,0.12999999999999998,0.20720707420751255,", Index set mismatch. Declared index set of `hosts' is [1..5], but is assigned to array with index set [1..6]. You may need to coerce the index sets using the array1d function., Index set mismatch. Declared index set of `hosts' is [1..5], but is assigned to array with index set [1..7]. You may need to coerce the index sets using the array1d function., Index set mismatch. Declared index set of `hosts' is [1..5], but is assigned to array with index set [1..4]. You may need to coerce the index sets using the array1d function., Index set mismatch. Declared index set of `hosts' is [1..5], but is assigned to array with index set [1..6]. You may need to coerce the index sets using the array1d function., Index set mismatch. Declared index set of `hosts' is [1..5], but is assigned to array with index set [1..4]. You may need to coerce the index sets using the array1d function., Index set mismatch. Declared index set of `hosts' is [1..5], but is assigned to array with index set [1..7]. You may need to coerce the index sets using the array1d function.",3.2411452750209717,4.664170750574928,16827.63532168232,16999.3873184779,MPMMine-P001M001I008,ARNOLD/problems/P001/models/M001/instances/I008/50
ARNOLD,MPMMine-P001,MPMMine-P001M001,MPMMine-P001M001I008,75,75,0,5,0.5198557348163647,0.0373545055524405,200.0,0.0,1000,0.0,0.0,,0.12999999999999998,0.20720707420751255,", Index set mismatch. Declared index set of `hosts' is [1..5], but is assigned to array with index set [1..6]. You may need to coerce the index sets using the array1d function., Index set mismatch. Declared index set of `hosts' is [1..5], but is assigned to array with index set [1..7]. You may need to coerce the index sets using the array1d function., Index set mismatch. Declared index set of `hosts' is [1..5], but is assigned to array with index set [1..4]. You may need to coerce the index sets using the array1d function., Index set mismatch. Declared index set of `hosts' is [1..5], but is assigned to array with index set [1..6]. You may need to coerce the index sets using the array1d function., Index set mismatch. Declared index set of `hosts' is [1..5], but is assigned to array with index set [1..4]. You may need to coerce the index sets using the array1d function., Index set mismatch. Declared index set of `hosts' is [1..5], but is assigned to array with index set [1..7]. You may need to coerce the index sets using the array1d function.",4.954643574985676,7.395387043119161,16674.74169000052,17538.164445600687,MPMMine-P001M001I008,ARNOLD/problems/P001/models/M001/instances/I008/75
ARNOLD,MPMMine-P001,MPMMine-P001M001,MPMMine-P001M001I008,100,100,0,5,0.5198557348163647,0.0373545055524405,200.0,0.0,1000,0.0,0.0,,0.12999999999999998,0.20720707420751255,", Index set mismatch. Declared index set of `hosts' is [1..5], but is assigned to array with index set [1..6]. You may need to coerce the index sets using the array1d function., Index set mismatch. Declared index set of `hosts' is [1..5], but is assigned to array with index set [1..7]. You may need to coerce the index sets using the array1d function., Index set mismatch. Declared index set of `hosts' is [1..5], but is assigned to array with index set [1..4]. You may need to coerce the index sets using the array1d function., Index set mismatch. Declared index set of `hosts' is [1..5], but is assigned to array with index set [1..6]. You may need to coerce the index sets using the array1d function., Index set mismatch. Declared index set of `hosts' is [1..5], but is assigned to array with index set [1..4]. You may need to coerce the index sets using the array1d function., Index set mismatch. Declared index set of `hosts' is [1..5], but is assigned to array with index set [1..7]. You may need to coerce the index sets using the array1d function.",18.24706365019083,37.6649045187463,13963.284336645156,7101.229930335301,MPMMine-P001M001I008,ARNOLD/problems/P001/models/M001/instances/I008/100
ARNOLD,MPMMine-P001,MPMMine-P001M001,MPMMine-P001M001I009,2,2,0,5,0.5408806347024459,0.047662877703254475,200.0,0.0,1000,0.0,0.0,,0.281,0.3243520189428938,"Index set mismatch. Declared index set of `hosts' is [1..6], but is assigned to array with index set [1..5]. You may need to coerce the index sets using the array1d function., Index set mismatch. Declared index set of `hosts' is [1..6], but is assigned to array with index set [1..7]. You may need to coerce the index sets using the array1d function., Index set mismatch. Declared index set of `hosts' is [1..6], but is assigned to array with index set [1..4]. You may need to coerce the index sets using the array1d function., Index set mismatch. Declared index set of `hosts' is [1..6], but is assigned to array with index set [1..8]. You may need to coerce the index sets using the array1d function., , Index set mismatch. Declared index set of `hosts' is [1..6], but is assigned to array with index set [1..5]. You may need to coerce the index sets using the array1d function., Index set mismatch. Declared index set of `hosts' is [1..6], but is assigned to array with index set [1..7]. You may need to coerce the index sets using the array1d function., Index set mismatch. Declared index set of `hosts' is [1..5], but is assigned to array with index set [1..6]. You may need to coerce the index sets using the array1d function., Index set mismatch. Declared index set of `hosts' is [1..5], but is assigned to array with index set [1..7]. You may need to coerce the index sets using the array1d function., Index set mismatch. Declared index set of `hosts' is [1..5], but is assigned to array with index set [1..4]. You may need to coerce the index sets using the array1d function.",0.9322426835773513,0.6053015012298301,16471.015666727908,11781.067047239047,MPMMine-P001M001I009,ARNOLD/problems/P001/models/M001/instances/I009/2
ARNOLD,MPMMine-P001,MPMMine-P001M001,MPMMine-P001M001I009,10,10,0,5,0.5,0.0,200.0,0.0,1000,0.0,0.0,,0.132,0.3393168023039935,", Index set mismatch. Declared index set of `hosts' is [1..5], but is assigned to array with index set [1..6]. You may need to coerce the index sets using the array1d function., Index set mismatch. Declared index set of `hosts' is [1..5], but is assigned to array with index set [1..7]. You may need to coerce the index sets using the array1d function., Index set mismatch. Declared index set of `hosts' is [1..5], but is assigned to array with index set [1..4]. You may need to coerce the index sets using the array1d function.",0.6441866834182293,0.9108259621319927,16713.348031761125,14194.700036983833,MPMMine-P001M001I009,ARNOLD/problems/P001/models/M001/instances/I009/10
ARNOLD,MPMMine-P001,MPMMine-P001M001,MPMMine-P001M001I009,30,30,0,5,0.4970588235294118,0.007560534810695044,200.0,0.0,1000,0.0,0.0,,0.132,0.3393168023039935,", Index set mismatch. Declared index set of `hosts' is [1..5], but is assigned to array with index set [1..6]. You may need to coerce the index sets using the array1d function., Index set mismatch. Declared index set of `hosts' is [1..5], but is assigned to array with index set [1..7]. You may need to coerce the index sets using the array1d function., Index set mismatch. Declared index set of `hosts' is [1..5], but is assigned to array with index set [1..4]. You may need to coerce the index sets using the array1d function.",1.2993811167776586,2.3131942422900598,16620.252260006964,12215.167082636171,MPMMine-P001M001I009,ARNOLD/problems/P001/models/M001/instances/I009/30
ARNOLD,MPMMine-P001,MPMMine-P001M001,MPMMine-P001M001I009,50,50,0,5,0.4970588235294118,0.007560534810695044,200.0,0.0,1000,0.0,0.0,,0.132,0.3393168023039935,", Index set mismatch. Declared index set of `hosts' is [1..5], but is assigned to array with index set [1..6]. You may need to coerce the index sets using the array1d function., Index set mismatch. Declared index set of `hosts' is [1..5], but is assigned to array with index set [1..7]. You may need to coerce the index sets using the array1d function., Index set mismatch. Declared index set of `hosts' is [1..5], but is assigned to array with index set [1..4]. You may need to coerce the index sets using the array1d function.",1.9980705665890128,3.892488955088929,16605.855249995366,14402.010803770427,MPMMine-P001M001I009,ARNOLD/problems/P001/models/M001/instances/I009/50
ARNOLD,MPMMine-P001,MPMMine-P001M001,MPMMine-P001M001I009,75,75,0,5,0.4965563109665977,0.007344871997857833,200.0,0.0,1000,0.0,0.0,,0.133,0.3386833025298364,", Timeout while verifying an example, Index set mismatch. Declared index set of `hosts' is [1..5], but is assigned to array with index set [1..6]. You may need to coerce the index sets using the array1d function., Index set mismatch. Declared index set of `hosts' is [1..5], but is assigned to array with index set [1..7]. You may need to coerce the index sets using the array1d function., Index set mismatch. Declared index set of `hosts' is [1..5], but is assigned to array with index set [1..4]. You may need to coerce the index sets using the array1d function.",2.468464541598223,5.43088818212184,16451.472635078244,11095.058039252353,MPMMine-P001M001I009,ARNOLD/problems/P001/models/M001/instances/I009/75
ARNOLD,MPMMine-P001,MPMMine-P001M001,MPMMine-P001M001I009,100,100,0,5,0.4970588235294118,0.007560534810695044,200.0,0.0,1000,0.0,0.0,,0.132,0.3393168023039935,", Index set mismatch. Declared index set of `hosts' is [1..5], but is assigned to array with index set [1..6]. You may need to coerce the index sets using the array1d function., Index set mismatch. Declared index set of `hosts' is [1..5], but is assigned to array with index set [1..7]. You may need to coerce the index sets using the array1d function., Index set mismatch. Declared index set of `hosts' is [1..5], but is assigned to array with index set [1..4]. You may need to coerce the index sets using the array1d function.",3.220458433404565,7.372216699802176,16345.793073321693,17242.733190335206,MPMMine-P001M001I009,ARNOLD/problems/P001/models/M001/instances/I009/100
ARNOLD,MPMMine-P001,MPMMine-P001M001,MPMMine-P001M001I010,2,2,0,5,0.5505893153711969,0.06863982390464608,200.0,0.0,1000,0.0,0.0,,0.144,0.03236279838536808,"Index set mismatch. Declared index set of `hosts' is [1..6], but is assigned to array with index set [1..7]. You may need to coerce the index sets using the array1d function., Index set mismatch. Declared index set of `hosts' is [1..6], but is assigned to array with index set [1..5]. You may need to coerce the index sets using the array1d function., Index set mismatch. Declared index set of `hosts' is [1..6], but is assigned to array with index set [1..4]. You may need to coerce the index sets using the array1d function., Index set mismatch. Declared index set of `hosts' is [1..6], but is assigned to array with index set [1..7]. You may need to coerce the index sets using the array1d function., Index set mismatch. Declared index set of `hosts' is [1..6], but is assigned to array with index set [1..5]. You may need to coerce the index sets using the array1d function., Index set mismatch. Declared index set of `hosts' is [1..6], but is assigned to array with index set [1..8]. You may need to coerce the index sets using the array1d function., Index set mismatch. Declared index set of `hosts' is [1..6], but is assigned to array with index set [1..4]. You may need to coerce the index sets using the array1d function., Index set mismatch. Declared index set of `hosts' is [1..6], but is assigned to array with index set [1..5]. You may need to coerce the index sets using the array1d function., Index set mismatch. Declared index set of `hosts' is [1..6], but is assigned to array with index set [1..7]. You may need to coerce the index sets using the array1d function., Index set mismatch. Declared index set of `hosts' is [1..6], but is assigned to array with index set [1..4]. You may need to coerce the index sets using the array1d function., Index set mismatch. Declared index set of `hosts' is [1..6], but is assigned to array with index set [1..8]. You may need to coerce the index sets using the array1d function., Index set mismatch. Declared index set of `hosts' is [1..6], but is assigned to array with index set [1..5]. You may need to coerce the index sets using the array1d function., Index set mismatch. Declared index set of `hosts' is [1..6], but is assigned to array with index set [1..7]. You may need to coerce the index sets using the array1d function., Index set mismatch. Declared index set of `hosts' is [1..6], but is assigned to array with index set [1..8]. You may need to coerce the index sets using the array1d function., Index set mismatch. Declared index set of `hosts' is [1..6], but is assigned to array with index set [1..4]. You may need to coerce the index sets using the array1d function.",1.0001439501997083,0.17391899590743118,9774.760253317654,1049.795750567028,MPMMine-P001M001I010,ARNOLD/problems/P001/models/M001/instances/I010/2
ARNOLD,MPMMine-P001,MPMMine-P001M001,MPMMine-P001M001I010,10,10,0,5,0.55881498289919,0.04094505459841597,200.0,0.0,1000,0.0,0.0,,0.10600000000000001,0.06938190379589552,"Index set mismatch. Declared index set of `hosts' is [1..6], but is assigned to array with index set [1..7]. You may need to coerce the index sets using the array1d function., Index set mismatch. Declared index set of `hosts' is [1..6], but is assigned to array with index set [1..5]. You may need to coerce the index sets using the array1d function., Index set mismatch. Declared index set of `hosts' is [1..6], but is assigned to array with index set [1..4]. You may need to coerce the index sets using the array1d function., Index set mismatch. Declared index set of `hosts' is [1..6], but is assigned to array with index set [1..7]. You may need to coerce the index sets using the array1d function., Index set mismatch. Declared index set of `hosts' is [1..6], but is assigned to array with index set [1..5]. You may need to coerce the index sets using the array1d function., Index set mismatch. Declared index set of `hosts' is [1..6], but is assigned to array with index set [1..8]. You may need to coerce the index sets using the array1d function., Index set mismatch. Declared index set of `hosts' is [1..6], but is assigned to array with index set [1..4]. You may need to coerce the index sets using the array1d function., , Index set mismatch. Declared index set of `hosts' is [1..6], but is assigned to array with index set [1..5]. You may need to coerce the index sets using the array1d function., Index set mismatch. Declared index set of `hosts' is [1..6], but is assigned to array with index set [1..7]. You may need to coerce the index sets using the array1d function., Index set mismatch. Declared index set of `hosts' is [1..6], but is assigned to array with index set [1..8]. You may need to coerce the index sets using the array1d function., Index set mismatch. Declared index set of `hosts' is [1..6], but is assigned to array with index set [1..4]. You may need to coerce the index sets using the array1d function.",2.1220596002414824,1.2337293593649168,9403.691443358548,1049.7527252030843,MPMMine-P001M001I010,ARNOLD/problems/P001/models/M001/instances/I010/10
ARNOLD,MPMMine-P001,MPMMine-P001M001,MPMMine-P001M001I010,30,30,0,5,0.5341526095377443,0.0408733940937162,200.0,0.0,1000,0.0,0.0,,0.083,0.08732414433393369,"Index set mismatch. Declared index set of `hosts' is [1..6], but is assigned to array with index set [1..7]. You may need to coerce the index sets using the array1d function., Index set mismatch. Declared index set of `hosts' is [1..6], but is assigned to array with index set [1..5]. You may need to coerce the index sets using the array1d function., Index set mismatch. Declared index set of `hosts' is [1..6], but is assigned to array with index set [1..4]. You may need to coerce the index sets using the array1d function., , Index set mismatch. Declared index set of `hosts' is [1..6], but is assigned to array with index set [1..5]. You may need to coerce the index sets using the array1d function., Index set mismatch. Declared index set of `hosts' is [1..6], but is assigned to array with index set [1..7]. You may need to coerce the index sets using the array1d function., Index set mismatch. Declared index set of `hosts' is [1..6], but is assigned to array with index set [1..8]. You may need to coerce the index sets using the array1d function., Index set mismatch. Declared index set of `hosts' is [1..6], but is assigned to array with index set [1..4]. You may need to coerce the index sets using the array1d function.",4.318357983371243,4.292167549545086,9268.410994997248,1046.830787134295,MPMMine-P001M001I010,ARNOLD/problems/P001/models/M001/instances/I010/30
ARNOLD,MPMMine-P001,MPMMine-P001M001,MPMMine-P001M001I010,50,50,0,5,0.5277198609997327,0.044568383783854866,200.0,0.0,1000,0.0,0.0,,0.054000000000000006,0.08510140132323842,", Index set mismatch. Declared index set of `hosts' is [1..6], but is assigned to array with index set [1..7]. You may need to coerce the index sets using the array1d function., Index set mismatch. Declared index set of `hosts' is [1..6], but is assigned to array with index set [1..5]. You may need to coerce the index sets using the array1d function., Index set mismatch. Declared index set of `hosts' is [1..6], but is assigned to array with index set [1..4]. You may need to coerce the index sets using the array1d function., Index set mismatch. Declared index set of `hosts' is [1..6], but is assigned to array with index set [1..5]. You may need to coerce the index sets using the array1d function., Index set mismatch. Declared index set of `hosts' is [1..6], but is assigned to array with index set [1..7]. You may need to coerce the index sets using the array1d function., Index set mismatch. Declared index set of `hosts' is [1..6], but is assigned to array with index set [1..8]. You may need to coerce the index sets using the array1d function., Index set mismatch. Declared index set of `hosts' is [1..6], but is assigned to array with index set [1..4]. You may need to coerce the index sets using the array1d function.",4.566050308011472,6.7545214530586515,9167.867008326575,972.1932059904532,MPMMine-P001M001I010,ARNOLD/problems/P001/models/M001/instances/I010/50
ARNOLD,MPMMine-P001,MPMMine-P001M001,MPMMine-P001M001I010,75,75,0,5,0.5277198609997327,0.044568383783854866,200.0,0.0,1000,0.0,0.0,,0.054000000000000006,0.08510140132323842,", Index set mismatch. Declared index set of `hosts' is [1..6], but is assigned to array with index set [1..7]. You may need to coerce the index sets using the array1d function., Index set mismatch. Declared index set of `hosts' is [1..6], but is assigned to array with index set [1..5]. You may need to coerce the index sets using the array1d function., Index set mismatch. Declared index set of `hosts' is [1..6], but is assigned to array with index set [1..4]. You may need to coerce the index sets using the array1d function., Index set mismatch. Declared index set of `hosts' is [1..6], but is assigned to array with index set [1..5]. You may need to coerce the index sets using the array1d function., Index set mismatch. Declared index set of `hosts' is [1..6], but is assigned to array with index set [1..7]. You may need to coerce the index sets using the array1d function., Index set mismatch. Declared index set of `hosts' is [1..6], but is assigned to array with index set [1..8]. You may need to coerce the index sets using the array1d function., Index set mismatch. Declared index set of `hosts' is [1..6], but is assigned to array with index set [1..4]. You may need to coerce the index sets using the array1d function.",6.7490518250269815,10.064876355622669,9108.666793359444,935.7324198515669,MPMMine-P001M001I010,ARNOLD/problems/P001/models/M001/instances/I010/75
ARNOLD,MPMMine-P001,MPMMine-P001M001,MPMMine-P001M001I010,100,100,0,5,0.5277198609997327,0.044568383783854866,200.0,0.0,1000,0.0,0.0,,0.054000000000000006,0.08510140132323842,", Index set mismatch. Declared index set of `hosts' is [1..6], but is assigned to array with index set [1..7]. You may need to coerce the index sets using the array1d function., Index set mismatch. Declared index set of `hosts' is [1..6], but is assigned to array with index set [1..5]. You may need to coerce the index sets using the array1d function., Index set mismatch. Declared index set of `hosts' is [1..6], but is assigned to array with index set [1..4]. You may need to coerce the index sets using the array1d function., Index set mismatch. Declared index set of `hosts' is [1..6], but is assigned to array with index set [1..5]. You may need to coerce the index sets using the array1d function., Index set mismatch. Declared index set of `hosts' is [1..6], but is assigned to array with index set [1..7]. You may need to coerce the index sets using the array1d function., Index set mismatch. Declared index set of `hosts' is [1..6], but is assigned to array with index set [1..8]. You may need to coerce the index sets using the array1d function., Index set mismatch. Declared index set of `hosts' is [1..6], but is assigned to array with index set [1..4]. You may need to coerce the index sets using the array1d function.",8.934436800214462,13.515425155274661,9011.002681632526,751.0726065224725,MPMMine-P001M001I010,ARNOLD/problems/P001/models/M001/instances/I010/100
ARNOLD,MPMMine-P001,MPMMine-P001M001,MPMMine-P001M001I011,2,2,0,5,0.5647768551163237,0.07337045568266895,200.0,0.0,1000,0.0,0.0,,0.164,0.051955013836566574,"Index set mismatch. Declared index set of `hosts' is [1..6], but is assigned to array with index set [1..7]. You may need to coerce the index sets using the array1d function., Index set mismatch. Declared index set of `hosts' is [1..6], but is assigned to array with index set [1..5]. You may need to coerce the index sets using the array1d function., Index set mismatch. Declared index set of `hosts' is [1..6], but is assigned to array with index set [1..4]. You may need to coerce the index sets using the array1d function., Index set mismatch. Declared index set of `hosts' is [1..6], but is assigned to array with index set [1..8]. You may need to coerce the index sets using the array1d function., Index set mismatch. Declared index set of `hosts' is [1..6], but is assigned to array with index set [1..7]. You may need to coerce the index sets using the array1d function., Index set mismatch. Declared index set of `hosts' is [1..6], but is assigned to array with index set [1..5]. You may need to coerce the index sets using the array1d function., Index set mismatch. Declared index set of `hosts' is [1..6], but is assigned to array with index set [1..7]. You may need to coerce the index sets using the array1d function., Index set mismatch. Declared index set of `hosts' is [1..6], but is assigned to array with index set [1..5]. You may need to coerce the index sets using the array1d function., Index set mismatch. Declared index set of `hosts' is [1..6], but is assigned to array with index set [1..8]. You may need to coerce the index sets using the array1d function.",0.99708448338788,0.067147828665581,9232.721483362839,646.7794941939537,MPMMine-P001M001I011,ARNOLD/problems/P001/models/M001/instances/I011/2
ARNOLD,MPMMine-P001,MPMMine-P001M001,MPMMine-P001M001I011,10,10,0,5,0.5879104466709679,0.01846176891275414,200.0,0.0,1000,0.0,0.0,,0.164,0.051955013836566574,"Index set mismatch. Declared index set of `hosts' is [1..6], but is assigned to array with index set [1..7]. You may need to coerce the index sets using the array1d function., Index set mismatch. Declared index set of `hosts' is [1..6], but is assigned to array with index set [1..5]. You may need to coerce the index sets using the array1d function., Index set mismatch. Declared index set of `hosts' is [1..6], but is assigned to array with index set [1..4]. You may need to coerce the index sets using the array1d function., Index set mismatch. Declared index set of `hosts' is [1..6], but is assigned to array with index set [1..8]. You may need to coerce the index sets using the array1d function., Index set mismatch. Declared index set of `hosts' is [1..6], but is assigned to array with index set [1..7]. You may need to coerce the index sets using the array1d function., Index set mismatch. Declared index set of `hosts' is [1..6], but is assigned to array with index set [1..5]. You may need to coerce the index sets using the array1d function., Index set mismatch. Declared index set of `hosts' is [1..6], but is assigned to array with index set [1..7]. You may need to coerce the index sets using the array1d function., Index set mismatch. Declared index set of `hosts' is [1..6], but is assigned to array with index set [1..5]. You may need to coerce the index sets using the array1d function., Index set mismatch. Declared index set of `hosts' is [1..6], but is assigned to array with index set [1..8]. You may need to coerce the index sets using the array1d function.",2.7433336166199296,0.08240266739958582,9341.003804998472,769.7925838559445,MPMMine-P001M001I011,ARNOLD/problems/P001/models/M001/instances/I011/10
ARNOLD,MPMMine-P001,MPMMine-P001M001,MPMMine-P001M001I011,30,30,0,5,0.5854413108684988,0.017104648792687836,200.0,0.0,1000,0.0,0.0,,0.164,0.051955013836566574,"Index set mismatch. Declared index set of `hosts' is [1..6], but is assigned to array with index set [1..7]. You may need to coerce the index sets using the array1d function., Index set mismatch. Declared index set of `hosts' is [1..6], but is assigned to array with index set [1..5]. You may need to coerce the index sets using the array1d function., Index set mismatch. Declared index set of `hosts' is [1..6], but is assigned to array with index set [1..4]. You may need to coerce the index sets using the array1d function., Index set mismatch. Declared index set of `hosts' is [1..6], but is assigned to array with index set [1..8]. You may need to coerce the index sets using the array1d function., Index set mismatch. Declared index set of `hosts' is [1..6], but is assigned to array with index set [1..7]. You may need to coerce the index sets using the array1d function., Index set mismatch. Declared index set of `hosts' is [1..6], but is assigned to array with index set [1..5]. You may need to coerce the index sets using the array1d function., Index set mismatch. Declared index set of `hosts' is [1..6], but is assigned to array with index set [1..7]. You may need to coerce the index sets using the array1d function., Index set mismatch. Declared index set of `hosts' is [1..6], but is assigned to array with index set [1..5]. You may need to coerce the index sets using the array1d function., Index set mismatch. Declared index set of `hosts' is [1..6], but is assigned to array with index set [1..8]. You may need to coerce the index sets using the array1d function.",7.233090774831362,0.14799668981129743,9282.965965047479,1067.9650850989237,MPMMine-P001M001I011,ARNOLD/problems/P001/models/M001/instances/I011/30
ARNOLD,MPMMine-P001,MPMMine-P001M001,MPMMine-P001M001I011,50,50,0,5,0.5750958037744367,0.027791470918448035,200.0,0.0,1000,0.0,0.0,,0.164,0.051955013836566574,"Index set mismatch. Declared index set of `hosts' is [1..6], but is assigned to array with index set [1..7]. You may need to coerce the index sets using the array1d function., Index set mismatch. Declared index set of `hosts' is [1..6], but is assigned to array with index set [1..5]. You may need to coerce the index sets using the array1d function., Index set mismatch. Declared index set of `hosts' is [1..6], but is assigned to array with index set [1..4]. You may need to coerce the index sets using the array1d function., Index set mismatch. Declared index set of `hosts' is [1..6], but is assigned to array with index set [1..8]. You may need to coerce the index sets using the array1d function., Index set mismatch. Declared index set of `hosts' is [1..6], but is assigned to array with index set [1..7]. You may need to coerce the index sets using the array1d function., Index set mismatch. Declared index set of `hosts' is [1..6], but is assigned to array with index set [1..5]. You may need to coerce the index sets using the array1d function., Index set mismatch. Declared index set of `hosts' is [1..6], but is assigned to array with index set [1..7]. You may need to coerce the index sets using the array1d function., Index set mismatch. Declared index set of `hosts' is [1..6], but is assigned to array with index set [1..5]. You may need to coerce the index sets using the array1d function., Index set mismatch. Declared index set of `hosts' is [1..6], but is assigned to array with index set [1..8]. You may need to coerce the index sets using the array1d function.",11.740738316765055,0.5125843140722138,9237.503113397397,953.4046379831722,MPMMine-P001M001I011,ARNOLD/problems/P001/models/M001/instances/I011/50
ARNOLD,MPMMine-P001,MPMMine-P001M001,MPMMine-P001M001I011,75,75,0,5,0.5750958037744367,0.027791470918448035,200.0,0.0,1000,0.0,0.0,,0.164,0.051955013836566574,"Index set mismatch. Declared index set of `hosts' is [1..6], but is assigned to array with index set [1..7]. You may need to coerce the index sets using the array1d function., Index set mismatch. Declared index set of `hosts' is [1..6], but is assigned to array with index set [1..5]. You may need to coerce the index sets using the array1d function., Index set mismatch. Declared index set of `hosts' is [1..6], but is assigned to array with index set [1..4]. You may need to coerce the index sets using the array1d function., Index set mismatch. Declared index set of `hosts' is [1..6], but is assigned to array with index set [1..8]. You may need to coerce the index sets using the array1d function., Index set mismatch. Declared index set of `hosts' is [1..6], but is assigned to array with index set [1..7]. You may need to coerce the index sets using the array1d function., Index set mismatch. Declared index set of `hosts' is [1..6], but is assigned to array with index set [1..5]. You may need to coerce the index sets using the array1d function., Index set mismatch. Declared index set of `hosts' is [1..6], but is assigned to array with index set [1..7]. You may need to coerce the index sets using the array1d function., Index set mismatch. Declared index set of `hosts' is [1..6], but is assigned to array with index set [1..5]. You may need to coerce the index sets using the array1d function., Index set mismatch. Declared index set of `hosts' is [1..6], but is assigned to array with index set [1..8]. You may need to coerce the index sets using the array1d function.",17.360982458200304,0.72446247002361,9158.933588317595,816.9301438448929,MPMMine-P001M001I011,ARNOLD/problems/P001/models/M001/instances/I011/75
ARNOLD,MPMMine-P001,MPMMine-P001M001,MPMMine-P001M001I011,100,100,0,5,0.5750958037744367,0.027791470918448035,200.0,0.0,1000,0.0,0.0,,0.164,0.051955013836566574,"Index set mismatch. Declared index set of `hosts' is [1..6], but is assigned to array with index set [1..7]. You may need to coerce the index sets using the array1d function., Index set mismatch. Declared index set of `hosts' is [1..6], but is assigned to array with index set [1..5]. You may need to coerce the index sets using the array1d function., Index set mismatch. Declared index set of `hosts' is [1..6], but is assigned to array with index set [1..4]. You may need to coerce the index sets using the array1d function., Index set mismatch. Declared index set of `hosts' is [1..6], but is assigned to array with index set [1..8]. You may need to coerce the index sets using the array1d function., Index set mismatch. Declared index set of `hosts' is [1..6], but is assigned to array with index set [1..7]. You may need to coerce the index sets using the array1d function., Index set mismatch. Declared index set of `hosts' is [1..6], but is assigned to array with index set [1..5]. You may need to coerce the index sets using the array1d function., Index set mismatch. Declared index set of `hosts' is [1..6], but is assigned to array with index set [1..7]. You may need to coerce the index sets using the array1d function., Index set mismatch. Declared index set of `hosts' is [1..6], but is assigned to array with index set [1..5]. You may need to coerce the index sets using the array1d function., Index set mismatch. Declared index set of `hosts' is [1..6], but is assigned to array with index set [1..8]. You may need to coerce the index sets using the array1d function.",22.982724949973637,1.3707936131352403,8814.970945045352,238.34793864260308,MPMMine-P001M001I011,ARNOLD/problems/P001/models/M001/instances/I011/100
ARNOLD,MPMMine-P002,MPMMine-P002M001,MPMMine-P002M001I001,2,2,0,5,0.539,0.016954151625961613,200.0,0.0,1000,0.0,0.0,,0.0,0.0,,11.740019433223642,1.1958184842231596,458098.60477668233,50959.90572216067,MPMMine-P002M001I001,ARNOLD/problems/P002/models/M001/instances/I001/2
ARNOLD,MPMMine-P002,MPMMine-P002M001,MPMMine-P002M001I001,10,10,0,5,0.539,0.016954151625961613,200.0,0.0,1000,0.0,0.0,,0.0,0.0,,51.402106466609986,5.694824946267909,458057.0154982805,49103.526146949385,MPMMine-P002M001I001,ARNOLD/problems/P002/models/M001/instances/I001/10
ARNOLD,MPMMine-P002,MPMMine-P002M001,MPMMine-P002M001I001,30,30,0,5,0.539,0.016954151625961613,200.0,0.0,1000,0.0,0.0,,0.0,0.0,,149.70780984160956,11.260726500050081,457096.88552331645,45384.323651086735,MPMMine-P002M001I001,ARNOLD/problems/P002/models/M001/instances/I001/30
ARNOLD,MPMMine-P002,MPMMine-P002M001,MPMMine-P002M001I001,50,50,0,5,0.539,0.016954151625961613,200.0,0.0,1000,0.0,0.0,,0.0,0.0,,259.3837199414149,18.20336561608834,470849.7255649604,38831.982566310275,MPMMine-P002M001I001,ARNOLD/problems/P002/models/M001/instances/I001/50
ARNOLD,MPMMine-P002,MPMMine-P002M001,MPMMine-P002M001I001,75,75,0,5,0.539,0.016954151625961613,200.0,0.0,1000,0.0,0.0,,0.0,0.0,,387.31779191659297,26.63130061056162,505349.64895663783,113223.90030636519,MPMMine-P002M001I001,ARNOLD/problems/P002/models/M001/instances/I001/75
ARNOLD,MPMMine-P002,MPMMine-P002M001,MPMMine-P002M001I001,100,100,0,5,,,200.0,0.0,1000,1.0,0.0,"Failed to run:
	bash -c 'python /app/code/run.py --var carQuantities optionsRequired n_classes blockSize maxCars n_cars setup slot n_options --input_var carQuantities optionsRequired n_classes n_options blockSize maxCars n_cars --example n_cars=100 n...,1,0,0,0,0,0,1,0,0,0,0,1,0,0,0,0,0,0,1,0,0,0,0,0,1,0,0]] 2>&1 | sed ""s/^/% /"" ; cat -u /app/model.mzn 2>/dev/null ; rm -f /app/model.mzn'
	in container ARNOLD_MPMMine-P002M001_92269:
	exit code: 255
	error: exec /usr/bin/bash: argument list too long
, Failed to run:
	bash -c 'python /app/code/run.py --var carQuantities optionsRequired n_classes blockSize maxCars n_cars setup slot n_options --input_var carQuantities optionsRequired n_classes n_options blockSize maxCars n_cars --example n_cars=100 n...,1,0,0,0,0,0,0,1,0,0,0,0,1,0,0,0,0,0,1,0,0,0,0,0,1,0,0]] 2>&1 | sed ""s/^/% /"" ; cat -u /app/model.mzn 2>/dev/null ; rm -f /app/model.mzn'
	in container ARNOLD_MPMMine-P002M001_92269:
	exit code: 255
	error: exec /usr/bin/bash: argument list too long
, Failed to run:
	bash -c 'python /app/code/run.py --var carQuantities optionsRequired n_classes blockSize maxCars n_cars setup slot n_options --input_var carQuantities optionsRequired n_classes n_options blockSize maxCars n_cars --example n_cars=100 n...,1,0,0,0,0,0,0,1,0,0,0,0,0,1,0,0,0,0,0,0,1,0,0,0,0,0,1]] 2>&1 | sed ""s/^/% /"" ; cat -u /app/model.mzn 2>/dev/null ; rm -f /app/model.mzn'
	in container ARNOLD_MPMMine-P002M001_92269:
	exit code: 255
	error: exec /usr/bin/bash: argument list too long
, Failed to run:
	bash -c 'python /app/code/run.py --var carQuantities optionsRequired n_classes blockSize maxCars n_cars setup slot n_options --input_var carQuantities optionsRequired n_classes n_options blockSize maxCars n_cars --example n_cars=100 n...,1,0,0,0,0,0,1,0,0,0,0,0,0,1,0,0,0,0,1,0,0,0,0,1,0,0,0]] 2>&1 | sed ""s/^/% /"" ; cat -u /app/model.mzn 2>/dev/null ; rm -f /app/model.mzn'
	in container ARNOLD_MPMMine-P002M001_92269:
	exit code: 255
	error: exec /usr/bin/bash: argument list too long
, Failed to run:
	bash -c 'python /app/code/run.py --var carQuantities optionsRequired n_classes blockSize maxCars n_cars setup slot n_options --input_var carQuantities optionsRequired n_classes n_options blockSize maxCars n_cars --example n_cars=100 n...,0,0,1,0,0,0,0,1,0,0,0,0,1,0,0,0,0,0,0,0,1,0,0,0,0,1,0]] 2>&1 | sed ""s/^/% /"" ; cat -u /app/model.mzn 2>/dev/null ; rm -f /app/model.mzn'
	in container ARNOLD_MPMMine-P002M001_92269:
	exit code: 255
	error: exec /usr/bin/bash: argument list too long
",0.0,0.0,,634274.7637794248,1.7739700482522665,0.0,0.0,MPMMine-P002M001I001,ARNOLD/problems/P002/models/M001/instances/I001/100
ARNOLD,MPMMine-P002,MPMMine-P002M001,MPMMine-P002M001I002,2,2,0,5,0.6459591836734694,0.22159967943280837,200.0,0.0,1000,0.0,0.0,,0.10200000000000001,0.26219934723490407,", Timeout while verifying an example",13.862335450039245,1.1790971926154383,619014.2408366408,166809.9193019196,MPMMine-P002M001I002,ARNOLD/problems/P002/models/M001/instances/I002/2
ARNOLD,MPMMine-P002,MPMMine-P002M001,MPMMine-P002M001I002,10,10,0,5,0.648,0.22683108928614976,200.0,0.0,1000,0.0,0.0,,0.119,0.3058992384407214,", Timeout while verifying an example",60.499574916413984,5.270196849659742,630544.2923483625,197146.5175483251,MPMMine-P002M001I002,ARNOLD/problems/P002/models/M001/instances/I002/10
ARNOLD,MPMMine-P002,MPMMine-P002M001,MPMMine-P002M001I002,30,30,0,5,0.648,0.22683108928614976,200.0,0.0,1000,0.0,0.0,,0.16,0.41129309370181033,", Timeout while verifying an example",175.23844590801747,9.774560127427904,658360.0675816741,271859.141338633,MPMMine-P002M001I002,ARNOLD/problems/P002/models/M001/instances/I002/30
ARNOLD,MPMMine-P002,MPMMine-P002M001,MPMMine-P002M001I002,50,50,0,5,0.648,0.22683108928614976,200.0,0.0,1000,0.0,0.0,,0.192,0.4935517124421724,", Timeout while verifying an example",352.1796270830324,111.49476109616143,677941.1753783282,326782.238213136,MPMMine-P002M001I002,ARNOLD/problems/P002/models/M001/instances/I002/50
ARNOLD,MPMMine-P002,MPMMine-P002M001,MPMMine-P002M001I002,75,75,0,5,0.590312629399586,0.06286308846670301,200.0,0.0,1000,0.0,0.0,,0.227,0.4683752474629482,", Timeout while verifying an example",551.9652639250504,221.02582558764706,704777.4970399635,309803.8288290309,MPMMine-P002M001I002,ARNOLD/problems/P002/models/M001/instances/I002/75
ARNOLD,MPMMine-P002,MPMMine-P002M001,MPMMine-P002M001I002,100,100,0,5,,,200.0,0.0,1000,1.0,0.0,"Failed to run:
	bash -c 'python /app/code/run.py --var optionsRequired carQuantities n_cars maxCars n_classes slot setup blockSize n_options --input_var optionsRequired carQuantities n_cars maxCars blockSize n_options n_classes --example n_cars=100 n...,0,0,0,0,0,1,0,0,0,0,0,1,0,0,0,0,0,1,0,0,0,0,0,0,1,0,0]] 2>&1 | sed ""s/^/% /"" ; cat -u /app/model.mzn 2>/dev/null ; rm -f /app/model.mzn'
	in container ARNOLD_MPMMine-P002M001_92279:
	exit code: 255
	error: exec /usr/bin/bash: argument list too long
, Failed to run:
	bash -c 'python /app/code/run.py --var optionsRequired carQuantities n_cars maxCars n_classes slot setup blockSize n_options --input_var optionsRequired carQuantities n_cars maxCars blockSize n_options n_classes --example n_cars=100 n...,0,0,1,0,0,0,0,0,1,0,0,0,0,1,0,0,0,0,1,0,0,0,0,1,0,0,0]] 2>&1 | sed ""s/^/% /"" ; cat -u /app/model.mzn 2>/dev/null ; rm -f /app/model.mzn'
	in container ARNOLD_MPMMine-P002M001_92279:
	exit code: 255
	error: exec /usr/bin/bash: argument list too long
, Failed to run:
	bash -c 'python /app/code/run.py --var optionsRequired carQuantities n_cars maxCars n_classes slot setup blockSize n_options --input_var optionsRequired carQuantities n_cars maxCars blockSize n_options n_classes --example n_cars=100 n...,0,0,0,1,0,0,0,0,1,0,0,0,0,1,0,0,0,0,0,0,1,0,0,0,0,0,1]] 2>&1 | sed ""s/^/% /"" ; cat -u /app/model.mzn 2>/dev/null ; rm -f /app/model.mzn'
	in container ARNOLD_MPMMine-P002M001_92279:
	exit code: 255
	error: exec /usr/bin/bash: argument list too long
, Failed to run:
	bash -c 'python /app/code/run.py --var optionsRequired carQuantities n_cars maxCars n_classes slot setup blockSize n_options --input_var optionsRequired carQuantities n_cars maxCars blockSize n_options n_classes --example n_cars=100 n...,0,0,0,0,0,0,1,0,0,0,0,0,0,1,0,0,0,0,0,0,1,0,0,0,0,0,1]] 2>&1 | sed ""s/^/% /"" ; cat -u /app/model.mzn 2>/dev/null ; rm -f /app/model.mzn'
	in container ARNOLD_MPMMine-P002M001_92279:
	exit code: 255
	error: exec /usr/bin/bash: argument list too long
, Failed to run:
	bash -c 'python /app/code/run.py --var optionsRequired carQuantities n_cars maxCars n_classes slot setup blockSize n_options --input_var optionsRequired carQuantities n_cars maxCars blockSize n_options n_classes --example n_cars=100 n...,0,0,1,0,0,0,0,1,0,0,0,0,1,0,0,0,0,1,0,0,0,0,0,0,1,0,0]] 2>&1 | sed ""s/^/% /"" ; cat -u /app/model.mzn 2>/dev/null ; rm -f /app/model.mzn'
	in container ARNOLD_MPMMine-P002M001_92279:
	exit code: 255
	error: exec /usr/bin/bash: argument list too long
",0.0,0.0,,634311.6791871832,1.8550920063497272,0.0,0.0,MPMMine-P002M001I002,ARNOLD/problems/P002/models/M001/instances/I002/100
ARNOLD,MPMMine-P002,MPMMine-P002M001,MPMMine-P002M001I006,2,2,0,5,0.7056666666666667,0.21753377390180195,200.0,0.0,1000,0.0,0.0,,0.233,0.4556097969182813,", Timeout while verifying an example",19.093376024765895,8.552336919520764,781234.9764366448,232578.50727479206,MPMMine-P002M001I006,ARNOLD/problems/P002/models/M001/instances/I006/2
ARNOLD,MPMMine-P002,MPMMine-P002M001,MPMMine-P002M001I006,10,10,0,5,0.719463768115942,0.22929259618645959,200.0,0.0,1000,0.0,0.0,,0.24500000000000002,0.45739023626160685,", Timeout while verifying an example",85.36342918362934,35.6622371456101,788574.0728950407,232333.74213719156,MPMMine-P002M001I006,ARNOLD/problems/P002/models/M001/instances/I006/10
ARNOLD,MPMMine-P002,MPMMine-P002M001,MPMMine-P002M001I006,30,30,0,5,0.747,0.26567308376200344,200.0,0.0,1000,0.0,0.0,,0.278,0.47274600428465635,", Timeout while verifying an example",249.38878176659347,108.31593910874437,806491.9257582817,237662.78168565934,MPMMine-P002M001I006,ARNOLD/problems/P002/models/M001/instances/I006/30
ARNOLD,MPMMine-P002,MPMMine-P002M001,MPMMine-P002M001I006,50,50,0,5,0.747,0.26567308376200344,200.0,0.0,1000,0.0,0.0,,0.316,0.5077045548817813,", Timeout while verifying an example",425.97704803340605,175.54681475924832,826986.6659999592,256876.76742079703,MPMMine-P002M001I006,ARNOLD/problems/P002/models/M001/instances/I006/50
ARNOLD,MPMMine-P002,MPMMine-P002M001,MPMMine-P002M001I006,75,75,0,5,,,200.0,0.0,1000,1.0,0.0,"Failed to run:
	bash -c 'python /app/code/run.py --var carQuantities optionsRequired n_cars setup n_classes blockSize n_options maxCars slot --input_var n_classes optionsRequired blockSize carQuantities n_options n_cars maxCars --example n_cars=100 n...,1,0,0,0,0,1,0,0,0,0,1,0,0,0,0,0,1,0,0,0,0,1,0,0,0,0,1]] 2>&1 | sed ""s/^/% /"" ; cat -u /app/model.mzn 2>/dev/null ; rm -f /app/model.mzn'
	in container ARNOLD_MPMMine-P002M001_92271:
	exit code: 255
	error: exec /usr/bin/bash: argument list too long
, Failed to run:
	bash -c 'python /app/code/run.py --var carQuantities optionsRequired n_cars setup n_classes blockSize n_options maxCars slot --input_var n_classes optionsRequired blockSize carQuantities n_options n_cars maxCars --example n_cars=100 n...,1,0,0,0,0,1,0,0,0,0,0,1,0,0,0,0,1,0,0,0,0,1,0,0,0,0,1]] 2>&1 | sed ""s/^/% /"" ; cat -u /app/model.mzn 2>/dev/null ; rm -f /app/model.mzn'
	in container ARNOLD_MPMMine-P002M001_92271:
	exit code: 255
	error: exec /usr/bin/bash: argument list too long
, Failed to run:
	bash -c 'python /app/code/run.py --var carQuantities optionsRequired n_cars setup n_classes blockSize n_options maxCars slot --input_var n_classes optionsRequired blockSize carQuantities n_options n_cars maxCars --example n_cars=100 n...,0,0,1,0,0,0,0,1,0,0,0,0,1,0,0,0,0,0,0,1,0,0,0,0,0,0,1]] 2>&1 | sed ""s/^/% /"" ; cat -u /app/model.mzn 2>/dev/null ; rm -f /app/model.mzn'
	in container ARNOLD_MPMMine-P002M001_92271:
	exit code: 255
	error: exec /usr/bin/bash: argument list too long
, Failed to run:
	bash -c 'python /app/code/run.py --var carQuantities optionsRequired n_cars setup n_classes blockSize n_options maxCars slot --input_var n_classes optionsRequired blockSize carQuantities n_options n_cars maxCars --example n_cars=100 n...,1,0,0,0,0,0,1,0,0,0,0,1,0,0,0,0,1,0,0,0,0,1,0,0,0,0,1]] 2>&1 | sed ""s/^/% /"" ; cat -u /app/model.mzn 2>/dev/null ; rm -f /app/model.mzn'
	in container ARNOLD_MPMMine-P002M001_92271:
	exit code: 255
	error: exec /usr/bin/bash: argument list too long
",0.0,0.0,,634407.6756897081,1.5407752926216727,0.0,0.0,MPMMine-P002M001I006,ARNOLD/problems/P002/models/M001/instances/I006/75
ARNOLD,MPMMine-P002,MPMMine-P002M001,MPMMine-P002M001I006,100,100,0,5,,,200.0,0.0,1000,1.0,0.0,"Failed to run:
	bash -c 'python /app/code/run.py --var carQuantities optionsRequired n_cars setup n_classes blockSize n_options maxCars slot --input_var n_classes optionsRequired blockSize carQuantities n_options n_cars maxCars --example n_cars=100 n...,0,0,1,0,0,0,0,1,0,0,0,0,1,0,0,0,0,0,1,0,0,0,0,0,0,0,1]] 2>&1 | sed ""s/^/% /"" ; cat -u /app/model.mzn 2>/dev/null ; rm -f /app/model.mzn'
	in container ARNOLD_MPMMine-P002M001_92271:
	exit code: 255
	error: exec /usr/bin/bash: argument list too long
, Failed to run:
	bash -c 'python /app/code/run.py --var carQuantities optionsRequired n_cars setup n_classes blockSize n_options maxCars slot --input_var n_classes optionsRequired blockSize carQuantities n_options n_cars maxCars --example n_cars=100 n...,0,1,0,0,0,0,1,0,0,0,0,1,0,0,0,0,1,0,0,0,0,1,0,0,0,0,1]] 2>&1 | sed ""s/^/% /"" ; cat -u /app/model.mzn 2>/dev/null ; rm -f /app/model.mzn'
	in container ARNOLD_MPMMine-P002M001_92271:
	exit code: 255
	error: exec /usr/bin/bash: argument list too long
, Failed to run:
	bash -c 'python /app/code/run.py --var carQuantities optionsRequired n_cars setup n_classes blockSize n_options maxCars slot --input_var n_classes optionsRequired blockSize carQuantities n_options n_cars maxCars --example n_cars=100 n...,0,0,1,0,0,0,0,1,0,0,0,0,0,0,0,1,0,0,0,0,0,1,0,0,0,0,1]] 2>&1 | sed ""s/^/% /"" ; cat -u /app/model.mzn 2>/dev/null ; rm -f /app/model.mzn'
	in container ARNOLD_MPMMine-P002M001_92271:
	exit code: 255
	error: exec /usr/bin/bash: argument list too long
, Failed to run:
	bash -c 'python /app/code/run.py --var carQuantities optionsRequired n_cars setup n_classes blockSize n_options maxCars slot --input_var n_classes optionsRequired blockSize carQuantities n_options n_cars maxCars --example n_cars=100 n...,0,0,0,1,0,0,0,0,0,1,0,0,0,0,1,0,0,0,0,1,0,0,0,0,0,0,1]] 2>&1 | sed ""s/^/% /"" ; cat -u /app/model.mzn 2>/dev/null ; rm -f /app/model.mzn'
	in container ARNOLD_MPMMine-P002M001_92271:
	exit code: 255
	error: exec /usr/bin/bash: argument list too long
, Failed to run:
	bash -c 'python /app/code/run.py --var carQuantities optionsRequired n_cars setup n_classes blockSize n_options maxCars slot --input_var n_classes optionsRequired blockSize carQuantities n_options n_cars maxCars --example n_cars=100 n...,1,0,0,0,0,1,0,0,0,0,1,0,0,0,0,0,1,0,0,0,0,1,0,0,0,0,1]] 2>&1 | sed ""s/^/% /"" ; cat -u /app/model.mzn 2>/dev/null ; rm -f /app/model.mzn'
	in container ARNOLD_MPMMine-P002M001_92271:
	exit code: 255
	error: exec /usr/bin/bash: argument list too long
",0.0,0.0,,634414.8885817332,2.1679535059491033,0.0,0.0,MPMMine-P002M001I006,ARNOLD/problems/P002/models/M001/instances/I006/100
ARNOLD,MPMMine-P002,MPMMine-P002M001,MPMMine-P002M001I009,2,2,0,5,0.553,0.01655981507773224,200.0,0.0,1000,0.0,0.0,,0.0,0.0,,12.30197003299836,0.7679849519595134,481029.26473671105,43813.65090496493,MPMMine-P002M001I009,ARNOLD/problems/P002/models/M001/instances/I009/2
ARNOLD,MPMMine-P002,MPMMine-P002M001,MPMMine-P002M001I009,10,10,0,5,0.553,0.01655981507773224,200.0,0.0,1000,0.0,0.0,,0.0,0.0,,54.6134102415992,3.7105643006980022,485331.84927667957,37845.3391348491,MPMMine-P002M001I009,ARNOLD/problems/P002/models/M001/instances/I009/10
ARNOLD,MPMMine-P002,MPMMine-P002M001,MPMMine-P002M001I009,30,30,0,5,0.553,0.01655981507773224,200.0,0.0,1000,0.0,0.0,,0.0,0.0,,279.4884952502325,80.10370856964653,985565.8252717182,130506.44140021861,MPMMine-P002M001I009,ARNOLD/problems/P002/models/M001/instances/I009/30
ARNOLD,MPMMine-P002,MPMMine-P002M001,MPMMine-P002M001I009,50,50,0,5,0.5557948717948717,0.0158735918091017,200.0,0.0,1000,0.0,0.0,,0.005,0.012852909178181573,", Timeout while verifying an example",473.51138473341706,135.7970535929584,969420.1853566803,152850.51374267918,MPMMine-P002M001I009,ARNOLD/problems/P002/models/M001/instances/I009/50
ARNOLD,MPMMine-P002,MPMMine-P002M001,MPMMine-P002M001I009,75,75,0,5,0.5506666666666666,0.019284123516454157,200.0,0.0,1000,0.0,0.0,,0.005,0.012852909178181573,", Timeout while verifying an example",765.0480180751765,157.9443396441012,934895.0415015966,309792.6800267494,MPMMine-P002M001I009,ARNOLD/problems/P002/models/M001/instances/I009/75
ARNOLD,MPMMine-P002,MPMMine-P002M001,MPMMine-P002M001I009,100,100,0,5,,,200.0,0.0,1000,1.0,0.0,"Failed to run:
	bash -c 'python /app/code/run.py --var carQuantities optionsRequired n_cars setup n_classes blockSize n_options maxCars slot --input_var n_classes optionsRequired blockSize carQuantities n_options n_cars maxCars --example n_cars=100 n...,0,0,0,0,1,0,0,0,0,0,1,0,0,0,0,1,0,0,0,0,0,1,0,0,0,0,1]] 2>&1 | sed ""s/^/% /"" ; cat -u /app/model.mzn 2>/dev/null ; rm -f /app/model.mzn'
	in container ARNOLD_MPMMine-P002M001_92271:
	exit code: 255
	error: exec /usr/bin/bash: argument list too long
, Failed to run:
	bash -c 'python /app/code/run.py --var carQuantities optionsRequired n_cars setup n_classes blockSize n_options maxCars slot --input_var n_classes optionsRequired blockSize carQuantities n_options n_cars maxCars --example n_cars=100 n...,0,0,0,1,0,0,0,0,1,0,0,0,0,1,0,0,0,0,0,0,1,0,0,0,0,0,1]] 2>&1 | sed ""s/^/% /"" ; cat -u /app/model.mzn 2>/dev/null ; rm -f /app/model.mzn'
	in container ARNOLD_MPMMine-P002M001_92271:
	exit code: 255
	error: exec /usr/bin/bash: argument list too long
, Failed to run:
	bash -c 'python /app/code/run.py --var carQuantities optionsRequired n_cars setup n_classes blockSize n_options maxCars slot --input_var n_classes optionsRequired blockSize carQuantities n_options n_cars maxCars --example n_cars=100 n...,0,0,0,1,0,0,0,0,1,0,0,0,0,0,1,0,0,0,0,1,0,0,0,0,1,0,0]] 2>&1 | sed ""s/^/% /"" ; cat -u /app/model.mzn 2>/dev/null ; rm -f /app/model.mzn'
	in container ARNOLD_MPMMine-P002M001_92271:
	exit code: 255
	error: exec /usr/bin/bash: argument list too long
, Failed to run:
	bash -c 'python /app/code/run.py --var carQuantities optionsRequired n_cars setup n_classes blockSize n_options maxCars slot --input_var n_classes optionsRequired blockSize carQuantities n_options n_cars maxCars --example n_cars=100 n...,1,0,0,0,0,0,1,0,0,0,0,1,0,0,0,0,1,0,0,0,0,1,0,0,0,0,1]] 2>&1 | sed ""s/^/% /"" ; cat -u /app/model.mzn 2>/dev/null ; rm -f /app/model.mzn'
	in container ARNOLD_MPMMine-P002M001_92271:
	exit code: 255
	error: exec /usr/bin/bash: argument list too long
, Failed to run:
	bash -c 'python /app/code/run.py --var carQuantities optionsRequired n_cars setup n_classes blockSize n_options maxCars slot --input_var n_classes optionsRequired blockSize carQuantities n_options n_cars maxCars --example n_cars=100 n...,0,0,0,1,0,0,0,0,0,1,0,0,0,0,1,0,0,0,0,0,0,1,0,0,0,0,1]] 2>&1 | sed ""s/^/% /"" ; cat -u /app/model.mzn 2>/dev/null ; rm -f /app/model.mzn'
	in container ARNOLD_MPMMine-P002M001_92271:
	exit code: 255
	error: exec /usr/bin/bash: argument list too long
",0.0,0.0,,646514.8105587162,2.0199658000700245,0.0,0.0,MPMMine-P002M001I009,ARNOLD/problems/P002/models/M001/instances/I009/100
ARNOLD,MPMMine-P002,MPMMine-P002M001,MPMMine-P002M001I010,2,2,0,5,0.8842767295597485,0.29747613695413955,200.0,0.0,1000,0.0,0.0,,0.807,0.3877362911673501,Timeout while verifying an example,26.171650541597046,7.646298270681471,1078311.0840700474,257535.38514985485,MPMMine-P002M001I010,ARNOLD/problems/P002/models/M001/instances/I010/2
ARNOLD,MPMMine-P002,MPMMine-P002M001,MPMMine-P002M001I010,10,10,0,5,0.9026178010471204,0.250328911742594,200.0,0.0,1000,0.0,0.0,,0.7819999999999999,0.4737408669630065,Timeout while verifying an example,127.71394624176901,3.120730936023516,1062141.083611683,312232.78596956027,MPMMine-P002M001I010,ARNOLD/problems/P002/models/M001/instances/I010/10
ARNOLD,MPMMine-P002,MPMMine-P002M001,MPMMine-P002M001I010,30,30,0,5,0.726850984067479,0.46069930779211177,200.0,0.0,1000,0.0,0.0,,0.74,0.465392464905226,Timeout while verifying an example,333.4266564414138,99.316344733581,1036418.7929466413,301485.52712882555,MPMMine-P002M001I010,ARNOLD/problems/P002/models/M001/instances/I010/30
ARNOLD,MPMMine-P002,MPMMine-P002M001,MPMMine-P002M001I010,50,50,0,5,0.7634516129032258,0.3862733482624544,200.0,0.0,1000,0.0,0.0,,0.654,0.5109156692446326,"Timeout while verifying an example, ",582.4846708084224,155.97111333424402,981691.4690649975,327944.19727113086,MPMMine-P002M001I010,ARNOLD/problems/P002/models/M001/instances/I010/50
ARNOLD,MPMMine-P002,MPMMine-P002M001,MPMMine-P002M001I010,75,75,0,5,0.8085544041450777,0.3015678728077133,200.0,0.0,1000,0.0,0.0,,0.585,0.5957846787052437,"Timeout while verifying an example, ",881.6857310917927,245.11757016393335,934471.4620783227,385519.9688888718,MPMMine-P002M001I010,ARNOLD/problems/P002/models/M001/instances/I010/75
ARNOLD,MPMMine-P002,MPMMine-P002M001,MPMMine-P002M001I010,100,100,0,5,,,200.0,0.0,1000,1.0,0.0,"Failed to run:
	bash -c 'python /app/code/run.py --var optionsRequired n_cars n_options blockSize carQuantities maxCars slot setup n_classes --input_var carQuantities n_classes maxCars optionsRequired n_cars n_options blockSize --example n_cars=100 n...,0,0,0,0,0,0,1,0,0,0,0,1,0,0,0,0,0,0,1,0,0,0,0,1,0,0,0]] 2>&1 | sed ""s/^/% /"" ; cat -u /app/model.mzn 2>/dev/null ; rm -f /app/model.mzn'
	in container ARNOLD_MPMMine-P002M001_92276:
	exit code: 255
	error: exec /usr/bin/bash: argument list too long
, Failed to run:
	bash -c 'python /app/code/run.py --var optionsRequired n_cars n_options blockSize carQuantities maxCars slot setup n_classes --input_var carQuantities n_classes maxCars optionsRequired n_cars n_options blockSize --example n_cars=100 n...,1,0,0,0,0,0,0,0,0,0,1,0,0,0,0,1,0,0,0,0,1,0,0,0,0,0,0]] 2>&1 | sed ""s/^/% /"" ; cat -u /app/model.mzn 2>/dev/null ; rm -f /app/model.mzn'
	in container ARNOLD_MPMMine-P002M001_92276:
	exit code: 255
	error: exec /usr/bin/bash: argument list too long
, Failed to run:
	bash -c 'python /app/code/run.py --var optionsRequired n_cars n_options blockSize carQuantities maxCars slot setup n_classes --input_var carQuantities n_classes maxCars optionsRequired n_cars n_options blockSize --example n_cars=100 n...,1,0,0,0,0,0,1,0,0,0,0,0,0,0,0,1,0,0,0,0,1,0,0,0,0,1,0]] 2>&1 | sed ""s/^/% /"" ; cat -u /app/model.mzn 2>/dev/null ; rm -f /app/model.mzn'
	in container ARNOLD_MPMMine-P002M001_92276:
	exit code: 255
	error: exec /usr/bin/bash: argument list too long
, Failed to run:
	bash -c 'python /app/code/run.py --var optionsRequired n_cars n_options blockSize carQuantities maxCars slot setup n_classes --input_var carQuantities n_classes maxCars optionsRequired n_cars n_options blockSize --example n_cars=100 n...,0,0,1,0,0,0,0,0,1,0,0,0,0,1,0,0,0,0,0,1,0,0,0,0,0,0,1]] 2>&1 | sed ""s/^/% /"" ; cat -u /app/model.mzn 2>/dev/null ; rm -f /app/model.mzn'
	in container ARNOLD_MPMMine-P002M001_92276:
	exit code: 255
	error: exec /usr/bin/bash: argument list too long
, Failed to run:
	bash -c 'python /app/code/run.py --var optionsRequired n_cars n_options blockSize carQuantities maxCars slot setup n_classes --input_var carQuantities n_classes maxCars optionsRequired n_cars n_options blockSize --example n_cars=100 n...,1,0,0,0,0,0,0,0,0,1,0,0,0,0,1,0,0,0,0,0,1,0,0,0,0,1,0]] 2>&1 | sed ""s/^/% /"" ; cat -u /app/model.mzn 2>/dev/null ; rm -f /app/model.mzn'
	in container ARNOLD_MPMMine-P002M001_92276:
	exit code: 255
	error: exec /usr/bin/bash: argument list too long
",0.0,0.0,,650368.2617317414,6.611531883168824,0.0,0.0,MPMMine-P002M001I010,ARNOLD/problems/P002/models/M001/instances/I010/100
ARNOLD,MPMMine-P002,MPMMine-P002M001,MPMMine-P002M001I011,2,2,0,5,1.0,0.0,200.0,0.0,1000,0.0,0.0,,0.9099999999999999,0.02570581835636317,Timeout while verifying an example,50.53912152519915,16.0241684803708,1113766.666144994,29565.72094117431,MPMMine-P002M001I011,ARNOLD/problems/P002/models/M001/instances/I011/2
ARNOLD,MPMMine-P002,MPMMine-P002M001,MPMMine-P002M001I011,10,10,0,5,1.0,0.0,200.0,0.0,1000,0.0,0.0,,0.9099999999999999,0.02570581835636317,Timeout while verifying an example,223.71922836659942,69.3717913314447,1112042.9546599556,28861.76607130502,MPMMine-P002M001I011,ARNOLD/problems/P002/models/M001/instances/I011/10
ARNOLD,MPMMine-P002,MPMMine-P002M001,MPMMine-P002M001I011,30,30,0,5,1.0,0.0,200.0,0.0,1000,0.0,0.0,,0.9099999999999999,0.02570581835636317,Timeout while verifying an example,622.9984286416322,194.37358196117688,1110155.0993966358,26183.92662305778,MPMMine-P002M001I011,ARNOLD/problems/P002/models/M001/instances/I011/30
ARNOLD,MPMMine-P002,MPMMine-P002M001,MPMMine-P002M001I011,50,50,0,5,,,200.0,0.0,1000,1.0,0.0,"Failed to run:
	bash -c 'python /app/code/run.py --var n_classes optionsRequired n_options blockSize maxCars slot n_cars carQuantities setup --input_var n_cars carQuantities n_classes optionsRequired n_options maxCars blockSize --example n_cars=200 n...,0,0,0,0,0,0,0,0,0,1,0,0,0,0,0,0,0,0,1,0,0,0,0,0,0,0,0]] 2>&1 | sed ""s/^/% /"" ; cat -u /app/model.mzn 2>/dev/null ; rm -f /app/model.mzn'
	in container ARNOLD_MPMMine-P002M001_92270:
	exit code: 255
	error: exec /usr/bin/bash: argument list too long
, Failed to run:
	bash -c 'python /app/code/run.py --var n_classes optionsRequired n_options blockSize maxCars slot n_cars carQuantities setup --input_var n_cars carQuantities n_classes optionsRequired n_options maxCars blockSize --example n_cars=200 n...,0,1,0,0,0,0,0,1,0,0,0,0,0,0,0,1,0,0,0,0,0,0,0,0,0,0,1]] 2>&1 | sed ""s/^/% /"" ; cat -u /app/model.mzn 2>/dev/null ; rm -f /app/model.mzn'
	in container ARNOLD_MPMMine-P002M001_92270:
	exit code: 255
	error: exec /usr/bin/bash: argument list too long
, Failed to run:
	bash -c 'python /app/code/run.py --var n_classes optionsRequired n_options blockSize maxCars slot n_cars carQuantities setup --input_var n_cars carQuantities n_classes optionsRequired n_options maxCars blockSize --example n_cars=200 n...,0,0,0,1,0,0,0,0,0,1,0,0,0,0,0,0,0,0,0,0,0,0,0,1,0,0,0]] 2>&1 | sed ""s/^/% /"" ; cat -u /app/model.mzn 2>/dev/null ; rm -f /app/model.mzn'
	in container ARNOLD_MPMMine-P002M001_92270:
	exit code: 255
	error: exec /usr/bin/bash: argument list too long
, Failed to run:
	bash -c 'python /app/code/run.py --var n_classes optionsRequired n_options blockSize maxCars slot n_cars carQuantities setup --input_var n_cars carQuantities n_classes optionsRequired n_options maxCars blockSize --example n_cars=200 n...,0,0,0,0,0,0,0,1,0,0,0,0,0,0,0,1,0,0,0,0,0,0,0,0,0,1,0]] 2>&1 | sed ""s/^/% /"" ; cat -u /app/model.mzn 2>/dev/null ; rm -f /app/model.mzn'
	in container ARNOLD_MPMMine-P002M001_92270:
	exit code: 255
	error: exec /usr/bin/bash: argument list too long
, Failed to run:
	bash -c 'python /app/code/run.py --var n_classes optionsRequired n_options blockSize maxCars slot n_cars carQuantities setup --input_var n_cars carQuantities n_classes optionsRequired n_options maxCars blockSize --example n_cars=200 n...,0,0,0,0,0,1,0,0,0,0,0,0,0,0,0,0,0,0,0,0,0,1,0,0,0,0,0]] 2>&1 | sed ""s/^/% /"" ; cat -u /app/model.mzn 2>/dev/null ; rm -f /app/model.mzn'
	in container ARNOLD_MPMMine-P002M001_92270:
	exit code: 255
	error: exec /usr/bin/bash: argument list too long
",0.0,0.0,,653961.9578542163,13.835913840416918,0.0,0.0,MPMMine-P002M001I011,ARNOLD/problems/P002/models/M001/instances/I011/50
ARNOLD,MPMMine-P002,MPMMine-P002M001,MPMMine-P002M001I011,75,75,0,5,,,200.0,0.0,1000,1.0,0.0,"Failed to run:
	bash -c 'python /app/code/run.py --var n_classes optionsRequired n_options blockSize maxCars slot n_cars carQuantities setup --input_var n_cars carQuantities n_classes optionsRequired n_options maxCars blockSize --example n_cars=200 n...,0,0,1,0,0,0,0,0,0,0,1,0,0,0,0,0,0,0,0,1,0,0,0,0,0,1,0]] 2>&1 | sed ""s/^/% /"" ; cat -u /app/model.mzn 2>/dev/null ; rm -f /app/model.mzn'
	in container ARNOLD_MPMMine-P002M001_92270:
	exit code: 255
	error: exec /usr/bin/bash: argument list too long
, Failed to run:
	bash -c 'python /app/code/run.py --var n_classes optionsRequired n_options blockSize maxCars slot n_cars carQuantities setup --input_var n_cars carQuantities n_classes optionsRequired n_options maxCars blockSize --example n_cars=200 n...,0,0,0,0,1,0,0,0,0,0,0,0,0,0,1,0,0,0,0,0,0,1,0,0,0,0,1]] 2>&1 | sed ""s/^/% /"" ; cat -u /app/model.mzn 2>/dev/null ; rm -f /app/model.mzn'
	in container ARNOLD_MPMMine-P002M001_92270:
	exit code: 255
	error: exec /usr/bin/bash: argument list too long
, Failed to run:
	bash -c 'python /app/code/run.py --var n_classes optionsRequired n_options blockSize maxCars slot n_cars carQuantities setup --input_var n_cars carQuantities n_classes optionsRequired n_options maxCars blockSize --example n_cars=200 n...,0,0,0,0,0,0,0,0,0,0,0,0,0,0,0,1,0,0,0,0,0,0,0,0,0,0,0]] 2>&1 | sed ""s/^/% /"" ; cat -u /app/model.mzn 2>/dev/null ; rm -f /app/model.mzn'
	in container ARNOLD_MPMMine-P002M001_92270:
	exit code: 255
	error: exec /usr/bin/bash: argument list too long
, Failed to run:
	bash -c 'python /app/code/run.py --var n_classes optionsRequired n_options blockSize maxCars slot n_cars carQuantities setup --input_var n_cars carQuantities n_classes optionsRequired n_options maxCars blockSize --example n_cars=200 n...,0,0,0,0,0,0,0,1,0,0,0,0,0,1,0,0,0,0,0,0,0,0,0,0,0,1,0]] 2>&1 | sed ""s/^/% /"" ; cat -u /app/model.mzn 2>/dev/null ; rm -f /app/model.mzn'
	in container ARNOLD_MPMMine-P002M001_92270:
	exit code: 255
	error: exec /usr/bin/bash: argument list too long
, Failed to run:
	bash -c 'python /app/code/run.py --var n_classes optionsRequired n_options blockSize maxCars slot n_cars carQuantities setup --input_var n_cars carQuantities n_classes optionsRequired n_options maxCars blockSize --example n_cars=200 n...,0,0,1,0,0,0,0,1,0,0,0,0,0,1,0,0,0,0,0,0,0,0,0,0,0,0,0]] 2>&1 | sed ""s/^/% /"" ; cat -u /app/model.mzn 2>/dev/null ; rm -f /app/model.mzn'
	in container ARNOLD_MPMMine-P002M001_92270:
	exit code: 255
	error: exec /usr/bin/bash: argument list too long
",0.0,0.0,,654024.2205203247,35.92705992119825,0.0,0.0,MPMMine-P002M001I011,ARNOLD/problems/P002/models/M001/instances/I011/75
ARNOLD,MPMMine-P002,MPMMine-P002M001,MPMMine-P002M001I011,100,100,0,5,,,200.0,0.0,1000,1.0,0.0,"Failed to run:
	bash -c 'python /app/code/run.py --var n_classes optionsRequired n_options blockSize maxCars slot n_cars carQuantities setup --input_var n_cars carQuantities n_classes optionsRequired n_options maxCars blockSize --example n_cars=200 n...,0,0,1,0,0,0,0,0,1,0,0,0,0,0,0,0,0,0,0,1,0,0,0,0,0,0,0]] 2>&1 | sed ""s/^/% /"" ; cat -u /app/model.mzn 2>/dev/null ; rm -f /app/model.mzn'
	in container ARNOLD_MPMMine-P002M001_92270:
	exit code: 255
	error: exec /usr/bin/bash: argument list too long
, Failed to run:
	bash -c 'python /app/code/run.py --var n_classes optionsRequired n_options blockSize maxCars slot n_cars carQuantities setup --input_var n_cars carQuantities n_classes optionsRequired n_options maxCars blockSize --example n_cars=200 n...,0,0,0,0,0,0,0,0,0,1,0,0,0,0,1,0,0,0,0,0,1,0,0,0,0,0,0]] 2>&1 | sed ""s/^/% /"" ; cat -u /app/model.mzn 2>/dev/null ; rm -f /app/model.mzn'
	in container ARNOLD_MPMMine-P002M001_92270:
	exit code: 255
	error: exec /usr/bin/bash: argument list too long
, Failed to run:
	bash -c 'python /app/code/run.py --var n_classes optionsRequired n_options blockSize maxCars slot n_cars carQuantities setup --input_var n_cars carQuantities n_classes optionsRequired n_options maxCars blockSize --example n_cars=200 n...,0,0,0,0,1,0,0,0,0,0,0,0,0,0,0,0,0,0,0,0,1,0,0,0,0,0,0]] 2>&1 | sed ""s/^/% /"" ; cat -u /app/model.mzn 2>/dev/null ; rm -f /app/model.mzn'
	in container ARNOLD_MPMMine-P002M001_92270:
	exit code: 255
	error: exec /usr/bin/bash: argument list too long
, Failed to run:
	bash -c 'python /app/code/run.py --var n_classes optionsRequired n_options blockSize maxCars slot n_cars carQuantities setup --input_var n_cars carQuantities n_classes optionsRequired n_options maxCars blockSize --example n_cars=200 n...,0,0,0,0,0,0,1,0,0,0,0,0,0,0,0,0,0,0,0,0,0,0,0,0,1,0,0]] 2>&1 | sed ""s/^/% /"" ; cat -u /app/model.mzn 2>/dev/null ; rm -f /app/model.mzn'
	in container ARNOLD_MPMMine-P002M001_92270:
	exit code: 255
	error: exec /usr/bin/bash: argument list too long
, Failed to run:
	bash -c 'python /app/code/run.py --var n_classes optionsRequired n_options blockSize maxCars slot n_cars carQuantities setup --input_var n_cars carQuantities n_classes optionsRequired n_options maxCars blockSize --example n_cars=200 n...,0,0,0,0,0,0,1,0,0,0,0,0,0,0,0,0,0,0,1,0,0,0,0,1,0,0,0]] 2>&1 | sed ""s/^/% /"" ; cat -u /app/model.mzn 2>/dev/null ; rm -f /app/model.mzn'
	in container ARNOLD_MPMMine-P002M001_92270:
	exit code: 255
	error: exec /usr/bin/bash: argument list too long
",0.0,0.0,,654091.6918678827,19.919959202776123,0.0,0.0,MPMMine-P002M001I011,ARNOLD/problems/P002/models/M001/instances/I011/100
ARNOLD,MPMMine-P002,MPMMine-P002M001,MPMMine-P002M001I012,2,2,0,5,1.0,0.0,200.0,0.0,1000,0.0,0.0,,0.917,0.025251959903389153,Timeout while verifying an example,33.56678619182203,13.549470608124135,1119501.3820900768,36724.3909398768,MPMMine-P002M001I012,ARNOLD/problems/P002/models/M001/instances/I012/2
ARNOLD,MPMMine-P002,MPMMine-P002M001,MPMMine-P002M001I012,10,10,0,5,1.0,0.0,200.0,0.0,1000,0.0,0.0,,0.917,0.025251959903389153,Timeout while verifying an example,162.4165927166352,49.360682318611495,1118381.990271681,36965.337972993344,MPMMine-P002M001I012,ARNOLD/problems/P002/models/M001/instances/I012/10
ARNOLD,MPMMine-P002,MPMMine-P002M001,MPMMine-P002M001I012,30,30,0,5,1.0,0.0,200.0,0.0,1000,0.0,0.0,,0.917,0.025251959903389153,Timeout while verifying an example,443.3609534332063,176.6473264950561,1117228.2975466782,37422.54746917366,MPMMine-P002M001I012,ARNOLD/problems/P002/models/M001/instances/I012/30
ARNOLD,MPMMine-P002,MPMMine-P002M001,MPMMine-P002M001I012,50,50,0,5,,,200.0,0.0,1000,1.0,0.0,"Failed to run:
	bash -c 'python /app/code/run.py --var setup n_cars slot n_classes n_options optionsRequired blockSize carQuantities maxCars --input_var n_classes optionsRequired blockSize n_cars carQuantities n_options maxCars --example n_cars=200 n...,0,0,0,1,0,0,0,0,1,0,0,0,0,0,0,0,1,0,0,0,0,1,0,0,0,0,1]] 2>&1 | sed ""s/^/% /"" ; cat -u /app/model.mzn 2>/dev/null ; rm -f /app/model.mzn'
	in container ARNOLD_MPMMine-P002M001_92275:
	exit code: 255
	error: exec /usr/bin/bash: argument list too long
, Failed to run:
	bash -c 'python /app/code/run.py --var setup n_cars slot n_classes n_options optionsRequired blockSize carQuantities maxCars --input_var n_classes optionsRequired blockSize n_cars carQuantities n_options maxCars --example n_cars=200 n...,0,0,0,0,1,0,0,0,0,0,1,0,0,0,0,1,0,0,0,0,1,0,0,0,0,1,0]] 2>&1 | sed ""s/^/% /"" ; cat -u /app/model.mzn 2>/dev/null ; rm -f /app/model.mzn'
	in container ARNOLD_MPMMine-P002M001_92275:
	exit code: 255
	error: exec /usr/bin/bash: argument list too long
, Failed to run:
	bash -c 'python /app/code/run.py --var setup n_cars slot n_classes n_options optionsRequired blockSize carQuantities maxCars --input_var n_classes optionsRequired blockSize n_cars carQuantities n_options maxCars --example n_cars=200 n...,0,0,0,1,0,0,0,0,1,0,0,0,0,0,0,1,0,0,0,0,1,0,0,0,0,1,0]] 2>&1 | sed ""s/^/% /"" ; cat -u /app/model.mzn 2>/dev/null ; rm -f /app/model.mzn'
	in container ARNOLD_MPMMine-P002M001_92275:
	exit code: 255
	error: exec /usr/bin/bash: argument list too long
, Failed to run:
	bash -c 'python /app/code/run.py --var setup n_cars slot n_classes n_options optionsRequired blockSize carQuantities maxCars --input_var n_classes optionsRequired blockSize n_cars carQuantities n_options maxCars --example n_cars=200 n...,0,0,0,0,0,1,0,0,0,0,1,0,0,0,0,1,0,0,0,0,0,1,0,0,0,0,1]] 2>&1 | sed ""s/^/% /"" ; cat -u /app/model.mzn 2>/dev/null ; rm -f /app/model.mzn'
	in container ARNOLD_MPMMine-P002M001_92275:
	exit code: 255
	error: exec /usr/bin/bash: argument list too long
, Failed to run:
	bash -c 'python /app/code/run.py --var setup n_cars slot n_classes n_options optionsRequired blockSize carQuantities maxCars --input_var n_classes optionsRequired blockSize n_cars carQuantities n_options maxCars --example n_cars=200 n...,0,0,0,0,0,1,0,0,0,0,0,0,0,1,0,0,0,0,0,1,0,0,0,0,1,0,0]] 2>&1 | sed ""s/^/% /"" ; cat -u /app/model.mzn 2>/dev/null ; rm -f /app/model.mzn'
	in container ARNOLD_MPMMine-P002M001_92275:
	exit code: 255
	error: exec /usr/bin/bash: argument list too long
",0.0,0.0,,655761.5093650164,6.561008046018102,0.0,0.0,MPMMine-P002M001I012,ARNOLD/problems/P002/models/M001/instances/I012/50
ARNOLD,MPMMine-P002,MPMMine-P002M001,MPMMine-P002M001I012,75,75,0,5,,,200.0,0.0,1000,1.0,0.0,"Failed to run:
	bash -c 'python /app/code/run.py --var setup n_cars slot n_classes n_options optionsRequired blockSize carQuantities maxCars --input_var n_classes optionsRequired blockSize n_cars carQuantities n_options maxCars --example n_cars=200 n...,0,1,0,0,0,0,0,1,0,0,0,0,1,0,0,0,0,0,0,0,1,0,0,0,0,0,1]] 2>&1 | sed ""s/^/% /"" ; cat -u /app/model.mzn 2>/dev/null ; rm -f /app/model.mzn'
	in container ARNOLD_MPMMine-P002M001_92275:
	exit code: 255
	error: exec /usr/bin/bash: argument list too long
, Failed to run:
	bash -c 'python /app/code/run.py --var setup n_cars slot n_classes n_options optionsRequired blockSize carQuantities maxCars --input_var n_classes optionsRequired blockSize n_cars carQuantities n_options maxCars --example n_cars=200 n...,0,1,0,0,0,0,0,0,1,0,0,0,0,0,1,0,0,0,0,0,1,0,0,0,0,1,0]] 2>&1 | sed ""s/^/% /"" ; cat -u /app/model.mzn 2>/dev/null ; rm -f /app/model.mzn'
	in container ARNOLD_MPMMine-P002M001_92275:
	exit code: 255
	error: exec /usr/bin/bash: argument list too long
, Failed to run:
	bash -c 'python /app/code/run.py --var setup n_cars slot n_classes n_options optionsRequired blockSize carQuantities maxCars --input_var n_classes optionsRequired blockSize n_cars carQuantities n_options maxCars --example n_cars=200 n...,0,0,0,0,0,1,0,0,0,0,0,1,0,0,0,0,1,0,0,0,0,1,0,0,0,0,1]] 2>&1 | sed ""s/^/% /"" ; cat -u /app/model.mzn 2>/dev/null ; rm -f /app/model.mzn'
	in container ARNOLD_MPMMine-P002M001_92275:
	exit code: 255
	error: exec /usr/bin/bash: argument list too long
, Failed to run:
	bash -c 'python /app/code/run.py --var setup n_cars slot n_classes n_options optionsRequired blockSize carQuantities maxCars --input_var n_classes optionsRequired blockSize n_cars carQuantities n_options maxCars --example n_cars=200 n...,0,1,0,0,0,0,1,0,0,0,0,0,1,0,0,0,0,1,0,0,0,0,0,1,0,0,0]] 2>&1 | sed ""s/^/% /"" ; cat -u /app/model.mzn 2>/dev/null ; rm -f /app/model.mzn'
	in container ARNOLD_MPMMine-P002M001_92275:
	exit code: 255
	error: exec /usr/bin/bash: argument list too long
, Failed to run:
	bash -c 'python /app/code/run.py --var setup n_cars slot n_classes n_options optionsRequired blockSize carQuantities maxCars --input_var n_classes optionsRequired blockSize n_cars carQuantities n_options maxCars --example n_cars=200 n...,0,0,0,0,0,1,0,0,0,0,1,0,0,0,0,1,0,0,0,0,1,0,0,0,0,1,0]] 2>&1 | sed ""s/^/% /"" ; cat -u /app/model.mzn 2>/dev/null ; rm -f /app/model.mzn'
	in container ARNOLD_MPMMine-P002M001_92275:
	exit code: 255
	error: exec /usr/bin/bash: argument list too long
",0.0,0.0,,655787.8818670666,7.792619383842584,0.0,0.0,MPMMine-P002M001I012,ARNOLD/problems/P002/models/M001/instances/I012/75
ARNOLD,MPMMine-P002,MPMMine-P002M001,MPMMine-P002M001I012,100,100,0,5,,,200.0,0.0,1000,1.0,0.0,"Failed to run:
	bash -c 'python /app/code/run.py --var setup n_cars slot n_classes n_options optionsRequired blockSize carQuantities maxCars --input_var n_classes optionsRequired blockSize n_cars carQuantities n_options maxCars --example n_cars=200 n...,0,0,1,0,0,0,0,1,0,0,0,0,0,1,0,0,0,0,1,0,0,0,0,0,1,0,0]] 2>&1 | sed ""s/^/% /"" ; cat -u /app/model.mzn 2>/dev/null ; rm -f /app/model.mzn'
	in container ARNOLD_MPMMine-P002M001_92275:
	exit code: 255
	error: exec /usr/bin/bash: argument list too long
, Failed to run:
	bash -c 'python /app/code/run.py --var setup n_cars slot n_classes n_options optionsRequired blockSize carQuantities maxCars --input_var n_classes optionsRequired blockSize n_cars carQuantities n_options maxCars --example n_cars=200 n...,0,0,0,0,1,0,0,0,0,1,0,0,0,0,1,0,0,0,0,1,0,0,0,0,0,0,1]] 2>&1 | sed ""s/^/% /"" ; cat -u /app/model.mzn 2>/dev/null ; rm -f /app/model.mzn'
	in container ARNOLD_MPMMine-P002M001_92275:
	exit code: 255
	error: exec /usr/bin/bash: argument list too long
, Failed to run:
	bash -c 'python /app/code/run.py --var setup n_cars slot n_classes n_options optionsRequired blockSize carQuantities maxCars --input_var n_classes optionsRequired blockSize n_cars carQuantities n_options maxCars --example n_cars=200 n...,0,1,0,0,0,0,1,0,0,0,0,0,1,0,0,0,0,1,0,0,0,0,0,0,0,1,0]] 2>&1 | sed ""s/^/% /"" ; cat -u /app/model.mzn 2>/dev/null ; rm -f /app/model.mzn'
	in container ARNOLD_MPMMine-P002M001_92275:
	exit code: 255
	error: exec /usr/bin/bash: argument list too long
, Failed to run:
	bash -c 'python /app/code/run.py --var setup n_cars slot n_classes n_options optionsRequired blockSize carQuantities maxCars --input_var n_classes optionsRequired blockSize n_cars carQuantities n_options maxCars --example n_cars=200 n...,1,0,0,0,0,1,0,0,0,0,1,0,0,0,0,1,0,0,0,0,1,0,0,0,0,1,0]] 2>&1 | sed ""s/^/% /"" ; cat -u /app/model.mzn 2>/dev/null ; rm -f /app/model.mzn'
	in container ARNOLD_MPMMine-P002M001_92275:
	exit code: 255
	error: exec /usr/bin/bash: argument list too long
, Failed to run:
	bash -c 'python /app/code/run.py --var setup n_cars slot n_classes n_options optionsRequired blockSize carQuantities maxCars --input_var n_classes optionsRequired blockSize n_cars carQuantities n_options maxCars --example n_cars=200 n...,0,0,0,0,1,0,0,0,0,0,0,1,0,0,0,0,1,0,0,0,0,0,0,0,1,0,0]] 2>&1 | sed ""s/^/% /"" ; cat -u /app/model.mzn 2>/dev/null ; rm -f /app/model.mzn'
	in container ARNOLD_MPMMine-P002M001_92275:
	exit code: 255
	error: exec /usr/bin/bash: argument list too long
",0.0,0.0,,655815.0736314661,9.55834401592905,0.0,0.0,MPMMine-P002M001I012,ARNOLD/problems/P002/models/M001/instances/I012/100
ARNOLD,MPMMine-P002,MPMMine-P002M001,MPMMine-P002M001I013,2,2,0,5,1.0,0.0,200.0,0.0,1000,0.0,0.0,,0.9199999999999999,0.015207767228611065,Timeout while verifying an example,44.58429548339918,18.461139867208644,1122104.1807116754,14816.846539519567,MPMMine-P002M001I013,ARNOLD/problems/P002/models/M001/instances/I013/2
ARNOLD,MPMMine-P002,MPMMine-P002M001,MPMMine-P002M001I013,10,10,0,5,1.0,0.0,200.0,0.0,1000,0.0,0.0,,0.9199999999999999,0.015207767228611065,Timeout while verifying an example,198.77398842521944,81.25088507997025,1120378.0984465638,13388.900821403726,MPMMine-P002M001I013,ARNOLD/problems/P002/models/M001/instances/I013/10
ARNOLD,MPMMine-P002,MPMMine-P002M001,MPMMine-P002M001I013,30,30,0,5,1.0,0.0,200.0,0.0,1000,0.0,0.0,,0.9199999999999999,0.015207767228611065,Timeout while verifying an example,446.6173912246013,208.4110967140161,1114803.8223100407,23610.911818773624,MPMMine-P002M001I013,ARNOLD/problems/P002/models/M001/instances/I013/30
ARNOLD,MPMMine-P002,MPMMine-P002M001,MPMMine-P002M001I013,50,50,0,5,,,200.0,0.0,1000,1.0,0.0,"Failed to run:
	bash -c 'python /app/code/run.py --var carQuantities setup blockSize optionsRequired n_options n_classes slot maxCars n_cars --input_var n_classes carQuantities blockSize maxCars optionsRequired n_cars n_options --example n_cars=200 n...,0,0,0,0,0,0,1,0,0,0,0,0,0,0,0,0,0,0,0,0,0,0,0,0,0,0,0]] 2>&1 | sed ""s/^/% /"" ; cat -u /app/model.mzn 2>/dev/null ; rm -f /app/model.mzn'
	in container ARNOLD_MPMMine-P002M001_92257:
	exit code: 255
	error: exec /usr/bin/bash: argument list too long
, Failed to run:
	bash -c 'python /app/code/run.py --var carQuantities setup blockSize optionsRequired n_options n_classes slot maxCars n_cars --input_var n_classes carQuantities blockSize maxCars optionsRequired n_cars n_options --example n_cars=200 n...,0,0,0,0,0,0,0,0,0,1,0,0,0,0,0,0,0,0,0,0,0,0,0,0,0,0,0]] 2>&1 | sed ""s/^/% /"" ; cat -u /app/model.mzn 2>/dev/null ; rm -f /app/model.mzn'
	in container ARNOLD_MPMMine-P002M001_92257:
	exit code: 255
	error: exec /usr/bin/bash: argument list too long
, Failed to run:
	bash -c 'python /app/code/run.py --var carQuantities setup blockSize optionsRequired n_options n_classes slot maxCars n_cars --input_var n_classes carQuantities blockSize maxCars optionsRequired n_cars n_options --example n_cars=200 n...,0,0,1,0,0,0,0,0,0,0,0,0,0,1,0,0,0,0,1,0,0,0,0,0,1,0,0]] 2>&1 | sed ""s/^/% /"" ; cat -u /app/model.mzn 2>/dev/null ; rm -f /app/model.mzn'
	in container ARNOLD_MPMMine-P002M001_92257:
	exit code: 255
	error: exec /usr/bin/bash: argument list too long
, Failed to run:
	bash -c 'python /app/code/run.py --var carQuantities setup blockSize optionsRequired n_options n_classes slot maxCars n_cars --input_var n_classes carQuantities blockSize maxCars optionsRequired n_cars n_options --example n_cars=200 n...,0,0,0,0,0,0,0,0,0,0,0,0,0,0,0,1,0,0,0,0,1,0,0,0,0,0,1]] 2>&1 | sed ""s/^/% /"" ; cat -u /app/model.mzn 2>/dev/null ; rm -f /app/model.mzn'
	in container ARNOLD_MPMMine-P002M001_92257:
	exit code: 255
	error: exec /usr/bin/bash: argument list too long
, Failed to run:
	bash -c 'python /app/code/run.py --var carQuantities setup blockSize optionsRequired n_options n_classes slot maxCars n_cars --input_var n_classes carQuantities blockSize maxCars optionsRequired n_cars n_options --example n_cars=200 n...,0,0,0,0,0,0,0,0,0,0,0,0,0,0,0,0,0,1,0,0,0,0,0,0,1,0,0]] 2>&1 | sed ""s/^/% /"" ; cat -u /app/model.mzn 2>/dev/null ; rm -f /app/model.mzn'
	in container ARNOLD_MPMMine-P002M001_92257:
	exit code: 255
	error: exec /usr/bin/bash: argument list too long
",0.0,0.0,,672470.4975411078,1.7219787238877158,0.0,0.0,MPMMine-P002M001I013,ARNOLD/problems/P002/models/M001/instances/I013/50
ARNOLD,MPMMine-P002,MPMMine-P002M001,MPMMine-P002M001I013,75,75,0,5,,,200.0,0.0,1000,1.0,0.0,"Failed to run:
	bash -c 'python /app/code/run.py --var carQuantities setup blockSize optionsRequired n_options n_classes slot maxCars n_cars --input_var n_classes carQuantities blockSize maxCars optionsRequired n_cars n_options --example n_cars=200 n...,0,0,0,0,0,0,1,0,0,0,0,0,0,0,1,0,0,0,0,0,0,1,0,0,0,0,0]] 2>&1 | sed ""s/^/% /"" ; cat -u /app/model.mzn 2>/dev/null ; rm -f /app/model.mzn'
	in container ARNOLD_MPMMine-P002M001_92257:
	exit code: 255
	error: exec /usr/bin/bash: argument list too long
, Failed to run:
	bash -c 'python /app/code/run.py --var carQuantities setup blockSize optionsRequired n_options n_classes slot maxCars n_cars --input_var n_classes carQuantities blockSize maxCars optionsRequired n_cars n_options --example n_cars=200 n...,0,0,0,0,0,1,0,0,0,0,0,0,0,0,0,0,0,0,0,0,0,0,0,0,0,0,0]] 2>&1 | sed ""s/^/% /"" ; cat -u /app/model.mzn 2>/dev/null ; rm -f /app/model.mzn'
	in container ARNOLD_MPMMine-P002M001_92257:
	exit code: 255
	error: exec /usr/bin/bash: argument list too long
, Failed to run:
	bash -c 'python /app/code/run.py --var carQuantities setup blockSize optionsRequired n_options n_classes slot maxCars n_cars --input_var n_classes carQuantities blockSize maxCars optionsRequired n_cars n_options --example n_cars=200 n...,0,0,0,0,0,1,0,0,0,0,0,0,0,0,0,0,0,0,0,0,0,0,0,0,0,1,0]] 2>&1 | sed ""s/^/% /"" ; cat -u /app/model.mzn 2>/dev/null ; rm -f /app/model.mzn'
	in container ARNOLD_MPMMine-P002M001_92257:
	exit code: 255
	error: exec /usr/bin/bash: argument list too long
, Failed to run:
	bash -c 'python /app/code/run.py --var carQuantities setup blockSize optionsRequired n_options n_classes slot maxCars n_cars --input_var n_classes carQuantities blockSize maxCars optionsRequired n_cars n_options --example n_cars=200 n...,0,0,0,0,0,0,0,0,0,0,0,0,1,0,0,0,0,0,0,0,0,0,0,0,0,0,0]] 2>&1 | sed ""s/^/% /"" ; cat -u /app/model.mzn 2>/dev/null ; rm -f /app/model.mzn'
	in container ARNOLD_MPMMine-P002M001_92257:
	exit code: 255
	error: exec /usr/bin/bash: argument list too long
, Failed to run:
	bash -c 'python /app/code/run.py --var carQuantities setup blockSize optionsRequired n_options n_classes slot maxCars n_cars --input_var n_classes carQuantities blockSize maxCars optionsRequired n_cars n_options --example n_cars=200 n...,0,0,1,0,0,0,0,1,0,0,0,0,0,0,0,0,0,0,0,0,0,0,0,0,0,0,0]] 2>&1 | sed ""s/^/% /"" ; cat -u /app/model.mzn 2>/dev/null ; rm -f /app/model.mzn'
	in container ARNOLD_MPMMine-P002M001_92257:
	exit code: 255
	error: exec /usr/bin/bash: argument list too long
",0.0,0.0,,672478.4557539497,2.627228625485276,0.0,0.0,MPMMine-P002M001I013,ARNOLD/problems/P002/models/M001/instances/I013/75
ARNOLD,MPMMine-P002,MPMMine-P002M001,MPMMine-P002M001I013,100,100,0,5,,,200.0,0.0,1000,1.0,0.0,"Failed to run:
	bash -c 'python /app/code/run.py --var carQuantities setup blockSize optionsRequired n_options n_classes slot maxCars n_cars --input_var n_classes carQuantities blockSize maxCars optionsRequired n_cars n_options --example n_cars=200 n...,1,0,0,0,0,0,0,0,0,0,0,0,1,0,0,0,0,0,0,0,0,0,0,0,0,1,0]] 2>&1 | sed ""s/^/% /"" ; cat -u /app/model.mzn 2>/dev/null ; rm -f /app/model.mzn'
	in container ARNOLD_MPMMine-P002M001_92257:
	exit code: 255
	error: exec /usr/bin/bash: argument list too long
, Failed to run:
	bash -c 'python /app/code/run.py --var carQuantities setup blockSize optionsRequired n_options n_classes slot maxCars n_cars --input_var n_classes carQuantities blockSize maxCars optionsRequired n_cars n_options --example n_cars=200 n...,0,0,0,0,0,0,0,0,1,0,0,0,0,0,0,0,0,0,0,0,0,0,1,0,0,0,0]] 2>&1 | sed ""s/^/% /"" ; cat -u /app/model.mzn 2>/dev/null ; rm -f /app/model.mzn'
	in container ARNOLD_MPMMine-P002M001_92257:
	exit code: 255
	error: exec /usr/bin/bash: argument list too long
, Failed to run:
	bash -c 'python /app/code/run.py --var carQuantities setup blockSize optionsRequired n_options n_classes slot maxCars n_cars --input_var n_classes carQuantities blockSize maxCars optionsRequired n_cars n_options --example n_cars=200 n...,0,0,0,0,0,0,0,0,0,0,0,0,0,0,0,0,1,0,0,0,0,1,0,0,0,0,0]] 2>&1 | sed ""s/^/% /"" ; cat -u /app/model.mzn 2>/dev/null ; rm -f /app/model.mzn'
	in container ARNOLD_MPMMine-P002M001_92257:
	exit code: 255
	error: exec /usr/bin/bash: argument list too long
, Failed to run:
	bash -c 'python /app/code/run.py --var carQuantities setup blockSize optionsRequired n_options n_classes slot maxCars n_cars --input_var n_classes carQuantities blockSize maxCars optionsRequired n_cars n_options --example n_cars=200 n...,1,0,0,0,0,0,0,0,0,0,0,0,1,0,0,0,0,0,0,0,0,1,0,0,0,0,0]] 2>&1 | sed ""s/^/% /"" ; cat -u /app/model.mzn 2>/dev/null ; rm -f /app/model.mzn'
	in container ARNOLD_MPMMine-P002M001_92257:
	exit code: 255
	error: exec /usr/bin/bash: argument list too long
, Failed to run:
	bash -c 'python /app/code/run.py --var carQuantities setup blockSize optionsRequired n_options n_classes slot maxCars n_cars --input_var n_classes carQuantities blockSize maxCars optionsRequired n_cars n_options --example n_cars=200 n...,0,0,0,1,0,0,0,0,0,0,0,0,0,0,0,0,0,1,0,0,0,0,0,0,0,0,0]] 2>&1 | sed ""s/^/% /"" ; cat -u /app/model.mzn 2>/dev/null ; rm -f /app/model.mzn'
	in container ARNOLD_MPMMine-P002M001_92257:
	exit code: 255
	error: exec /usr/bin/bash: argument list too long
",0.0,0.0,,672488.9217959662,3.699868569559501,0.0,0.0,MPMMine-P002M001I013,ARNOLD/problems/P002/models/M001/instances/I013/100
ARNOLD,MPMMine-P002,MPMMine-P002M001,MPMMine-P002M001I014,2,2,0,5,1.0,0.0,200.0,0.0,1000,0.0,0.0,,0.9030000000000001,0.01932215929999131,Timeout while verifying an example,23.24080022459384,2.7783891631614015,1097035.7992334012,11077.000178676848,MPMMine-P002M001I014,ARNOLD/problems/P002/models/M001/instances/I014/2
ARNOLD,MPMMine-P002,MPMMine-P002M001,MPMMine-P002M001I014,10,10,0,5,1.0,0.0,200.0,0.0,1000,0.0,0.0,,0.9030000000000001,0.01932215929999131,Timeout while verifying an example,142.69272427521645,104.87944070357025,1096653.4378949972,21040.134111980908,MPMMine-P002M001I014,ARNOLD/problems/P002/models/M001/instances/I014/10
ARNOLD,MPMMine-P002,MPMMine-P002M001,MPMMine-P002M001I014,30,30,0,5,1.0,0.0,200.0,0.0,1000,0.0,0.0,,0.9030000000000001,0.01932215929999131,Timeout while verifying an example,329.7607245581923,80.9872980486822,1096882.0720566856,28308.275063748544,MPMMine-P002M001I014,ARNOLD/problems/P002/models/M001/instances/I014/30
ARNOLD,MPMMine-P002,MPMMine-P002M001,MPMMine-P002M001I014,50,50,0,5,,,200.0,0.0,1000,1.0,0.0,"Failed to run:
	bash -c 'python /app/code/run.py --var optionsRequired n_classes carQuantities n_cars maxCars n_options setup slot blockSize --input_var optionsRequired n_classes carQuantities n_options n_cars blockSize maxCars --example n_cars=200 n...,1,0,0,0,0,1,0,0,0,0,1,0,0,0,0,1,0,0,0,0,0,1,0,0,0,0,1]] 2>&1 | sed ""s/^/% /"" ; cat -u /app/model.mzn 2>/dev/null ; rm -f /app/model.mzn'
	in container ARNOLD_MPMMine-P002M001_92252:
	exit code: 255
	error: exec /usr/bin/bash: argument list too long
, Failed to run:
	bash -c 'python /app/code/run.py --var optionsRequired n_classes carQuantities n_cars maxCars n_options setup slot blockSize --input_var optionsRequired n_classes carQuantities n_options n_cars blockSize maxCars --example n_cars=200 n...,0,0,0,1,0,0,0,0,1,0,0,0,0,0,0,1,0,0,0,0,1,0,0,0,0,0,1]] 2>&1 | sed ""s/^/% /"" ; cat -u /app/model.mzn 2>/dev/null ; rm -f /app/model.mzn'
	in container ARNOLD_MPMMine-P002M001_92252:
	exit code: 255
	error: exec /usr/bin/bash: argument list too long
, Failed to run:
	bash -c 'python /app/code/run.py --var optionsRequired n_classes carQuantities n_cars maxCars n_options setup slot blockSize --input_var optionsRequired n_classes carQuantities n_options n_cars blockSize maxCars --example n_cars=200 n...,0,0,1,0,0,0,0,0,1,0,0,0,0,0,0,0,1,0,0,0,0,1,0,0,0,0,1]] 2>&1 | sed ""s/^/% /"" ; cat -u /app/model.mzn 2>/dev/null ; rm -f /app/model.mzn'
	in container ARNOLD_MPMMine-P002M001_92252:
	exit code: 255
	error: exec /usr/bin/bash: argument list too long
, Failed to run:
	bash -c 'python /app/code/run.py --var optionsRequired n_classes carQuantities n_cars maxCars n_options setup slot blockSize --input_var optionsRequired n_classes carQuantities n_options n_cars blockSize maxCars --example n_cars=200 n...,1,0,0,0,0,1,0,0,0,0,1,0,0,0,0,1,0,0,0,0,1,0,0,0,0,0,1]] 2>&1 | sed ""s/^/% /"" ; cat -u /app/model.mzn 2>/dev/null ; rm -f /app/model.mzn'
	in container ARNOLD_MPMMine-P002M001_92252:
	exit code: 255
	error: exec /usr/bin/bash: argument list too long
, Failed to run:
	bash -c 'python /app/code/run.py --var optionsRequired n_classes carQuantities n_cars maxCars n_options setup slot blockSize --input_var optionsRequired n_classes carQuantities n_options n_cars blockSize maxCars --example n_cars=200 n...,0,0,0,0,1,0,0,0,0,1,0,0,0,0,1,0,0,0,0,1,0,0,0,0,0,1,0]] 2>&1 | sed ""s/^/% /"" ; cat -u /app/model.mzn 2>/dev/null ; rm -f /app/model.mzn'
	in container ARNOLD_MPMMine-P002M001_92252:
	exit code: 255
	error: exec /usr/bin/bash: argument list too long
",0.0,0.0,,674082.9856184411,1.8724147464083916,0.0,0.0,MPMMine-P002M001I014,ARNOLD/problems/P002/models/M001/instances/I014/50
ARNOLD,MPMMine-P002,MPMMine-P002M001,MPMMine-P002M001I014,75,75,0,5,,,200.0,0.0,1000,1.0,0.0,"Failed to run:
	bash -c 'python /app/code/run.py --var optionsRequired n_classes carQuantities n_cars maxCars n_options setup slot blockSize --input_var optionsRequired n_classes carQuantities n_options n_cars blockSize maxCars --example n_cars=200 n...,0,0,0,1,0,0,0,0,0,0,1,0,0,0,0,1,0,0,0,0,1,0,0,0,0,0,1]] 2>&1 | sed ""s/^/% /"" ; cat -u /app/model.mzn 2>/dev/null ; rm -f /app/model.mzn'
	in container ARNOLD_MPMMine-P002M001_92252:
	exit code: 255
	error: exec /usr/bin/bash: argument list too long
, Failed to run:
	bash -c 'python /app/code/run.py --var optionsRequired n_classes carQuantities n_cars maxCars n_options setup slot blockSize --input_var optionsRequired n_classes carQuantities n_options n_cars blockSize maxCars --example n_cars=200 n...,1,0,0,0,0,1,0,0,0,0,0,1,0,0,0,0,1,0,0,0,0,1,0,0,0,0,1]] 2>&1 | sed ""s/^/% /"" ; cat -u /app/model.mzn 2>/dev/null ; rm -f /app/model.mzn'
	in container ARNOLD_MPMMine-P002M001_92252:
	exit code: 255
	error: exec /usr/bin/bash: argument list too long
, Failed to run:
	bash -c 'python /app/code/run.py --var optionsRequired n_classes carQuantities n_cars maxCars n_options setup slot blockSize --input_var optionsRequired n_classes carQuantities n_options n_cars blockSize maxCars --example n_cars=200 n...,0,0,1,0,0,0,0,0,1,0,0,0,0,0,1,0,0,0,0,0,1,0,0,0,0,0,1]] 2>&1 | sed ""s/^/% /"" ; cat -u /app/model.mzn 2>/dev/null ; rm -f /app/model.mzn'
	in container ARNOLD_MPMMine-P002M001_92252:
	exit code: 255
	error: exec /usr/bin/bash: argument list too long
, Failed to run:
	bash -c 'python /app/code/run.py --var optionsRequired n_classes carQuantities n_cars maxCars n_options setup slot blockSize --input_var optionsRequired n_classes carQuantities n_options n_cars blockSize maxCars --example n_cars=200 n...,0,0,0,0,1,0,0,0,0,1,0,0,0,0,1,0,0,0,0,1,0,0,0,0,1,0,0]] 2>&1 | sed ""s/^/% /"" ; cat -u /app/model.mzn 2>/dev/null ; rm -f /app/model.mzn'
	in container ARNOLD_MPMMine-P002M001_92252:
	exit code: 255
	error: exec /usr/bin/bash: argument list too long
, Failed to run:
	bash -c 'python /app/code/run.py --var optionsRequired n_classes carQuantities n_cars maxCars n_options setup slot blockSize --input_var optionsRequired n_classes carQuantities n_options n_cars blockSize maxCars --example n_cars=200 n...,0,0,0,0,1,0,0,0,0,1,0,0,0,0,1,0,0,0,0,1,0,0,0,0,0,1,0]] 2>&1 | sed ""s/^/% /"" ; cat -u /app/model.mzn 2>/dev/null ; rm -f /app/model.mzn'
	in container ARNOLD_MPMMine-P002M001_92252:
	exit code: 255
	error: exec /usr/bin/bash: argument list too long
",0.0,0.0,,674090.9205669248,2.464946239777988,0.0,0.0,MPMMine-P002M001I014,ARNOLD/problems/P002/models/M001/instances/I014/75
ARNOLD,MPMMine-P002,MPMMine-P002M001,MPMMine-P002M001I014,100,100,0,5,,,200.0,0.0,1000,1.0,0.0,"Failed to run:
	bash -c 'python /app/code/run.py --var optionsRequired n_classes carQuantities n_cars maxCars n_options setup slot blockSize --input_var optionsRequired n_classes carQuantities n_options n_cars blockSize maxCars --example n_cars=200 n...,0,0,0,1,0,0,0,0,1,0,0,0,0,0,0,1,0,0,0,0,1,0,0,0,0,0,1]] 2>&1 | sed ""s/^/% /"" ; cat -u /app/model.mzn 2>/dev/null ; rm -f /app/model.mzn'
	in container ARNOLD_MPMMine-P002M001_92252:
	exit code: 255
	error: exec /usr/bin/bash: argument list too long
, Failed to run:
	bash -c 'python /app/code/run.py --var optionsRequired n_classes carQuantities n_cars maxCars n_options setup slot blockSize --input_var optionsRequired n_classes carQuantities n_options n_cars blockSize maxCars --example n_cars=200 n...,0,0,0,1,0,0,0,0,0,1,0,0,0,0,0,0,1,0,0,0,0,1,0,0,0,0,1]] 2>&1 | sed ""s/^/% /"" ; cat -u /app/model.mzn 2>/dev/null ; rm -f /app/model.mzn'
	in container ARNOLD_MPMMine-P002M001_92252:
	exit code: 255
	error: exec /usr/bin/bash: argument list too long
, Failed to run:
	bash -c 'python /app/code/run.py --var optionsRequired n_classes carQuantities n_cars maxCars n_options setup slot blockSize --input_var optionsRequired n_classes carQuantities n_options n_cars blockSize maxCars --example n_cars=200 n...,0,0,1,0,0,0,0,1,0,0,0,0,0,0,1,0,0,0,0,0,1,0,0,0,0,1,0]] 2>&1 | sed ""s/^/% /"" ; cat -u /app/model.mzn 2>/dev/null ; rm -f /app/model.mzn'
	in container ARNOLD_MPMMine-P002M001_92252:
	exit code: 255
	error: exec /usr/bin/bash: argument list too long
, Failed to run:
	bash -c 'python /app/code/run.py --var optionsRequired n_classes carQuantities n_cars maxCars n_options setup slot blockSize --input_var optionsRequired n_classes carQuantities n_options n_cars blockSize maxCars --example n_cars=200 n...,0,0,0,1,0,0,0,0,1,0,0,0,0,1,0,0,0,0,1,0,0,0,0,0,1,0,0]] 2>&1 | sed ""s/^/% /"" ; cat -u /app/model.mzn 2>/dev/null ; rm -f /app/model.mzn'
	in container ARNOLD_MPMMine-P002M001_92252:
	exit code: 255
	error: exec /usr/bin/bash: argument list too long
, Failed to run:
	bash -c 'python /app/code/run.py --var optionsRequired n_classes carQuantities n_cars maxCars n_options setup slot blockSize --input_var optionsRequired n_classes carQuantities n_options n_cars blockSize maxCars --example n_cars=200 n...,0,0,0,1,0,0,0,0,1,0,0,0,0,0,1,0,0,0,0,1,0,0,0,0,0,1,0]] 2>&1 | sed ""s/^/% /"" ; cat -u /app/model.mzn 2>/dev/null ; rm -f /app/model.mzn'
	in container ARNOLD_MPMMine-P002M001_92252:
	exit code: 255
	error: exec /usr/bin/bash: argument list too long
",0.0,0.0,,674101.229678333,3.6361284007741244,0.0,0.0,MPMMine-P002M001I014,ARNOLD/problems/P002/models/M001/instances/I014/100
ARNOLD,MPMMine-P002,MPMMine-P002M001,MPMMine-P002M001I015,2,2,0,5,1.0,0.0,200.0,0.0,1000,0.0,0.0,,0.916,0.016954151625961617,Timeout while verifying an example,31.04151570822578,17.11207306916024,1113647.2182665998,26033.830183046375,MPMMine-P002M001I015,ARNOLD/problems/P002/models/M001/instances/I015/2
ARNOLD,MPMMine-P002,MPMMine-P002M001,MPMMine-P002M001I015,10,10,0,5,1.0,0.0,200.0,0.0,1000,0.0,0.0,,0.916,0.016954151625961617,Timeout while verifying an example,112.62571356678382,12.705294435071579,1112666.2376316776,29161.217336105597,MPMMine-P002M001I015,ARNOLD/problems/P002/models/M001/instances/I015/10
ARNOLD,MPMMine-P002,MPMMine-P002M001,MPMMine-P002M001I015,30,30,0,5,1.0,0.0,200.0,0.0,1000,0.0,0.0,,0.916,0.016954151625961617,Timeout while verifying an example,326.77395452500787,37.61115658968363,1112693.064188324,28886.121698725645,MPMMine-P002M001I015,ARNOLD/problems/P002/models/M001/instances/I015/30
ARNOLD,MPMMine-P002,MPMMine-P002M001,MPMMine-P002M001I015,50,50,0,5,,,200.0,0.0,1000,1.0,0.0,"Failed to run:
	bash -c 'python /app/code/run.py --var carQuantities optionsRequired n_classes blockSize maxCars n_cars setup slot n_options --input_var carQuantities optionsRequired n_classes n_options blockSize maxCars n_cars --example n_cars=200 n...,0,0,0,0,1,0,0,0,0,0,0,1,0,0,0,0,0,0,0,1,0,0,0,0,0,1,0]] 2>&1 | sed ""s/^/% /"" ; cat -u /app/model.mzn 2>/dev/null ; rm -f /app/model.mzn'
	in container ARNOLD_MPMMine-P002M001_92269:
	exit code: 255
	error: exec /usr/bin/bash: argument list too long
, Failed to run:
	bash -c 'python /app/code/run.py --var carQuantities optionsRequired n_classes blockSize maxCars n_cars setup slot n_options --input_var carQuantities optionsRequired n_classes n_options blockSize maxCars n_cars --example n_cars=200 n...,0,1,0,0,0,0,0,0,0,0,0,0,0,0,1,0,0,0,0,1,0,0,0,0,0,0,1]] 2>&1 | sed ""s/^/% /"" ; cat -u /app/model.mzn 2>/dev/null ; rm -f /app/model.mzn'
	in container ARNOLD_MPMMine-P002M001_92269:
	exit code: 255
	error: exec /usr/bin/bash: argument list too long
, Failed to run:
	bash -c 'python /app/code/run.py --var carQuantities optionsRequired n_classes blockSize maxCars n_cars setup slot n_options --input_var carQuantities optionsRequired n_classes n_options blockSize maxCars n_cars --example n_cars=200 n...,0,0,1,0,0,0,0,0,0,0,1,0,0,0,0,1,0,0,0,0,0,1,0,0,0,0,0]] 2>&1 | sed ""s/^/% /"" ; cat -u /app/model.mzn 2>/dev/null ; rm -f /app/model.mzn'
	in container ARNOLD_MPMMine-P002M001_92269:
	exit code: 255
	error: exec /usr/bin/bash: argument list too long
, Failed to run:
	bash -c 'python /app/code/run.py --var carQuantities optionsRequired n_classes blockSize maxCars n_cars setup slot n_options --input_var carQuantities optionsRequired n_classes n_options blockSize maxCars n_cars --example n_cars=200 n...,1,0,0,0,0,0,0,0,0,1,0,0,0,0,0,1,0,0,0,0,0,0,0,1,0,0,0]] 2>&1 | sed ""s/^/% /"" ; cat -u /app/model.mzn 2>/dev/null ; rm -f /app/model.mzn'
	in container ARNOLD_MPMMine-P002M001_92269:
	exit code: 255
	error: exec /usr/bin/bash: argument list too long
, Failed to run:
	bash -c 'python /app/code/run.py --var carQuantities optionsRequired n_classes blockSize maxCars n_cars setup slot n_options --input_var carQuantities optionsRequired n_classes n_options blockSize maxCars n_cars --example n_cars=200 n...,0,0,1,0,0,0,0,1,0,0,0,0,0,0,0,0,0,1,0,0,0,0,0,0,0,0,0]] 2>&1 | sed ""s/^/% /"" ; cat -u /app/model.mzn 2>/dev/null ; rm -f /app/model.mzn'
	in container ARNOLD_MPMMine-P002M001_92269:
	exit code: 255
	error: exec /usr/bin/bash: argument list too long
",0.0,0.0,,677614.8685323165,2.002349186751277,0.0,0.0,MPMMine-P002M001I015,ARNOLD/problems/P002/models/M001/instances/I015/50
ARNOLD,MPMMine-P002,MPMMine-P002M001,MPMMine-P002M001I015,75,75,0,5,,,200.0,0.0,1000,1.0,0.0,"Failed to run:
	bash -c 'python /app/code/run.py --var carQuantities optionsRequired n_classes blockSize maxCars n_cars setup slot n_options --input_var carQuantities optionsRequired n_classes n_options blockSize maxCars n_cars --example n_cars=200 n...,0,1,0,0,0,0,1,0,0,0,0,1,0,0,0,0,0,1,0,0,0,0,0,0,0,0,0]] 2>&1 | sed ""s/^/% /"" ; cat -u /app/model.mzn 2>/dev/null ; rm -f /app/model.mzn'
	in container ARNOLD_MPMMine-P002M001_92269:
	exit code: 255
	error: exec /usr/bin/bash: argument list too long
, Failed to run:
	bash -c 'python /app/code/run.py --var carQuantities optionsRequired n_classes blockSize maxCars n_cars setup slot n_options --input_var carQuantities optionsRequired n_classes n_options blockSize maxCars n_cars --example n_cars=200 n...,0,0,0,1,0,0,0,0,0,1,0,0,0,0,0,0,0,0,0,1,0,0,0,0,1,0,0]] 2>&1 | sed ""s/^/% /"" ; cat -u /app/model.mzn 2>/dev/null ; rm -f /app/model.mzn'
	in container ARNOLD_MPMMine-P002M001_92269:
	exit code: 255
	error: exec /usr/bin/bash: argument list too long
, Failed to run:
	bash -c 'python /app/code/run.py --var carQuantities optionsRequired n_classes blockSize maxCars n_cars setup slot n_options --input_var carQuantities optionsRequired n_classes n_options blockSize maxCars n_cars --example n_cars=200 n...,0,0,0,0,0,0,0,0,0,0,0,0,1,0,0,0,0,1,0,0,0,0,0,0,0,1,0]] 2>&1 | sed ""s/^/% /"" ; cat -u /app/model.mzn 2>/dev/null ; rm -f /app/model.mzn'
	in container ARNOLD_MPMMine-P002M001_92269:
	exit code: 255
	error: exec /usr/bin/bash: argument list too long
, Failed to run:
	bash -c 'python /app/code/run.py --var carQuantities optionsRequired n_classes blockSize maxCars n_cars setup slot n_options --input_var carQuantities optionsRequired n_classes n_options blockSize maxCars n_cars --example n_cars=200 n...,0,0,0,1,0,0,0,0,0,1,0,0,0,0,0,0,0,0,0,0,1,0,0,0,0,0,0]] 2>&1 | sed ""s/^/% /"" ; cat -u /app/model.mzn 2>/dev/null ; rm -f /app/model.mzn'
	in container ARNOLD_MPMMine-P002M001_92269:
	exit code: 255
	error: exec /usr/bin/bash: argument list too long
, Failed to run:
	bash -c 'python /app/code/run.py --var carQuantities optionsRequired n_classes blockSize maxCars n_cars setup slot n_options --input_var carQuantities optionsRequired n_classes n_options blockSize maxCars n_cars --example n_cars=200 n...,0,0,0,0,1,0,0,0,0,0,0,0,0,1,0,0,0,0,0,0,1,0,0,0,0,1,0]] 2>&1 | sed ""s/^/% /"" ; cat -u /app/model.mzn 2>/dev/null ; rm -f /app/model.mzn'
	in container ARNOLD_MPMMine-P002M001_92269:
	exit code: 255
	error: exec /usr/bin/bash: argument list too long
",0.0,0.0,,677623.9937224665,2.6350505260398185,0.0,0.0,MPMMine-P002M001I015,ARNOLD/problems/P002/models/M001/instances/I015/75
ARNOLD,MPMMine-P002,MPMMine-P002M001,MPMMine-P002M001I015,100,100,0,5,,,200.0,0.0,1000,1.0,0.0,"Failed to run:
	bash -c 'python /app/code/run.py --var carQuantities optionsRequired n_classes blockSize maxCars n_cars setup slot n_options --input_var carQuantities optionsRequired n_classes n_options blockSize maxCars n_cars --example n_cars=200 n...,0,0,0,0,1,0,0,0,0,0,1,0,0,0,0,0,0,0,0,0,0,0,0,0,0,0,0]] 2>&1 | sed ""s/^/% /"" ; cat -u /app/model.mzn 2>/dev/null ; rm -f /app/model.mzn'
	in container ARNOLD_MPMMine-P002M001_92269:
	exit code: 255
	error: exec /usr/bin/bash: argument list too long
, Failed to run:
	bash -c 'python /app/code/run.py --var carQuantities optionsRequired n_classes blockSize maxCars n_cars setup slot n_options --input_var carQuantities optionsRequired n_classes n_options blockSize maxCars n_cars --example n_cars=200 n...,0,0,0,0,1,0,0,0,0,0,0,1,0,0,0,0,1,0,0,0,0,0,0,1,0,0,0]] 2>&1 | sed ""s/^/% /"" ; cat -u /app/model.mzn 2>/dev/null ; rm -f /app/model.mzn'
	in container ARNOLD_MPMMine-P002M001_92269:
	exit code: 255
	error: exec /usr/bin/bash: argument list too long
, Failed to run:
	bash -c 'python /app/code/run.py --var carQuantities optionsRequired n_classes blockSize maxCars n_cars setup slot n_options --input_var carQuantities optionsRequired n_classes n_options blockSize maxCars n_cars --example n_cars=200 n...,0,1,0,0,0,0,1,0,0,0,0,0,0,0,1,0,0,0,0,0,1,0,0,0,0,0,1]] 2>&1 | sed ""s/^/% /"" ; cat -u /app/model.mzn 2>/dev/null ; rm -f /app/model.mzn'
	in container ARNOLD_MPMMine-P002M001_92269:
	exit code: 255
	error: exec /usr/bin/bash: argument list too long
, Failed to run:
	bash -c 'python /app/code/run.py --var carQuantities optionsRequired n_classes blockSize maxCars n_cars setup slot n_options --input_var carQuantities optionsRequired n_classes n_options blockSize maxCars n_cars --example n_cars=200 n...,0,0,0,0,0,0,1,0,0,0,0,0,1,0,0,0,0,0,0,0,0,0,0,0,0,0,0]] 2>&1 | sed ""s/^/% /"" ; cat -u /app/model.mzn 2>/dev/null ; rm -f /app/model.mzn'
	in container ARNOLD_MPMMine-P002M001_92269:
	exit code: 255
	error: exec /usr/bin/bash: argument list too long
, Failed to run:
	bash -c 'python /app/code/run.py --var carQuantities optionsRequired n_classes blockSize maxCars n_cars setup slot n_options --input_var carQuantities optionsRequired n_classes n_options blockSize maxCars n_cars --example n_cars=200 n...,0,0,0,0,0,0,1,0,0,0,0,0,0,0,0,0,0,1,0,0,0,0,0,0,0,0,1]] 2>&1 | sed ""s/^/% /"" ; cat -u /app/model.mzn 2>/dev/null ; rm -f /app/model.mzn'
	in container ARNOLD_MPMMine-P002M001_92269:
	exit code: 255
	error: exec /usr/bin/bash: argument list too long
",0.0,0.0,,677637.6730815246,4.066484454886832,0.0,0.0,MPMMine-P002M001I015,ARNOLD/problems/P002/models/M001/instances/I015/100
ARNOLD,MPMMine-P002,MPMMine-P002M001,MPMMine-P002M001I016,2,2,0,5,1.0,0.0,200.0,0.0,1000,0.0,0.0,,0.916,0.03410262176683476,Timeout while verifying an example,29.205611641611902,2.9988629975913983,1111898.0330116441,36274.36930470389,MPMMine-P002M001I016,ARNOLD/problems/P002/models/M001/instances/I016/2
ARNOLD,MPMMine-P002,MPMMine-P002M001,MPMMine-P002M001I016,10,10,0,5,1.0,0.0,200.0,0.0,1000,0.0,0.0,,0.916,0.03410262176683476,Timeout while verifying an example,182.8215537249809,135.70064821851327,1110462.5282833958,37085.01166234418,MPMMine-P002M001I016,ARNOLD/problems/P002/models/M001/instances/I016/10
ARNOLD,MPMMine-P002,MPMMine-P002M001,MPMMine-P002M001I016,30,30,0,5,1.0,0.0,200.0,0.0,1000,0.0,0.0,,0.916,0.03410262176683476,Timeout while verifying an example,375.87825114997105,37.89260535545927,1112682.563631758,47122.30313673537,MPMMine-P002M001I016,ARNOLD/problems/P002/models/M001/instances/I016/30
ARNOLD,MPMMine-P002,MPMMine-P002M001,MPMMine-P002M001I016,50,50,0,5,,,200.0,0.0,1000,1.0,0.0,"Failed to run:
	bash -c 'python /app/code/run.py --var n_classes optionsRequired n_options blockSize maxCars slot n_cars carQuantities setup --input_var n_cars carQuantities n_classes optionsRequired n_options maxCars blockSize --example n_cars=200 n...,0,1,0,0,0,0,0,0,0,1,0,0,0,0,0,0,0,0,1,0,0,0,0,0,0,1,0]] 2>&1 | sed ""s/^/% /"" ; cat -u /app/model.mzn 2>/dev/null ; rm -f /app/model.mzn'
	in container ARNOLD_MPMMine-P002M001_92270:
	exit code: 255
	error: exec /usr/bin/bash: argument list too long
, Failed to run:
	bash -c 'python /app/code/run.py --var n_classes optionsRequired n_options blockSize maxCars slot n_cars carQuantities setup --input_var n_cars carQuantities n_classes optionsRequired n_options maxCars blockSize --example n_cars=200 n...,0,0,0,1,0,0,0,0,0,0,0,0,1,0,0,0,0,0,0,0,0,1,0,0,0,0,0]] 2>&1 | sed ""s/^/% /"" ; cat -u /app/model.mzn 2>/dev/null ; rm -f /app/model.mzn'
	in container ARNOLD_MPMMine-P002M001_92270:
	exit code: 255
	error: exec /usr/bin/bash: argument list too long
, Failed to run:
	bash -c 'python /app/code/run.py --var n_classes optionsRequired n_options blockSize maxCars slot n_cars carQuantities setup --input_var n_cars carQuantities n_classes optionsRequired n_options maxCars blockSize --example n_cars=200 n...,0,0,0,0,0,0,0,1,0,0,0,0,0,0,1,0,0,0,0,0,0,0,0,0,0,0,0]] 2>&1 | sed ""s/^/% /"" ; cat -u /app/model.mzn 2>/dev/null ; rm -f /app/model.mzn'
	in container ARNOLD_MPMMine-P002M001_92270:
	exit code: 255
	error: exec /usr/bin/bash: argument list too long
, Failed to run:
	bash -c 'python /app/code/run.py --var n_classes optionsRequired n_options blockSize maxCars slot n_cars carQuantities setup --input_var n_cars carQuantities n_classes optionsRequired n_options maxCars blockSize --example n_cars=200 n...,0,0,0,0,0,0,1,0,0,0,0,0,0,1,0,0,0,0,0,0,0,0,0,0,0,0,0]] 2>&1 | sed ""s/^/% /"" ; cat -u /app/model.mzn 2>/dev/null ; rm -f /app/model.mzn'
	in container ARNOLD_MPMMine-P002M001_92270:
	exit code: 255
	error: exec /usr/bin/bash: argument list too long
, Failed to run:
	bash -c 'python /app/code/run.py --var n_classes optionsRequired n_options blockSize maxCars slot n_cars carQuantities setup --input_var n_cars carQuantities n_classes optionsRequired n_options maxCars blockSize --example n_cars=200 n...,0,0,0,0,0,0,0,0,0,0,0,0,0,0,0,0,0,0,0,0,0,0,1,0,0,0,0]] 2>&1 | sed ""s/^/% /"" ; cat -u /app/model.mzn 2>/dev/null ; rm -f /app/model.mzn'
	in container ARNOLD_MPMMine-P002M001_92270:
	exit code: 255
	error: exec /usr/bin/bash: argument list too long
",0.0,0.0,,682279.6779048996,2.24324181132997,0.0,0.0,MPMMine-P002M001I016,ARNOLD/problems/P002/models/M001/instances/I016/50
ARNOLD,MPMMine-P002,MPMMine-P002M001,MPMMine-P002M001I016,75,75,0,5,,,200.0,0.0,1000,1.0,0.0,"Failed to run:
	bash -c 'python /app/code/run.py --var n_classes optionsRequired n_options blockSize maxCars slot n_cars carQuantities setup --input_var n_cars carQuantities n_classes optionsRequired n_options maxCars blockSize --example n_cars=200 n...,0,0,0,0,0,0,0,0,1,0,0,0,0,0,0,0,1,0,0,0,0,0,0,0,0,1,0]] 2>&1 | sed ""s/^/% /"" ; cat -u /app/model.mzn 2>/dev/null ; rm -f /app/model.mzn'
	in container ARNOLD_MPMMine-P002M001_92270:
	exit code: 255
	error: exec /usr/bin/bash: argument list too long
, Failed to run:
	bash -c 'python /app/code/run.py --var n_classes optionsRequired n_options blockSize maxCars slot n_cars carQuantities setup --input_var n_cars carQuantities n_classes optionsRequired n_options maxCars blockSize --example n_cars=200 n...,0,0,0,1,0,0,0,0,1,0,0,0,0,0,1,0,0,0,0,0,0,0,1,0,0,0,0]] 2>&1 | sed ""s/^/% /"" ; cat -u /app/model.mzn 2>/dev/null ; rm -f /app/model.mzn'
	in container ARNOLD_MPMMine-P002M001_92270:
	exit code: 255
	error: exec /usr/bin/bash: argument list too long
, Failed to run:
	bash -c 'python /app/code/run.py --var n_classes optionsRequired n_options blockSize maxCars slot n_cars carQuantities setup --input_var n_cars carQuantities n_classes optionsRequired n_options maxCars blockSize --example n_cars=200 n...,1,0,0,0,0,0,0,0,0,0,0,0,0,1,0,0,0,0,0,0,1,0,0,0,0,0,1]] 2>&1 | sed ""s/^/% /"" ; cat -u /app/model.mzn 2>/dev/null ; rm -f /app/model.mzn'
	in container ARNOLD_MPMMine-P002M001_92270:
	exit code: 255
	error: exec /usr/bin/bash: argument list too long
, Failed to run:
	bash -c 'python /app/code/run.py --var n_classes optionsRequired n_options blockSize maxCars slot n_cars carQuantities setup --input_var n_cars carQuantities n_classes optionsRequired n_options maxCars blockSize --example n_cars=200 n...,0,0,0,0,0,0,0,0,0,1,0,0,0,0,0,0,0,0,0,0,0,0,0,0,0,0,0]] 2>&1 | sed ""s/^/% /"" ; cat -u /app/model.mzn 2>/dev/null ; rm -f /app/model.mzn'
	in container ARNOLD_MPMMine-P002M001_92270:
	exit code: 255
	error: exec /usr/bin/bash: argument list too long
, Failed to run:
	bash -c 'python /app/code/run.py --var n_classes optionsRequired n_options blockSize maxCars slot n_cars carQuantities setup --input_var n_cars carQuantities n_classes optionsRequired n_options maxCars blockSize --example n_cars=200 n...,0,0,0,1,0,0,0,0,0,0,0,0,0,0,0,0,0,0,0,0,0,0,0,0,0,0,0]] 2>&1 | sed ""s/^/% /"" ; cat -u /app/model.mzn 2>/dev/null ; rm -f /app/model.mzn'
	in container ARNOLD_MPMMine-P002M001_92270:
	exit code: 255
	error: exec /usr/bin/bash: argument list too long
",0.0,0.0,,682289.8543096582,3.1310949289586807,0.0,0.0,MPMMine-P002M001I016,ARNOLD/problems/P002/models/M001/instances/I016/75
ARNOLD,MPMMine-P002,MPMMine-P002M001,MPMMine-P002M001I016,100,100,0,5,,,200.0,0.0,1000,1.0,0.0,"Failed to run:
	bash -c 'python /app/code/run.py --var n_classes optionsRequired n_options blockSize maxCars slot n_cars carQuantities setup --input_var n_cars carQuantities n_classes optionsRequired n_options maxCars blockSize --example n_cars=200 n...,0,0,0,0,0,1,0,0,0,0,0,0,0,0,0,0,1,0,0,0,0,0,0,0,0,1,0]] 2>&1 | sed ""s/^/% /"" ; cat -u /app/model.mzn 2>/dev/null ; rm -f /app/model.mzn'
	in container ARNOLD_MPMMine-P002M001_92270:
	exit code: 255
	error: exec /usr/bin/bash: argument list too long
, Failed to run:
	bash -c 'python /app/code/run.py --var n_classes optionsRequired n_options blockSize maxCars slot n_cars carQuantities setup --input_var n_cars carQuantities n_classes optionsRequired n_options maxCars blockSize --example n_cars=200 n...,0,0,0,0,0,0,1,0,0,0,0,0,0,0,0,0,0,0,0,0,0,0,0,0,0,0,0]] 2>&1 | sed ""s/^/% /"" ; cat -u /app/model.mzn 2>/dev/null ; rm -f /app/model.mzn'
	in container ARNOLD_MPMMine-P002M001_92270:
	exit code: 255
	error: exec /usr/bin/bash: argument list too long
, Failed to run:
	bash -c 'python /app/code/run.py --var n_classes optionsRequired n_options blockSize maxCars slot n_cars carQuantities setup --input_var n_cars carQuantities n_classes optionsRequired n_options maxCars blockSize --example n_cars=200 n...,0,0,0,0,0,0,0,0,0,0,0,1,0,0,0,0,0,0,0,0,0,0,0,0,1,0,0]] 2>&1 | sed ""s/^/% /"" ; cat -u /app/model.mzn 2>/dev/null ; rm -f /app/model.mzn'
	in container ARNOLD_MPMMine-P002M001_92270:
	exit code: 255
	error: exec /usr/bin/bash: argument list too long
, Failed to run:
	bash -c 'python /app/code/run.py --var n_classes optionsRequired n_options blockSize maxCars slot n_cars carQuantities setup --input_var n_cars carQuantities n_classes optionsRequired n_options maxCars blockSize --example n_cars=200 n...,0,0,0,0,0,0,0,1,0,0,0,0,0,1,0,0,0,0,0,0,0,0,0,0,1,0,0]] 2>&1 | sed ""s/^/% /"" ; cat -u /app/model.mzn 2>/dev/null ; rm -f /app/model.mzn'
	in container ARNOLD_MPMMine-P002M001_92270:
	exit code: 255
	error: exec /usr/bin/bash: argument list too long
, Failed to run:
	bash -c 'python /app/code/run.py --var n_classes optionsRequired n_options blockSize maxCars slot n_cars carQuantities setup --input_var n_cars carQuantities n_classes optionsRequired n_options maxCars blockSize --example n_cars=200 n...,0,0,0,0,0,0,0,1,0,0,0,0,0,0,0,0,0,0,1,0,0,0,0,0,0,1,0]] 2>&1 | sed ""s/^/% /"" ; cat -u /app/model.mzn 2>/dev/null ; rm -f /app/model.mzn'
	in container ARNOLD_MPMMine-P002M001_92270:
	exit code: 255
	error: exec /usr/bin/bash: argument list too long
",0.0,0.0,,682302.620269433,4.398412310805032,0.0,0.0,MPMMine-P002M001I016,ARNOLD/problems/P002/models/M001/instances/I016/100
ARNOLD,MPMMine-P002,MPMMine-P002M001,MPMMine-P002M001I017,2,2,0,5,1.0,0.0,200.0,0.0,1000,0.0,0.0,,0.9179999999999999,0.016559815077732302,Timeout while verifying an example,25.649097599997184,1.9156461991728182,1115183.5326133948,25675.36734841881,MPMMine-P002M001I017,ARNOLD/problems/P002/models/M001/instances/I017/2
ARNOLD,MPMMine-P002,MPMMine-P002M001,MPMMine-P002M001I017,10,10,0,5,1.0,0.0,200.0,0.0,1000,0.0,0.0,,0.9179999999999999,0.016559815077732302,Timeout while verifying an example,117.10481869177893,9.113617325606395,1115112.9657600448,25367.09920097443,MPMMine-P002M001I017,ARNOLD/problems/P002/models/M001/instances/I017/10
ARNOLD,MPMMine-P002,MPMMine-P002M001,MPMMine-P002M001I017,30,30,0,5,1.0,0.0,200.0,0.0,1000,0.0,0.0,,0.9179999999999999,0.016559815077732302,Timeout while verifying an example,451.1484572667861,306.7964320774327,1112290.224091597,16789.386320139798,MPMMine-P002M001I017,ARNOLD/problems/P002/models/M001/instances/I017/30
ARNOLD,MPMMine-P002,MPMMine-P002M001,MPMMine-P002M001I017,50,50,0,5,,,200.0,0.0,1000,1.0,0.0,"Failed to run:
	bash -c 'python /app/code/run.py --var setup n_cars slot n_classes n_options optionsRequired blockSize carQuantities maxCars --input_var n_classes optionsRequired blockSize n_cars carQuantities n_options maxCars --example n_cars=200 n...,0,0,0,0,0,1,0,0,0,0,0,1,0,0,0,0,0,0,0,0,1,0,0,0,0,0,1]] 2>&1 | sed ""s/^/% /"" ; cat -u /app/model.mzn 2>/dev/null ; rm -f /app/model.mzn'
	in container ARNOLD_MPMMine-P002M001_92275:
	exit code: 255
	error: exec /usr/bin/bash: argument list too long
, Failed to run:
	bash -c 'python /app/code/run.py --var setup n_cars slot n_classes n_options optionsRequired blockSize carQuantities maxCars --input_var n_classes optionsRequired blockSize n_cars carQuantities n_options maxCars --example n_cars=200 n...,1,0,0,0,0,0,1,0,0,0,0,0,0,1,0,0,0,0,1,0,0,0,0,1,0,0,0]] 2>&1 | sed ""s/^/% /"" ; cat -u /app/model.mzn 2>/dev/null ; rm -f /app/model.mzn'
	in container ARNOLD_MPMMine-P002M001_92275:
	exit code: 255
	error: exec /usr/bin/bash: argument list too long
, Failed to run:
	bash -c 'python /app/code/run.py --var setup n_cars slot n_classes n_options optionsRequired blockSize carQuantities maxCars --input_var n_classes optionsRequired blockSize n_cars carQuantities n_options maxCars --example n_cars=200 n...,0,1,0,0,0,0,0,0,0,0,1,0,0,0,0,0,0,0,1,0,0,0,0,1,0,0,0]] 2>&1 | sed ""s/^/% /"" ; cat -u /app/model.mzn 2>/dev/null ; rm -f /app/model.mzn'
	in container ARNOLD_MPMMine-P002M001_92275:
	exit code: 255
	error: exec /usr/bin/bash: argument list too long
, Failed to run:
	bash -c 'python /app/code/run.py --var setup n_cars slot n_classes n_options optionsRequired blockSize carQuantities maxCars --input_var n_classes optionsRequired blockSize n_cars carQuantities n_options maxCars --example n_cars=200 n...,0,0,0,1,0,0,0,0,1,0,0,0,0,1,0,0,0,0,0,1,0,0,0,0,0,1,0]] 2>&1 | sed ""s/^/% /"" ; cat -u /app/model.mzn 2>/dev/null ; rm -f /app/model.mzn'
	in container ARNOLD_MPMMine-P002M001_92275:
	exit code: 255
	error: exec /usr/bin/bash: argument list too long
, Failed to run:
	bash -c 'python /app/code/run.py --var setup n_cars slot n_classes n_options optionsRequired blockSize carQuantities maxCars --input_var n_classes optionsRequired blockSize n_cars carQuantities n_options maxCars --example n_cars=200 n...,0,1,0,0,0,0,0,1,0,0,0,0,0,0,0,1,0,0,0,0,0,0,0,1,0,0,0]] 2>&1 | sed ""s/^/% /"" ; cat -u /app/model.mzn 2>/dev/null ; rm -f /app/model.mzn'
	in container ARNOLD_MPMMine-P002M001_92275:
	exit code: 255
	error: exec /usr/bin/bash: argument list too long
",0.0,0.0,,684144.3117242415,2.201471940295808,0.0,0.0,MPMMine-P002M001I017,ARNOLD/problems/P002/models/M001/instances/I017/50
ARNOLD,MPMMine-P002,MPMMine-P002M001,MPMMine-P002M001I017,75,75,0,5,,,200.0,0.0,1000,1.0,0.0,"Failed to run:
	bash -c 'python /app/code/run.py --var setup n_cars slot n_classes n_options optionsRequired blockSize carQuantities maxCars --input_var n_classes optionsRequired blockSize n_cars carQuantities n_options maxCars --example n_cars=200 n...,0,1,0,0,0,0,0,1,0,0,0,0,0,0,0,1,0,0,0,0,0,0,0,0,0,0,1]] 2>&1 | sed ""s/^/% /"" ; cat -u /app/model.mzn 2>/dev/null ; rm -f /app/model.mzn'
	in container ARNOLD_MPMMine-P002M001_92275:
	exit code: 255
	error: exec /usr/bin/bash: argument list too long
, Failed to run:
	bash -c 'python /app/code/run.py --var setup n_cars slot n_classes n_options optionsRequired blockSize carQuantities maxCars --input_var n_classes optionsRequired blockSize n_cars carQuantities n_options maxCars --example n_cars=200 n...,0,1,0,0,0,0,0,0,0,1,0,0,0,0,0,0,0,0,0,0,1,0,0,0,0,0,1]] 2>&1 | sed ""s/^/% /"" ; cat -u /app/model.mzn 2>/dev/null ; rm -f /app/model.mzn'
	in container ARNOLD_MPMMine-P002M001_92275:
	exit code: 255
	error: exec /usr/bin/bash: argument list too long
, Failed to run:
	bash -c 'python /app/code/run.py --var setup n_cars slot n_classes n_options optionsRequired blockSize carQuantities maxCars --input_var n_classes optionsRequired blockSize n_cars carQuantities n_options maxCars --example n_cars=200 n...,0,0,0,1,0,0,0,0,1,0,0,0,0,0,0,0,0,0,1,0,0,0,0,1,0,0,0]] 2>&1 | sed ""s/^/% /"" ; cat -u /app/model.mzn 2>/dev/null ; rm -f /app/model.mzn'
	in container ARNOLD_MPMMine-P002M001_92275:
	exit code: 255
	error: exec /usr/bin/bash: argument list too long
, Failed to run:
	bash -c 'python /app/code/run.py --var setup n_cars slot n_classes n_options optionsRequired blockSize carQuantities maxCars --input_var n_classes optionsRequired blockSize n_cars carQuantities n_options maxCars --example n_cars=200 n...,0,0,0,1,0,0,0,0,1,0,0,0,0,0,0,0,1,0,0,0,0,0,0,0,1,0,0]] 2>&1 | sed ""s/^/% /"" ; cat -u /app/model.mzn 2>/dev/null ; rm -f /app/model.mzn'
	in container ARNOLD_MPMMine-P002M001_92275:
	exit code: 255
	error: exec /usr/bin/bash: argument list too long
, Failed to run:
	bash -c 'python /app/code/run.py --var setup n_cars slot n_classes n_options optionsRequired blockSize carQuantities maxCars --input_var n_classes optionsRequired blockSize n_cars carQuantities n_options maxCars --example n_cars=200 n...,0,0,0,1,0,0,0,0,0,1,0,0,0,0,1,0,0,0,0,0,0,0,0,0,0,1,0]] 2>&1 | sed ""s/^/% /"" ; cat -u /app/model.mzn 2>/dev/null ; rm -f /app/model.mzn'
	in container ARNOLD_MPMMine-P002M001_92275:
	exit code: 255
	error: exec /usr/bin/bash: argument list too long
",0.0,0.0,,684154.5740552744,3.4064689607317153,0.0,0.0,MPMMine-P002M001I017,ARNOLD/problems/P002/models/M001/instances/I017/75
ARNOLD,MPMMine-P002,MPMMine-P002M001,MPMMine-P002M001I017,100,100,0,5,,,200.0,0.0,1000,1.0,0.0,"Failed to run:
	bash -c 'python /app/code/run.py --var setup n_cars slot n_classes n_options optionsRequired blockSize carQuantities maxCars --input_var n_classes optionsRequired blockSize n_cars carQuantities n_options maxCars --example n_cars=200 n...,0,0,0,0,0,1,0,0,0,0,0,0,1,0,0,0,0,0,0,0,0,0,1,0,0,0,0]] 2>&1 | sed ""s/^/% /"" ; cat -u /app/model.mzn 2>/dev/null ; rm -f /app/model.mzn'
	in container ARNOLD_MPMMine-P002M001_92275:
	exit code: 255
	error: exec /usr/bin/bash: argument list too long
, Failed to run:
	bash -c 'python /app/code/run.py --var setup n_cars slot n_classes n_options optionsRequired blockSize carQuantities maxCars --input_var n_classes optionsRequired blockSize n_cars carQuantities n_options maxCars --example n_cars=200 n...,0,1,0,0,0,0,1,0,0,0,0,1,0,0,0,0,0,0,0,0,1,0,0,0,0,0,0]] 2>&1 | sed ""s/^/% /"" ; cat -u /app/model.mzn 2>/dev/null ; rm -f /app/model.mzn'
	in container ARNOLD_MPMMine-P002M001_92275:
	exit code: 255
	error: exec /usr/bin/bash: argument list too long
, Failed to run:
	bash -c 'python /app/code/run.py --var setup n_cars slot n_classes n_options optionsRequired blockSize carQuantities maxCars --input_var n_classes optionsRequired blockSize n_cars carQuantities n_options maxCars --example n_cars=200 n...,0,0,0,0,0,1,0,0,0,0,0,0,0,1,0,0,0,0,0,1,0,0,0,0,0,1,0]] 2>&1 | sed ""s/^/% /"" ; cat -u /app/model.mzn 2>/dev/null ; rm -f /app/model.mzn'
	in container ARNOLD_MPMMine-P002M001_92275:
	exit code: 255
	error: exec /usr/bin/bash: argument list too long
, Failed to run:
	bash -c 'python /app/code/run.py --var setup n_cars slot n_classes n_options optionsRequired blockSize carQuantities maxCars --input_var n_classes optionsRequired blockSize n_cars carQuantities n_options maxCars --example n_cars=200 n...,0,0,0,0,0,1,0,0,0,0,0,1,0,0,0,0,1,0,0,0,0,0,0,0,0,1,0]] 2>&1 | sed ""s/^/% /"" ; cat -u /app/model.mzn 2>/dev/null ; rm -f /app/model.mzn'
	in container ARNOLD_MPMMine-P002M001_92275:
	exit code: 255
	error: exec /usr/bin/bash: argument list too long
, Failed to run:
	bash -c 'python /app/code/run.py --var setup n_cars slot n_classes n_options optionsRequired blockSize carQuantities maxCars --input_var n_classes optionsRequired blockSize n_cars carQuantities n_options maxCars --example n_cars=200 n...,0,1,0,0,0,0,1,0,0,0,0,0,1,0,0,0,0,0,0,0,0,1,0,0,0,0,0]] 2>&1 | sed ""s/^/% /"" ; cat -u /app/model.mzn 2>/dev/null ; rm -f /app/model.mzn'
	in container ARNOLD_MPMMine-P002M001_92275:
	exit code: 255
	error: exec /usr/bin/bash: argument list too long
",0.0,0.0,,684168.1598850996,4.467389603245371,0.0,0.0,MPMMine-P002M001I017,ARNOLD/problems/P002/models/M001/instances/I017/100
ARNOLD,MPMMine-P002,MPMMine-P002M001,MPMMine-P002M001I018,2,2,0,5,1.0,0.0,200.0,0.0,1000,0.0,0.0,,0.909,0.023135236520726847,Timeout while verifying an example,33.60645021661185,21.52898362063842,1103867.6009565964,19260.553623425963,MPMMine-P002M001I018,ARNOLD/problems/P002/models/M001/instances/I018/2
ARNOLD,MPMMine-P002,MPMMine-P002M001,MPMMine-P002M001I018,10,10,0,5,1.0,0.0,200.0,0.0,1000,0.0,0.0,,0.909,0.023135236520726847,Timeout while verifying an example,150.17041479980108,85.74864172426604,1104676.044123359,35386.959941900044,MPMMine-P002M001I018,ARNOLD/problems/P002/models/M001/instances/I018/10
ARNOLD,MPMMine-P002,MPMMine-P002M001,MPMMine-P002M001I018,30,30,0,5,1.0,0.0,200.0,0.0,1000,0.0,0.0,,0.909,0.023135236520726847,Timeout while verifying an example,365.5375974251889,35.23394090207048,1105152.4452833552,40460.824853366306,MPMMine-P002M001I018,ARNOLD/problems/P002/models/M001/instances/I018/30
ARNOLD,MPMMine-P002,MPMMine-P002M001,MPMMine-P002M001I018,50,50,0,5,,,200.0,0.0,1000,1.0,0.0,"Failed to run:
	bash -c 'python /app/code/run.py --var carQuantities setup blockSize optionsRequired n_options n_classes slot maxCars n_cars --input_var n_classes carQuantities blockSize maxCars optionsRequired n_cars n_options --example n_cars=200 n...,0,0,0,0,0,0,0,0,0,0,0,0,0,0,1,0,0,0,0,0,0,0,0,0,0,0,1]] 2>&1 | sed ""s/^/% /"" ; cat -u /app/model.mzn 2>/dev/null ; rm -f /app/model.mzn'
	in container ARNOLD_MPMMine-P002M001_92257:
	exit code: 255
	error: exec /usr/bin/bash: argument list too long
, Failed to run:
	bash -c 'python /app/code/run.py --var carQuantities setup blockSize optionsRequired n_options n_classes slot maxCars n_cars --input_var n_classes carQuantities blockSize maxCars optionsRequired n_cars n_options --example n_cars=200 n...,0,0,0,0,0,1,0,0,0,0,0,0,0,0,1,0,0,0,0,0,0,0,0,0,0,1,0]] 2>&1 | sed ""s/^/% /"" ; cat -u /app/model.mzn 2>/dev/null ; rm -f /app/model.mzn'
	in container ARNOLD_MPMMine-P002M001_92257:
	exit code: 255
	error: exec /usr/bin/bash: argument list too long
, Failed to run:
	bash -c 'python /app/code/run.py --var carQuantities setup blockSize optionsRequired n_options n_classes slot maxCars n_cars --input_var n_classes carQuantities blockSize maxCars optionsRequired n_cars n_options --example n_cars=200 n...,0,0,0,0,0,0,1,0,0,0,0,1,0,0,0,0,0,0,0,0,0,0,0,1,0,0,0]] 2>&1 | sed ""s/^/% /"" ; cat -u /app/model.mzn 2>/dev/null ; rm -f /app/model.mzn'
	in container ARNOLD_MPMMine-P002M001_92257:
	exit code: 255
	error: exec /usr/bin/bash: argument list too long
, Failed to run:
	bash -c 'python /app/code/run.py --var carQuantities setup blockSize optionsRequired n_options n_classes slot maxCars n_cars --input_var n_classes carQuantities blockSize maxCars optionsRequired n_cars n_options --example n_cars=200 n...,0,0,0,0,0,0,0,0,0,0,0,1,0,0,0,0,0,0,0,0,0,0,0,0,0,1,0]] 2>&1 | sed ""s/^/% /"" ; cat -u /app/model.mzn 2>/dev/null ; rm -f /app/model.mzn'
	in container ARNOLD_MPMMine-P002M001_92257:
	exit code: 255
	error: exec /usr/bin/bash: argument list too long
, Failed to run:
	bash -c 'python /app/code/run.py --var carQuantities setup blockSize optionsRequired n_options n_classes slot maxCars n_cars --input_var n_classes carQuantities blockSize maxCars optionsRequired n_cars n_options --example n_cars=200 n...,0,0,0,1,0,0,0,0,1,0,0,0,0,1,0,0,0,0,0,0,0,1,0,0,0,0,0]] 2>&1 | sed ""s/^/% /"" ; cat -u /app/model.mzn 2>/dev/null ; rm -f /app/model.mzn'
	in container ARNOLD_MPMMine-P002M001_92257:
	exit code: 255
	error: exec /usr/bin/bash: argument list too long
",0.0,0.0,,700047.6240733748,1.7721915801305759,0.0,0.0,MPMMine-P002M001I018,ARNOLD/problems/P002/models/M001/instances/I018/50
ARNOLD,MPMMine-P002,MPMMine-P002M001,MPMMine-P002M001I018,75,75,0,5,,,200.0,0.0,1000,1.0,0.0,"Failed to run:
	bash -c 'python /app/code/run.py --var carQuantities setup blockSize optionsRequired n_options n_classes slot maxCars n_cars --input_var n_classes carQuantities blockSize maxCars optionsRequired n_cars n_options --example n_cars=200 n...,0,0,0,0,0,0,0,1,0,0,0,0,0,0,0,0,1,0,0,0,0,1,0,0,0,0,0]] 2>&1 | sed ""s/^/% /"" ; cat -u /app/model.mzn 2>/dev/null ; rm -f /app/model.mzn'
	in container ARNOLD_MPMMine-P002M001_92257:
	exit code: 255
	error: exec /usr/bin/bash: argument list too long
, Failed to run:
	bash -c 'python /app/code/run.py --var carQuantities setup blockSize optionsRequired n_options n_classes slot maxCars n_cars --input_var n_classes carQuantities blockSize maxCars optionsRequired n_cars n_options --example n_cars=200 n...,0,0,1,0,0,0,0,1,0,0,0,0,0,1,0,0,0,0,0,0,0,0,0,0,0,0,0]] 2>&1 | sed ""s/^/% /"" ; cat -u /app/model.mzn 2>/dev/null ; rm -f /app/model.mzn'
	in container ARNOLD_MPMMine-P002M001_92257:
	exit code: 255
	error: exec /usr/bin/bash: argument list too long
, Failed to run:
	bash -c 'python /app/code/run.py --var carQuantities setup blockSize optionsRequired n_options n_classes slot maxCars n_cars --input_var n_classes carQuantities blockSize maxCars optionsRequired n_cars n_options --example n_cars=200 n...,0,0,0,0,0,0,0,0,1,0,0,0,0,0,0,0,0,0,1,0,0,0,0,0,0,0,0]] 2>&1 | sed ""s/^/% /"" ; cat -u /app/model.mzn 2>/dev/null ; rm -f /app/model.mzn'
	in container ARNOLD_MPMMine-P002M001_92257:
	exit code: 255
	error: exec /usr/bin/bash: argument list too long
, Failed to run:
	bash -c 'python /app/code/run.py --var carQuantities setup blockSize optionsRequired n_options n_classes slot maxCars n_cars --input_var n_classes carQuantities blockSize maxCars optionsRequired n_cars n_options --example n_cars=200 n...,0,0,0,0,0,0,1,0,0,0,0,0,0,0,0,0,0,0,1,0,0,0,0,0,0,1,0]] 2>&1 | sed ""s/^/% /"" ; cat -u /app/model.mzn 2>/dev/null ; rm -f /app/model.mzn'
	in container ARNOLD_MPMMine-P002M001_92257:
	exit code: 255
	error: exec /usr/bin/bash: argument list too long
, Failed to run:
	bash -c 'python /app/code/run.py --var carQuantities setup blockSize optionsRequired n_options n_classes slot maxCars n_cars --input_var n_classes carQuantities blockSize maxCars optionsRequired n_cars n_options --example n_cars=200 n...,0,0,0,0,1,0,0,0,0,0,0,0,0,0,0,0,0,0,0,1,0,0,0,0,0,0,0]] 2>&1 | sed ""s/^/% /"" ; cat -u /app/model.mzn 2>/dev/null ; rm -f /app/model.mzn'
	in container ARNOLD_MPMMine-P002M001_92257:
	exit code: 255
	error: exec /usr/bin/bash: argument list too long
",0.0,0.0,,700055.693522708,2.588439644935568,0.0,0.0,MPMMine-P002M001I018,ARNOLD/problems/P002/models/M001/instances/I018/75
ARNOLD,MPMMine-P002,MPMMine-P002M001,MPMMine-P002M001I018,100,100,0,5,,,200.0,0.0,1000,1.0,0.0,"Failed to run:
	bash -c 'python /app/code/run.py --var carQuantities setup blockSize optionsRequired n_options n_classes slot maxCars n_cars --input_var n_classes carQuantities blockSize maxCars optionsRequired n_cars n_options --example n_cars=200 n...,0,0,0,0,0,1,0,0,0,0,0,0,0,0,1,0,0,0,0,0,0,0,0,0,0,1,0]] 2>&1 | sed ""s/^/% /"" ; cat -u /app/model.mzn 2>/dev/null ; rm -f /app/model.mzn'
	in container ARNOLD_MPMMine-P002M001_92257:
	exit code: 255
	error: exec /usr/bin/bash: argument list too long
, Failed to run:
	bash -c 'python /app/code/run.py --var carQuantities setup blockSize optionsRequired n_options n_classes slot maxCars n_cars --input_var n_classes carQuantities blockSize maxCars optionsRequired n_cars n_options --example n_cars=200 n...,0,0,0,0,0,1,0,0,0,0,0,0,0,0,0,1,0,0,0,0,0,0,0,0,0,0,1]] 2>&1 | sed ""s/^/% /"" ; cat -u /app/model.mzn 2>/dev/null ; rm -f /app/model.mzn'
	in container ARNOLD_MPMMine-P002M001_92257:
	exit code: 255
	error: exec /usr/bin/bash: argument list too long
, Failed to run:
	bash -c 'python /app/code/run.py --var carQuantities setup blockSize optionsRequired n_options n_classes slot maxCars n_cars --input_var n_classes carQuantities blockSize maxCars optionsRequired n_cars n_options --example n_cars=200 n...,0,0,0,0,0,0,1,0,0,0,0,1,0,0,0,0,1,0,0,0,0,0,0,0,1,0,0]] 2>&1 | sed ""s/^/% /"" ; cat -u /app/model.mzn 2>/dev/null ; rm -f /app/model.mzn'
	in container ARNOLD_MPMMine-P002M001_92257:
	exit code: 255
	error: exec /usr/bin/bash: argument list too long
, Failed to run:
	bash -c 'python /app/code/run.py --var carQuantities setup blockSize optionsRequired n_options n_classes slot maxCars n_cars --input_var n_classes carQuantities blockSize maxCars optionsRequired n_cars n_options --example n_cars=200 n...,0,0,1,0,0,0,0,0,0,0,0,0,1,0,0,0,0,0,0,1,0,0,0,0,0,0,1]] 2>&1 | sed ""s/^/% /"" ; cat -u /app/model.mzn 2>/dev/null ; rm -f /app/model.mzn'
	in container ARNOLD_MPMMine-P002M001_92257:
	exit code: 255
	error: exec /usr/bin/bash: argument list too long
, Failed to run:
	bash -c 'python /app/code/run.py --var carQuantities setup blockSize optionsRequired n_options n_classes slot maxCars n_cars --input_var n_classes carQuantities blockSize maxCars optionsRequired n_cars n_options --example n_cars=200 n...,0,0,0,0,1,0,0,0,0,0,1,0,0,0,0,0,0,0,0,0,0,0,0,0,0,0,1]] 2>&1 | sed ""s/^/% /"" ; cat -u /app/model.mzn 2>/dev/null ; rm -f /app/model.mzn'
	in container ARNOLD_MPMMine-P002M001_92257:
	exit code: 255
	error: exec /usr/bin/bash: argument list too long
",0.0,0.0,,700066.312694958,3.714641232533277,0.0,0.0,MPMMine-P002M001I018,ARNOLD/problems/P002/models/M001/instances/I018/100
ARNOLD,MPMMine-P002,MPMMine-P002M001,MPMMine-P002M001I019,2,2,0,5,1.0,0.0,200.0,0.0,1000,0.0,0.0,,0.932,0.014988939025358437,Timeout while verifying an example,23.4237589166034,2.170840869937238,1125850.2376249619,17954.843343300705,MPMMine-P002M001I019,ARNOLD/problems/P002/models/M001/instances/I019/2
ARNOLD,MPMMine-P002,MPMMine-P002M001,MPMMine-P002M001I019,10,10,0,5,1.0,0.0,200.0,0.0,1000,0.0,0.0,,0.932,0.014988939025358437,Timeout while verifying an example,108.2541291333735,8.634587453124583,1125794.2141566426,17968.15279630035,MPMMine-P002M001I019,ARNOLD/problems/P002/models/M001/instances/I019/10
ARNOLD,MPMMine-P002,MPMMine-P002M001,MPMMine-P002M001I019,30,30,0,5,1.0,0.0,200.0,0.0,1000,0.0,0.0,,0.932,0.014988939025358437,Timeout while verifying an example,331.4262789086439,25.34593878220998,1125804.9306083564,17940.56677391086,MPMMine-P002M001I019,ARNOLD/problems/P002/models/M001/instances/I019/30
ARNOLD,MPMMine-P002,MPMMine-P002M001,MPMMine-P002M001I019,50,50,0,5,,,200.0,0.0,1000,1.0,0.0,"Failed to run:
	bash -c 'python /app/code/run.py --var optionsRequired n_classes carQuantities n_cars maxCars n_options setup slot blockSize --input_var optionsRequired n_classes carQuantities n_options n_cars blockSize maxCars --example n_cars=200 n...,0,0,0,0,0,0,0,0,0,0,1,0,0,0,0,1,0,0,0,0,0,0,1,0,0,0,0]] 2>&1 | sed ""s/^/% /"" ; cat -u /app/model.mzn 2>/dev/null ; rm -f /app/model.mzn'
	in container ARNOLD_MPMMine-P002M001_92252:
	exit code: 255
	error: exec /usr/bin/bash: argument list too long
, Failed to run:
	bash -c 'python /app/code/run.py --var optionsRequired n_classes carQuantities n_cars maxCars n_options setup slot blockSize --input_var optionsRequired n_classes carQuantities n_options n_cars blockSize maxCars --example n_cars=200 n...,0,1,0,0,0,0,0,0,0,0,0,0,0,1,0,0,0,0,1,0,0,0,0,0,0,0,0]] 2>&1 | sed ""s/^/% /"" ; cat -u /app/model.mzn 2>/dev/null ; rm -f /app/model.mzn'
	in container ARNOLD_MPMMine-P002M001_92252:
	exit code: 255
	error: exec /usr/bin/bash: argument list too long
, Failed to run:
	bash -c 'python /app/code/run.py --var optionsRequired n_classes carQuantities n_cars maxCars n_options setup slot blockSize --input_var optionsRequired n_classes carQuantities n_options n_cars blockSize maxCars --example n_cars=200 n...,0,0,0,0,0,0,0,0,0,0,0,0,1,0,0,0,0,0,0,0,0,0,0,0,0,0,1]] 2>&1 | sed ""s/^/% /"" ; cat -u /app/model.mzn 2>/dev/null ; rm -f /app/model.mzn'
	in container ARNOLD_MPMMine-P002M001_92252:
	exit code: 255
	error: exec /usr/bin/bash: argument list too long
, Failed to run:
	bash -c 'python /app/code/run.py --var optionsRequired n_classes carQuantities n_cars maxCars n_options setup slot blockSize --input_var optionsRequired n_classes carQuantities n_options n_cars blockSize maxCars --example n_cars=200 n...,0,0,0,0,1,0,0,0,0,0,0,0,0,0,0,0,0,0,1,0,0,0,0,1,0,0,0]] 2>&1 | sed ""s/^/% /"" ; cat -u /app/model.mzn 2>/dev/null ; rm -f /app/model.mzn'
	in container ARNOLD_MPMMine-P002M001_92252:
	exit code: 255
	error: exec /usr/bin/bash: argument list too long
, Failed to run:
	bash -c 'python /app/code/run.py --var optionsRequired n_classes carQuantities n_cars maxCars n_options setup slot blockSize --input_var optionsRequired n_classes carQuantities n_options n_cars blockSize maxCars --example n_cars=200 n...,0,0,0,0,0,0,0,0,0,0,0,0,1,0,0,0,0,0,0,0,0,0,0,1,0,0,0]] 2>&1 | sed ""s/^/% /"" ; cat -u /app/model.mzn 2>/dev/null ; rm -f /app/model.mzn'
	in container ARNOLD_MPMMine-P002M001_92252:
	exit code: 255
	error: exec /usr/bin/bash: argument list too long
",0.0,0.0,,702114.746893108,2.21684911460674,0.0,0.0,MPMMine-P002M001I019,ARNOLD/problems/P002/models/M001/instances/I019/50
ARNOLD,MPMMine-P002,MPMMine-P002M001,MPMMine-P002M001I019,75,75,0,5,,,200.0,0.0,1000,1.0,0.0,"Failed to run:
	bash -c 'python /app/code/run.py --var optionsRequired n_classes carQuantities n_cars maxCars n_options setup slot blockSize --input_var optionsRequired n_classes carQuantities n_options n_cars blockSize maxCars --example n_cars=200 n...,0,0,0,0,0,0,0,0,0,0,1,0,0,0,0,1,0,0,0,0,0,0,0,0,0,0,0]] 2>&1 | sed ""s/^/% /"" ; cat -u /app/model.mzn 2>/dev/null ; rm -f /app/model.mzn'
	in container ARNOLD_MPMMine-P002M001_92252:
	exit code: 255
	error: exec /usr/bin/bash: argument list too long
, Failed to run:
	bash -c 'python /app/code/run.py --var optionsRequired n_classes carQuantities n_cars maxCars n_options setup slot blockSize --input_var optionsRequired n_classes carQuantities n_options n_cars blockSize maxCars --example n_cars=200 n...,0,0,0,0,1,0,0,0,0,1,0,0,0,0,0,0,1,0,0,0,0,0,1,0,0,0,0]] 2>&1 | sed ""s/^/% /"" ; cat -u /app/model.mzn 2>/dev/null ; rm -f /app/model.mzn'
	in container ARNOLD_MPMMine-P002M001_92252:
	exit code: 255
	error: exec /usr/bin/bash: argument list too long
, Failed to run:
	bash -c 'python /app/code/run.py --var optionsRequired n_classes carQuantities n_cars maxCars n_options setup slot blockSize --input_var optionsRequired n_classes carQuantities n_options n_cars blockSize maxCars --example n_cars=200 n...,0,0,1,0,0,0,0,0,0,0,0,0,0,0,0,1,0,0,0,0,0,0,0,0,0,0,1]] 2>&1 | sed ""s/^/% /"" ; cat -u /app/model.mzn 2>/dev/null ; rm -f /app/model.mzn'
	in container ARNOLD_MPMMine-P002M001_92252:
	exit code: 255
	error: exec /usr/bin/bash: argument list too long
, Failed to run:
	bash -c 'python /app/code/run.py --var optionsRequired n_classes carQuantities n_cars maxCars n_options setup slot blockSize --input_var optionsRequired n_classes carQuantities n_options n_cars blockSize maxCars --example n_cars=200 n...,1,0,0,0,0,0,0,0,0,1,0,0,0,0,0,0,0,0,1,0,0,0,0,0,0,0,0]] 2>&1 | sed ""s/^/% /"" ; cat -u /app/model.mzn 2>/dev/null ; rm -f /app/model.mzn'
	in container ARNOLD_MPMMine-P002M001_92252:
	exit code: 255
	error: exec /usr/bin/bash: argument list too long
, Failed to run:
	bash -c 'python /app/code/run.py --var optionsRequired n_classes carQuantities n_cars maxCars n_options setup slot blockSize --input_var optionsRequired n_classes carQuantities n_options n_cars blockSize maxCars --example n_cars=200 n...,0,0,0,0,0,0,0,1,0,0,0,0,0,0,0,0,0,0,0,0,0,0,1,0,0,0,0]] 2>&1 | sed ""s/^/% /"" ; cat -u /app/model.mzn 2>/dev/null ; rm -f /app/model.mzn'
	in container ARNOLD_MPMMine-P002M001_92252:
	exit code: 255
	error: exec /usr/bin/bash: argument list too long
",0.0,0.0,,702123.6487911664,2.925220429162778,0.0,0.0,MPMMine-P002M001I019,ARNOLD/problems/P002/models/M001/instances/I019/75
ARNOLD,MPMMine-P002,MPMMine-P002M001,MPMMine-P002M001I019,100,100,0,5,,,200.0,0.0,1000,1.0,0.0,"Failed to run:
	bash -c 'python /app/code/run.py --var optionsRequired n_classes carQuantities n_cars maxCars n_options setup slot blockSize --input_var optionsRequired n_classes carQuantities n_options n_cars blockSize maxCars --example n_cars=200 n...,0,0,0,0,0,0,0,0,1,0,0,0,0,0,0,1,0,0,0,0,0,0,1,0,0,0,0]] 2>&1 | sed ""s/^/% /"" ; cat -u /app/model.mzn 2>/dev/null ; rm -f /app/model.mzn'
	in container ARNOLD_MPMMine-P002M001_92252:
	exit code: 255
	error: exec /usr/bin/bash: argument list too long
, Failed to run:
	bash -c 'python /app/code/run.py --var optionsRequired n_classes carQuantities n_cars maxCars n_options setup slot blockSize --input_var optionsRequired n_classes carQuantities n_options n_cars blockSize maxCars --example n_cars=200 n...,0,0,0,0,0,0,0,0,0,0,0,0,0,0,0,0,0,0,0,0,1,0,0,0,0,1,0]] 2>&1 | sed ""s/^/% /"" ; cat -u /app/model.mzn 2>/dev/null ; rm -f /app/model.mzn'
	in container ARNOLD_MPMMine-P002M001_92252:
	exit code: 255
	error: exec /usr/bin/bash: argument list too long
, Failed to run:
	bash -c 'python /app/code/run.py --var optionsRequired n_classes carQuantities n_cars maxCars n_options setup slot blockSize --input_var optionsRequired n_classes carQuantities n_options n_cars blockSize maxCars --example n_cars=200 n...,0,0,0,0,0,0,0,0,0,0,1,0,0,0,0,0,0,1,0,0,0,0,1,0,0,0,0]] 2>&1 | sed ""s/^/% /"" ; cat -u /app/model.mzn 2>/dev/null ; rm -f /app/model.mzn'
	in container ARNOLD_MPMMine-P002M001_92252:
	exit code: 255
	error: exec /usr/bin/bash: argument list too long
, Failed to run:
	bash -c 'python /app/code/run.py --var optionsRequired n_classes carQuantities n_cars maxCars n_options setup slot blockSize --input_var optionsRequired n_classes carQuantities n_options n_cars blockSize maxCars --example n_cars=200 n...,0,0,0,0,0,1,0,0,0,0,0,0,0,0,0,0,0,0,0,0,0,0,0,0,0,0,0]] 2>&1 | sed ""s/^/% /"" ; cat -u /app/model.mzn 2>/dev/null ; rm -f /app/model.mzn'
	in container ARNOLD_MPMMine-P002M001_92252:
	exit code: 255
	error: exec /usr/bin/bash: argument list too long
, Failed to run:
	bash -c 'python /app/code/run.py --var optionsRequired n_classes carQuantities n_cars maxCars n_options setup slot blockSize --input_var optionsRequired n_classes carQuantities n_options n_cars blockSize maxCars --example n_cars=200 n...,0,0,0,0,0,0,0,0,0,0,0,0,0,0,0,0,0,0,0,0,0,0,1,0,0,0,0]] 2>&1 | sed ""s/^/% /"" ; cat -u /app/model.mzn 2>/dev/null ; rm -f /app/model.mzn'
	in container ARNOLD_MPMMine-P002M001_92252:
	exit code: 255
	error: exec /usr/bin/bash: argument list too long
",0.0,0.0,,702135.5618172083,4.177193675513592,0.0,0.0,MPMMine-P002M001I019,ARNOLD/problems/P002/models/M001/instances/I019/100
ARNOLD,MPMMine-P002,MPMMine-P002M001,MPMMine-P002M001I020,2,2,0,5,1.0,0.0,200.0,0.0,1000,0.0,0.0,,0.929,0.014878318037300517,Timeout while verifying an example,29.597294408618474,2.667226938887828,1122306.8772566738,17504.464501908915,MPMMine-P002M001I020,ARNOLD/problems/P002/models/M001/instances/I020/2
ARNOLD,MPMMine-P002,MPMMine-P002M001,MPMMine-P002M001I020,10,10,0,5,1.0,0.0,200.0,0.0,1000,0.0,0.0,,0.929,0.014878318037300517,Timeout while verifying an example,131.34718125842045,10.71670875993549,1122253.697763281,17602.93828476284,MPMMine-P002M001I020,ARNOLD/problems/P002/models/M001/instances/I020/10
ARNOLD,MPMMine-P002,MPMMine-P002M001,MPMMine-P002M001I020,30,30,0,5,1.0,0.0,200.0,0.0,1000,0.0,0.0,,0.929,0.014878318037300517,Timeout while verifying an example,392.2058497334132,28.14999930257376,1122261.6409899574,17619.449856029896,MPMMine-P002M001I020,ARNOLD/problems/P002/models/M001/instances/I020/30
ARNOLD,MPMMine-P002,MPMMine-P002M001,MPMMine-P002M001I020,50,50,0,5,,,200.0,0.0,1000,1.0,0.0,"Failed to run:
	bash -c 'python /app/code/run.py --var carQuantities optionsRequired n_classes blockSize maxCars n_cars setup slot n_options --input_var carQuantities optionsRequired n_classes n_options blockSize maxCars n_cars --example n_cars=200 n...,0,0,0,0,0,0,0,1,0,0,0,0,0,0,0,0,1,0,0,0,0,0,0,0,0,0,0]] 2>&1 | sed ""s/^/% /"" ; cat -u /app/model.mzn 2>/dev/null ; rm -f /app/model.mzn'
	in container ARNOLD_MPMMine-P002M001_92269:
	exit code: 255
	error: exec /usr/bin/bash: argument list too long
, Failed to run:
	bash -c 'python /app/code/run.py --var carQuantities optionsRequired n_classes blockSize maxCars n_cars setup slot n_options --input_var carQuantities optionsRequired n_classes n_options blockSize maxCars n_cars --example n_cars=200 n...,0,0,0,0,0,0,0,0,0,1,0,0,0,0,0,0,0,0,1,0,0,0,0,0,0,0,0]] 2>&1 | sed ""s/^/% /"" ; cat -u /app/model.mzn 2>/dev/null ; rm -f /app/model.mzn'
	in container ARNOLD_MPMMine-P002M001_92269:
	exit code: 255
	error: exec /usr/bin/bash: argument list too long
, Failed to run:
	bash -c 'python /app/code/run.py --var carQuantities optionsRequired n_classes blockSize maxCars n_cars setup slot n_options --input_var carQuantities optionsRequired n_classes n_options blockSize maxCars n_cars --example n_cars=200 n...,1,0,0,0,0,0,0,0,0,0,1,0,0,0,0,0,0,1,0,0,0,0,0,0,0,0,0]] 2>&1 | sed ""s/^/% /"" ; cat -u /app/model.mzn 2>/dev/null ; rm -f /app/model.mzn'
	in container ARNOLD_MPMMine-P002M001_92269:
	exit code: 255
	error: exec /usr/bin/bash: argument list too long
, Failed to run:
	bash -c 'python /app/code/run.py --var carQuantities optionsRequired n_classes blockSize maxCars n_cars setup slot n_options --input_var carQuantities optionsRequired n_classes n_options blockSize maxCars n_cars --example n_cars=200 n...,0,0,1,0,0,0,0,0,0,0,0,1,0,0,0,0,0,0,0,0,0,0,0,1,0,0,0]] 2>&1 | sed ""s/^/% /"" ; cat -u /app/model.mzn 2>/dev/null ; rm -f /app/model.mzn'
	in container ARNOLD_MPMMine-P002M001_92269:
	exit code: 255
	error: exec /usr/bin/bash: argument list too long
, Failed to run:
	bash -c 'python /app/code/run.py --var carQuantities optionsRequired n_classes blockSize maxCars n_cars setup slot n_options --input_var carQuantities optionsRequired n_classes n_options blockSize maxCars n_cars --example n_cars=200 n...,0,0,0,0,0,0,0,0,0,0,0,0,1,0,0,0,0,0,0,0,0,0,0,0,0,1,0]] 2>&1 | sed ""s/^/% /"" ; cat -u /app/model.mzn 2>/dev/null ; rm -f /app/model.mzn'
	in container ARNOLD_MPMMine-P002M001_92269:
	exit code: 255
	error: exec /usr/bin/bash: argument list too long
",0.0,0.0,,705597.1426945998,1.8456030046958618,0.0,0.0,MPMMine-P002M001I020,ARNOLD/problems/P002/models/M001/instances/I020/50
ARNOLD,MPMMine-P002,MPMMine-P002M001,MPMMine-P002M001I020,75,75,0,5,,,200.0,0.0,1000,1.0,0.0,"Failed to run:
	bash -c 'python /app/code/run.py --var carQuantities optionsRequired n_classes blockSize maxCars n_cars setup slot n_options --input_var carQuantities optionsRequired n_classes n_options blockSize maxCars n_cars --example n_cars=200 n...,0,0,0,0,0,0,1,0,0,0,0,0,0,1,0,0,0,0,0,0,0,0,0,0,0,0,0]] 2>&1 | sed ""s/^/% /"" ; cat -u /app/model.mzn 2>/dev/null ; rm -f /app/model.mzn'
	in container ARNOLD_MPMMine-P002M001_92269:
	exit code: 255
	error: exec /usr/bin/bash: argument list too long
, Failed to run:
	bash -c 'python /app/code/run.py --var carQuantities optionsRequired n_classes blockSize maxCars n_cars setup slot n_options --input_var carQuantities optionsRequired n_classes n_options blockSize maxCars n_cars --example n_cars=200 n...,0,1,0,0,0,0,0,0,0,1,0,0,0,0,0,0,0,0,0,0,1,0,0,0,0,0,0]] 2>&1 | sed ""s/^/% /"" ; cat -u /app/model.mzn 2>/dev/null ; rm -f /app/model.mzn'
	in container ARNOLD_MPMMine-P002M001_92269:
	exit code: 255
	error: exec /usr/bin/bash: argument list too long
, Failed to run:
	bash -c 'python /app/code/run.py --var carQuantities optionsRequired n_classes blockSize maxCars n_cars setup slot n_options --input_var carQuantities optionsRequired n_classes n_options blockSize maxCars n_cars --example n_cars=200 n...,0,0,0,0,0,0,0,1,0,0,0,0,1,0,0,0,0,1,0,0,0,0,0,0,0,1,0]] 2>&1 | sed ""s/^/% /"" ; cat -u /app/model.mzn 2>/dev/null ; rm -f /app/model.mzn'
	in container ARNOLD_MPMMine-P002M001_92269:
	exit code: 255
	error: exec /usr/bin/bash: argument list too long
, Failed to run:
	bash -c 'python /app/code/run.py --var carQuantities optionsRequired n_classes blockSize maxCars n_cars setup slot n_options --input_var carQuantities optionsRequired n_classes n_options blockSize maxCars n_cars --example n_cars=200 n...,0,0,0,0,0,1,0,0,0,0,0,0,0,0,0,0,0,0,1,0,0,0,0,1,0,0,0]] 2>&1 | sed ""s/^/% /"" ; cat -u /app/model.mzn 2>/dev/null ; rm -f /app/model.mzn'
	in container ARNOLD_MPMMine-P002M001_92269:
	exit code: 255
	error: exec /usr/bin/bash: argument list too long
, Failed to run:
	bash -c 'python /app/code/run.py --var carQuantities optionsRequired n_classes blockSize maxCars n_cars setup slot n_options --input_var carQuantities optionsRequired n_classes n_options blockSize maxCars n_cars --example n_cars=200 n...,0,0,1,0,0,0,0,0,0,0,0,0,0,0,0,0,0,0,0,0,0,0,0,0,0,0,0]] 2>&1 | sed ""s/^/% /"" ; cat -u /app/model.mzn 2>/dev/null ; rm -f /app/model.mzn'
	in container ARNOLD_MPMMine-P002M001_92269:
	exit code: 255
	error: exec /usr/bin/bash: argument list too long
",0.0,0.0,,705605.5201979663,2.8102896957286165,0.0,0.0,MPMMine-P002M001I020,ARNOLD/problems/P002/models/M001/instances/I020/75
ARNOLD,MPMMine-P002,MPMMine-P002M001,MPMMine-P002M001I020,100,100,0,5,,,200.0,0.0,1000,1.0,0.0,"Failed to run:
	bash -c 'python /app/code/run.py --var carQuantities optionsRequired n_classes blockSize maxCars n_cars setup slot n_options --input_var carQuantities optionsRequired n_classes n_options blockSize maxCars n_cars --example n_cars=200 n...,0,0,1,0,0,0,0,0,0,0,0,0,0,0,0,0,0,0,1,0,0,0,0,0,0,0,0]] 2>&1 | sed ""s/^/% /"" ; cat -u /app/model.mzn 2>/dev/null ; rm -f /app/model.mzn'
	in container ARNOLD_MPMMine-P002M001_92269:
	exit code: 255
	error: exec /usr/bin/bash: argument list too long
, Failed to run:
	bash -c 'python /app/code/run.py --var carQuantities optionsRequired n_classes blockSize maxCars n_cars setup slot n_options --input_var carQuantities optionsRequired n_classes n_options blockSize maxCars n_cars --example n_cars=200 n...,0,0,0,0,0,1,0,0,0,0,0,0,0,0,1,0,0,0,0,0,0,0,1,0,0,0,0]] 2>&1 | sed ""s/^/% /"" ; cat -u /app/model.mzn 2>/dev/null ; rm -f /app/model.mzn'
	in container ARNOLD_MPMMine-P002M001_92269:
	exit code: 255
	error: exec /usr/bin/bash: argument list too long
, Failed to run:
	bash -c 'python /app/code/run.py --var carQuantities optionsRequired n_classes blockSize maxCars n_cars setup slot n_options --input_var carQuantities optionsRequired n_classes n_options blockSize maxCars n_cars --example n_cars=200 n...,0,0,0,0,0,0,1,0,0,0,0,0,0,0,0,1,0,0,0,0,1,0,0,0,0,0,0]] 2>&1 | sed ""s/^/% /"" ; cat -u /app/model.mzn 2>/dev/null ; rm -f /app/model.mzn'
	in container ARNOLD_MPMMine-P002M001_92269:
	exit code: 255
	error: exec /usr/bin/bash: argument list too long
, Failed to run:
	bash -c 'python /app/code/run.py --var carQuantities optionsRequired n_classes blockSize maxCars n_cars setup slot n_options --input_var carQuantities optionsRequired n_classes n_options blockSize maxCars n_cars --example n_cars=200 n...,0,0,0,0,0,0,0,1,0,0,0,0,0,0,1,0,0,0,0,0,0,0,0,0,0,0,0]] 2>&1 | sed ""s/^/% /"" ; cat -u /app/model.mzn 2>/dev/null ; rm -f /app/model.mzn'
	in container ARNOLD_MPMMine-P002M001_92269:
	exit code: 255
	error: exec /usr/bin/bash: argument list too long
, Failed to run:
	bash -c 'python /app/code/run.py --var carQuantities optionsRequired n_classes blockSize maxCars n_cars setup slot n_options --input_var carQuantities optionsRequired n_classes n_options blockSize maxCars n_cars --example n_cars=200 n...,0,0,0,0,0,0,0,1,0,0,0,0,0,0,0,0,0,0,1,0,0,0,0,0,0,0,0]] 2>&1 | sed ""s/^/% /"" ; cat -u /app/model.mzn 2>/dev/null ; rm -f /app/model.mzn'
	in container ARNOLD_MPMMine-P002M001_92269:
	exit code: 255
	error: exec /usr/bin/bash: argument list too long
",0.0,0.0,,705616.738968533,3.9955045799817723,0.0,0.0,MPMMine-P002M001I020,ARNOLD/problems/P002/models/M001/instances/I020/100
ARNOLD,MPMMine-P002,MPMMine-P002M001,MPMMine-P002M001I021,2,2,0,5,1.0,0.0,200.0,0.0,1000,0.0,0.0,,0.9400000000000001,0.01771651267182422,Timeout while verifying an example,32.08547801659442,2.4152829480695557,1135810.0257333135,21247.911588922474,MPMMine-P002M001I021,ARNOLD/problems/P002/models/M001/instances/I021/2
ARNOLD,MPMMine-P002,MPMMine-P002M001,MPMMine-P002M001I021,10,10,0,5,1.0,0.0,200.0,0.0,1000,0.0,0.0,,0.9400000000000001,0.01771651267182422,Timeout while verifying an example,143.1911162917968,8.900050802438203,1135830.0871383632,21227.667144350457,MPMMine-P002M001I021,ARNOLD/problems/P002/models/M001/instances/I021/10
ARNOLD,MPMMine-P002,MPMMine-P002M001,MPMMine-P002M001I021,30,30,0,5,1.0,0.0,200.0,0.0,1000,0.0,0.0,,0.9400000000000001,0.01771651267182422,Timeout while verifying an example,429.4533947748132,22.256400443034728,1137132.947231643,19609.36144153323,MPMMine-P002M001I021,ARNOLD/problems/P002/models/M001/instances/I021/30
ARNOLD,MPMMine-P002,MPMMine-P002M001,MPMMine-P002M001I021,50,50,0,5,,,200.0,0.0,1000,1.0,0.0,"Failed to run:
	bash -c 'python /app/code/run.py --var maxCars blockSize slot n_cars setup n_options n_classes carQuantities optionsRequired --input_var maxCars blockSize n_classes n_cars carQuantities n_options optionsRequired --example n_cars=200 n...,0,0,0,1,0,0,0,0,0,0,0,0,0,1,0,0,0,0,0,0,1,0,0,0,0,1,0]] 2>&1 | sed ""s/^/% /"" ; cat -u /app/model.mzn 2>/dev/null ; rm -f /app/model.mzn'
	in container ARNOLD_MPMMine-P002M001_92280:
	exit code: 255
	error: exec /usr/bin/bash: argument list too long
, Failed to run:
	bash -c 'python /app/code/run.py --var maxCars blockSize slot n_cars setup n_options n_classes carQuantities optionsRequired --input_var maxCars blockSize n_classes n_cars carQuantities n_options optionsRequired --example n_cars=200 n...,0,0,0,0,0,0,0,0,0,1,0,0,0,0,0,0,0,0,0,0,0,0,0,0,0,0,0]] 2>&1 | sed ""s/^/% /"" ; cat -u /app/model.mzn 2>/dev/null ; rm -f /app/model.mzn'
	in container ARNOLD_MPMMine-P002M001_92280:
	exit code: 255
	error: exec /usr/bin/bash: argument list too long
, Failed to run:
	bash -c 'python /app/code/run.py --var maxCars blockSize slot n_cars setup n_options n_classes carQuantities optionsRequired --input_var maxCars blockSize n_classes n_cars carQuantities n_options optionsRequired --example n_cars=200 n...,1,0,0,0,0,0,1,0,0,0,0,0,0,0,0,1,0,0,0,0,0,0,0,0,0,0,0]] 2>&1 | sed ""s/^/% /"" ; cat -u /app/model.mzn 2>/dev/null ; rm -f /app/model.mzn'
	in container ARNOLD_MPMMine-P002M001_92280:
	exit code: 255
	error: exec /usr/bin/bash: argument list too long
, Failed to run:
	bash -c 'python /app/code/run.py --var maxCars blockSize slot n_cars setup n_options n_classes carQuantities optionsRequired --input_var maxCars blockSize n_classes n_cars carQuantities n_options optionsRequired --example n_cars=200 n...,1,0,0,0,0,0,0,0,0,0,0,0,0,1,0,0,0,0,0,0,1,0,0,0,0,0,0]] 2>&1 | sed ""s/^/% /"" ; cat -u /app/model.mzn 2>/dev/null ; rm -f /app/model.mzn'
	in container ARNOLD_MPMMine-P002M001_92280:
	exit code: 255
	error: exec /usr/bin/bash: argument list too long
, Failed to run:
	bash -c 'python /app/code/run.py --var maxCars blockSize slot n_cars setup n_options n_classes carQuantities optionsRequired --input_var maxCars blockSize n_classes n_cars carQuantities n_options optionsRequired --example n_cars=200 n...,0,1,0,0,0,0,0,0,0,0,0,0,0,0,1,0,0,0,0,1,0,0,0,0,1,0,0]] 2>&1 | sed ""s/^/% /"" ; cat -u /app/model.mzn 2>/dev/null ; rm -f /app/model.mzn'
	in container ARNOLD_MPMMine-P002M001_92280:
	exit code: 255
	error: exec /usr/bin/bash: argument list too long
",0.0,0.0,,710258.6995383162,2.0039364920347764,0.0,0.0,MPMMine-P002M001I021,ARNOLD/problems/P002/models/M001/instances/I021/50
ARNOLD,MPMMine-P002,MPMMine-P002M001,MPMMine-P002M001I021,75,75,0,5,,,200.0,0.0,1000,1.0,0.0,"Failed to run:
	bash -c 'python /app/code/run.py --var maxCars blockSize slot n_cars setup n_options n_classes carQuantities optionsRequired --input_var maxCars blockSize n_classes n_cars carQuantities n_options optionsRequired --example n_cars=200 n...,0,0,0,0,0,0,0,1,0,0,0,0,0,1,0,0,0,0,1,0,0,0,0,0,0,0,1]] 2>&1 | sed ""s/^/% /"" ; cat -u /app/model.mzn 2>/dev/null ; rm -f /app/model.mzn'
	in container ARNOLD_MPMMine-P002M001_92280:
	exit code: 255
	error: exec /usr/bin/bash: argument list too long
, Failed to run:
	bash -c 'python /app/code/run.py --var maxCars blockSize slot n_cars setup n_options n_classes carQuantities optionsRequired --input_var maxCars blockSize n_classes n_cars carQuantities n_options optionsRequired --example n_cars=200 n...,1,0,0,0,0,0,0,1,0,0,0,0,0,0,0,0,0,0,0,0,0,0,0,0,1,0,0]] 2>&1 | sed ""s/^/% /"" ; cat -u /app/model.mzn 2>/dev/null ; rm -f /app/model.mzn'
	in container ARNOLD_MPMMine-P002M001_92280:
	exit code: 255
	error: exec /usr/bin/bash: argument list too long
, Failed to run:
	bash -c 'python /app/code/run.py --var maxCars blockSize slot n_cars setup n_options n_classes carQuantities optionsRequired --input_var maxCars blockSize n_classes n_cars carQuantities n_options optionsRequired --example n_cars=200 n...,0,0,0,0,0,0,1,0,0,0,0,1,0,0,0,0,0,0,1,0,0,0,0,0,0,1,0]] 2>&1 | sed ""s/^/% /"" ; cat -u /app/model.mzn 2>/dev/null ; rm -f /app/model.mzn'
	in container ARNOLD_MPMMine-P002M001_92280:
	exit code: 255
	error: exec /usr/bin/bash: argument list too long
, Failed to run:
	bash -c 'python /app/code/run.py --var maxCars blockSize slot n_cars setup n_options n_classes carQuantities optionsRequired --input_var maxCars blockSize n_classes n_cars carQuantities n_options optionsRequired --example n_cars=200 n...,0,0,0,0,0,0,0,1,0,0,0,0,0,0,0,0,1,0,0,0,0,0,0,0,0,0,0]] 2>&1 | sed ""s/^/% /"" ; cat -u /app/model.mzn 2>/dev/null ; rm -f /app/model.mzn'
	in container ARNOLD_MPMMine-P002M001_92280:
	exit code: 255
	error: exec /usr/bin/bash: argument list too long
, Failed to run:
	bash -c 'python /app/code/run.py --var maxCars blockSize slot n_cars setup n_options n_classes carQuantities optionsRequired --input_var maxCars blockSize n_classes n_cars carQuantities n_options optionsRequired --example n_cars=200 n...,0,0,0,1,0,0,0,0,0,0,0,0,0,0,0,0,0,0,0,0,0,0,0,0,0,1,0]] 2>&1 | sed ""s/^/% /"" ; cat -u /app/model.mzn 2>/dev/null ; rm -f /app/model.mzn'
	in container ARNOLD_MPMMine-P002M001_92280:
	exit code: 255
	error: exec /usr/bin/bash: argument list too long
",0.0,0.0,,710267.997463708,3.291598623175945,0.0,0.0,MPMMine-P002M001I021,ARNOLD/problems/P002/models/M001/instances/I021/75
ARNOLD,MPMMine-P002,MPMMine-P002M001,MPMMine-P002M001I021,100,100,0,5,,,200.0,0.0,1000,1.0,0.0,"Failed to run:
	bash -c 'python /app/code/run.py --var maxCars blockSize slot n_cars setup n_options n_classes carQuantities optionsRequired --input_var maxCars blockSize n_classes n_cars carQuantities n_options optionsRequired --example n_cars=200 n...,0,1,0,0,0,0,1,0,0,0,0,0,0,0,1,0,0,0,0,1,0,0,0,0,1,0,0]] 2>&1 | sed ""s/^/% /"" ; cat -u /app/model.mzn 2>/dev/null ; rm -f /app/model.mzn'
	in container ARNOLD_MPMMine-P002M001_92280:
	exit code: 255
	error: exec /usr/bin/bash: argument list too long
, Failed to run:
	bash -c 'python /app/code/run.py --var maxCars blockSize slot n_cars setup n_options n_classes carQuantities optionsRequired --input_var maxCars blockSize n_classes n_cars carQuantities n_options optionsRequired --example n_cars=200 n...,0,0,0,0,0,0,0,0,0,0,0,0,0,0,0,0,0,1,0,0,0,0,0,0,1,0,0]] 2>&1 | sed ""s/^/% /"" ; cat -u /app/model.mzn 2>/dev/null ; rm -f /app/model.mzn'
	in container ARNOLD_MPMMine-P002M001_92280:
	exit code: 255
	error: exec /usr/bin/bash: argument list too long
, Failed to run:
	bash -c 'python /app/code/run.py --var maxCars blockSize slot n_cars setup n_options n_classes carQuantities optionsRequired --input_var maxCars blockSize n_classes n_cars carQuantities n_options optionsRequired --example n_cars=200 n...,0,0,0,0,0,1,0,0,0,0,0,0,0,0,0,0,0,0,0,0,0,0,0,0,0,0,1]] 2>&1 | sed ""s/^/% /"" ; cat -u /app/model.mzn 2>/dev/null ; rm -f /app/model.mzn'
	in container ARNOLD_MPMMine-P002M001_92280:
	exit code: 255
	error: exec /usr/bin/bash: argument list too long
, Failed to run:
	bash -c 'python /app/code/run.py --var maxCars blockSize slot n_cars setup n_options n_classes carQuantities optionsRequired --input_var maxCars blockSize n_classes n_cars carQuantities n_options optionsRequired --example n_cars=200 n...,0,0,0,0,0,0,0,0,0,0,0,0,0,1,0,0,0,0,0,0,0,0,0,0,0,1,0]] 2>&1 | sed ""s/^/% /"" ; cat -u /app/model.mzn 2>/dev/null ; rm -f /app/model.mzn'
	in container ARNOLD_MPMMine-P002M001_92280:
	exit code: 255
	error: exec /usr/bin/bash: argument list too long
, Failed to run:
	bash -c 'python /app/code/run.py --var maxCars blockSize slot n_cars setup n_options n_classes carQuantities optionsRequired --input_var maxCars blockSize n_classes n_cars carQuantities n_options optionsRequired --example n_cars=200 n...,0,0,0,0,0,0,1,0,0,0,0,0,0,0,0,1,0,0,0,0,1,0,0,0,0,0,0]] 2>&1 | sed ""s/^/% /"" ; cat -u /app/model.mzn 2>/dev/null ; rm -f /app/model.mzn'
	in container ARNOLD_MPMMine-P002M001_92280:
	exit code: 255
	error: exec /usr/bin/bash: argument list too long
",0.0,0.0,,710280.5773420996,4.484111762406094,0.0,0.0,MPMMine-P002M001I021,ARNOLD/problems/P002/models/M001/instances/I021/100
ARNOLD,MPMMine-P002,MPMMine-P002M001,MPMMine-P002M001I022,2,2,0,5,1.0,0.0,200.0,0.0,1000,0.0,0.0,,0.9120000000000001,0.01553022924944037,Timeout while verifying an example,29.104458466824145,0.6228566134722792,1103284.3717616424,18027.421932371057,MPMMine-P002M001I022,ARNOLD/problems/P002/models/M001/instances/I022/2
ARNOLD,MPMMine-P002,MPMMine-P002M001,MPMMine-P002M001I022,10,10,0,5,1.0,0.0,200.0,0.0,1000,0.0,0.0,,0.9120000000000001,0.01553022924944037,Timeout while verifying an example,132.7228657081956,2.7049767641161937,1103199.1334000463,18171.07043744408,MPMMine-P002M001I022,ARNOLD/problems/P002/models/M001/instances/I022/10
ARNOLD,MPMMine-P002,MPMMine-P002M001,MPMMine-P002M001I022,30,30,0,5,1.0,0.0,200.0,0.0,1000,0.0,0.0,,0.9120000000000001,0.01553022924944037,Timeout while verifying an example,444.25562181682324,150.77913128504585,1102529.9661416886,18327.186867408687,MPMMine-P002M001I022,ARNOLD/problems/P002/models/M001/instances/I022/30
ARNOLD,MPMMine-P002,MPMMine-P002M001,MPMMine-P002M001I022,50,50,0,5,,,200.0,0.0,1000,1.0,0.0,"Failed to run:
	bash -c 'python /app/code/run.py --var setup n_cars slot n_classes n_options optionsRequired blockSize carQuantities maxCars --input_var n_classes optionsRequired blockSize n_cars carQuantities n_options maxCars --example n_cars=200 n...,0,1,0,0,0,0,0,1,0,0,0,0,0,1,0,0,0,0,0,1,0,0,0,0,1,0,0]] 2>&1 | sed ""s/^/% /"" ; cat -u /app/model.mzn 2>/dev/null ; rm -f /app/model.mzn'
	in container ARNOLD_MPMMine-P002M001_92275:
	exit code: 255
	error: exec /usr/bin/bash: argument list too long
, Failed to run:
	bash -c 'python /app/code/run.py --var setup n_cars slot n_classes n_options optionsRequired blockSize carQuantities maxCars --input_var n_classes optionsRequired blockSize n_cars carQuantities n_options maxCars --example n_cars=200 n...,0,0,0,0,0,0,0,1,0,0,0,0,0,1,0,0,0,0,0,0,1,0,0,0,0,1,0]] 2>&1 | sed ""s/^/% /"" ; cat -u /app/model.mzn 2>/dev/null ; rm -f /app/model.mzn'
	in container ARNOLD_MPMMine-P002M001_92275:
	exit code: 255
	error: exec /usr/bin/bash: argument list too long
, Failed to run:
	bash -c 'python /app/code/run.py --var setup n_cars slot n_classes n_options optionsRequired blockSize carQuantities maxCars --input_var n_classes optionsRequired blockSize n_cars carQuantities n_options maxCars --example n_cars=200 n...,0,0,0,0,1,0,0,0,0,1,0,0,0,0,0,1,0,0,0,0,1,0,0,0,0,0,1]] 2>&1 | sed ""s/^/% /"" ; cat -u /app/model.mzn 2>/dev/null ; rm -f /app/model.mzn'
	in container ARNOLD_MPMMine-P002M001_92275:
	exit code: 255
	error: exec /usr/bin/bash: argument list too long
, Failed to run:
	bash -c 'python /app/code/run.py --var setup n_cars slot n_classes n_options optionsRequired blockSize carQuantities maxCars --input_var n_classes optionsRequired blockSize n_cars carQuantities n_options maxCars --example n_cars=200 n...,0,0,0,1,0,0,0,0,1,0,0,0,0,1,0,0,0,0,1,0,0,0,0,0,1,0,0]] 2>&1 | sed ""s/^/% /"" ; cat -u /app/model.mzn 2>/dev/null ; rm -f /app/model.mzn'
	in container ARNOLD_MPMMine-P002M001_92275:
	exit code: 255
	error: exec /usr/bin/bash: argument list too long
, Failed to run:
	bash -c 'python /app/code/run.py --var setup n_cars slot n_classes n_options optionsRequired blockSize carQuantities maxCars --input_var n_classes optionsRequired blockSize n_cars carQuantities n_options maxCars --example n_cars=200 n...,0,1,0,0,0,0,1,0,0,0,0,1,0,0,0,0,1,0,0,0,0,0,0,1,0,0,0]] 2>&1 | sed ""s/^/% /"" ; cat -u /app/model.mzn 2>/dev/null ; rm -f /app/model.mzn'
	in container ARNOLD_MPMMine-P002M001_92275:
	exit code: 255
	error: exec /usr/bin/bash: argument list too long
",0.0,0.0,,711951.042070758,2.229564801898635,0.0,0.0,MPMMine-P002M001I022,ARNOLD/problems/P002/models/M001/instances/I022/50
ARNOLD,MPMMine-P002,MPMMine-P002M001,MPMMine-P002M001I022,75,75,0,5,,,200.0,0.0,1000,1.0,0.0,"Failed to run:
	bash -c 'python /app/code/run.py --var setup n_cars slot n_classes n_options optionsRequired blockSize carQuantities maxCars --input_var n_classes optionsRequired blockSize n_cars carQuantities n_options maxCars --example n_cars=200 n...,0,1,0,0,0,0,1,0,0,0,0,0,0,0,0,1,0,0,0,0,1,0,0,0,0,0,1]] 2>&1 | sed ""s/^/% /"" ; cat -u /app/model.mzn 2>/dev/null ; rm -f /app/model.mzn'
	in container ARNOLD_MPMMine-P002M001_92275:
	exit code: 255
	error: exec /usr/bin/bash: argument list too long
, Failed to run:
	bash -c 'python /app/code/run.py --var setup n_cars slot n_classes n_options optionsRequired blockSize carQuantities maxCars --input_var n_classes optionsRequired blockSize n_cars carQuantities n_options maxCars --example n_cars=200 n...,0,1,0,0,0,0,0,1,0,0,0,0,0,0,1,0,0,0,0,0,0,1,0,0,0,0,1]] 2>&1 | sed ""s/^/% /"" ; cat -u /app/model.mzn 2>/dev/null ; rm -f /app/model.mzn'
	in container ARNOLD_MPMMine-P002M001_92275:
	exit code: 255
	error: exec /usr/bin/bash: argument list too long
, Failed to run:
	bash -c 'python /app/code/run.py --var setup n_cars slot n_classes n_options optionsRequired blockSize carQuantities maxCars --input_var n_classes optionsRequired blockSize n_cars carQuantities n_options maxCars --example n_cars=200 n...,0,0,1,0,0,0,0,0,0,0,1,0,0,0,0,1,0,0,0,0,1,0,0,0,0,1,0]] 2>&1 | sed ""s/^/% /"" ; cat -u /app/model.mzn 2>/dev/null ; rm -f /app/model.mzn'
	in container ARNOLD_MPMMine-P002M001_92275:
	exit code: 255
	error: exec /usr/bin/bash: argument list too long
, Failed to run:
	bash -c 'python /app/code/run.py --var setup n_cars slot n_classes n_options optionsRequired blockSize carQuantities maxCars --input_var n_classes optionsRequired blockSize n_cars carQuantities n_options maxCars --example n_cars=200 n...,0,0,0,0,1,0,0,0,0,0,1,0,0,0,0,1,0,0,0,0,1,0,0,0,0,1,0]] 2>&1 | sed ""s/^/% /"" ; cat -u /app/model.mzn 2>/dev/null ; rm -f /app/model.mzn'
	in container ARNOLD_MPMMine-P002M001_92275:
	exit code: 255
	error: exec /usr/bin/bash: argument list too long
, Failed to run:
	bash -c 'python /app/code/run.py --var setup n_cars slot n_classes n_options optionsRequired blockSize carQuantities maxCars --input_var n_classes optionsRequired blockSize n_cars carQuantities n_options maxCars --example n_cars=200 n...,0,0,0,1,0,0,0,0,0,0,0,1,0,0,0,0,1,0,0,0,0,1,0,0,0,0,1]] 2>&1 | sed ""s/^/% /"" ; cat -u /app/model.mzn 2>/dev/null ; rm -f /app/model.mzn'
	in container ARNOLD_MPMMine-P002M001_92275:
	exit code: 255
	error: exec /usr/bin/bash: argument list too long
",0.0,0.0,,711960.8245328998,3.318710559147805,0.0,0.0,MPMMine-P002M001I022,ARNOLD/problems/P002/models/M001/instances/I022/75
ARNOLD,MPMMine-P002,MPMMine-P002M001,MPMMine-P002M001I022,100,100,0,5,,,200.0,0.0,1000,1.0,0.0,"Failed to run:
	bash -c 'python /app/code/run.py --var setup n_cars slot n_classes n_options optionsRequired blockSize carQuantities maxCars --input_var n_classes optionsRequired blockSize n_cars carQuantities n_options maxCars --example n_cars=200 n...,0,1,0,0,0,0,1,0,0,0,0,1,0,0,0,0,1,0,0,0,0,1,0,0,0,0,1]] 2>&1 | sed ""s/^/% /"" ; cat -u /app/model.mzn 2>/dev/null ; rm -f /app/model.mzn'
	in container ARNOLD_MPMMine-P002M001_92275:
	exit code: 255
	error: exec /usr/bin/bash: argument list too long
, Failed to run:
	bash -c 'python /app/code/run.py --var setup n_cars slot n_classes n_options optionsRequired blockSize carQuantities maxCars --input_var n_classes optionsRequired blockSize n_cars carQuantities n_options maxCars --example n_cars=200 n...,0,0,0,0,1,0,0,0,0,0,0,1,0,0,0,0,1,0,0,0,0,1,0,0,0,0,1]] 2>&1 | sed ""s/^/% /"" ; cat -u /app/model.mzn 2>/dev/null ; rm -f /app/model.mzn'
	in container ARNOLD_MPMMine-P002M001_92275:
	exit code: 255
	error: exec /usr/bin/bash: argument list too long
, Failed to run:
	bash -c 'python /app/code/run.py --var setup n_cars slot n_classes n_options optionsRequired blockSize carQuantities maxCars --input_var n_classes optionsRequired blockSize n_cars carQuantities n_options maxCars --example n_cars=200 n...,0,0,0,0,1,0,0,0,0,0,1,0,0,0,0,1,0,0,0,0,0,1,0,0,0,0,1]] 2>&1 | sed ""s/^/% /"" ; cat -u /app/model.mzn 2>/dev/null ; rm -f /app/model.mzn'
	in container ARNOLD_MPMMine-P002M001_92275:
	exit code: 255
	error: exec /usr/bin/bash: argument list too long
, Failed to run:
	bash -c 'python /app/code/run.py --var setup n_cars slot n_classes n_options optionsRequired blockSize carQuantities maxCars --input_var n_classes optionsRequired blockSize n_cars carQuantities n_options maxCars --example n_cars=200 n...,0,0,1,0,0,0,0,1,0,0,0,0,0,0,1,0,0,0,0,0,1,0,0,0,0,1,0]] 2>&1 | sed ""s/^/% /"" ; cat -u /app/model.mzn 2>/dev/null ; rm -f /app/model.mzn'
	in container ARNOLD_MPMMine-P002M001_92275:
	exit code: 255
	error: exec /usr/bin/bash: argument list too long
",0.0,0.0,,711973.5630292664,4.389149379038607,0.0,0.0,MPMMine-P002M001I022,ARNOLD/problems/P002/models/M001/instances/I022/100
ARNOLD,MPMMine-P002,MPMMine-P002M001,MPMMine-P002M001I023,2,2,0,5,1.0,0.0,200.0,0.0,1000,0.0,0.0,,0.9269999999999999,0.02015900034433145,Timeout while verifying an example,31.34238562497776,0.8533214776932241,1120901.7186733242,23914.26868152153,MPMMine-P002M001I023,ARNOLD/problems/P002/models/M001/instances/I023/2
ARNOLD,MPMMine-P002,MPMMine-P002M001,MPMMine-P002M001I023,10,10,0,5,1.0,0.0,200.0,0.0,1000,0.0,0.0,,0.9269999999999999,0.02015900034433145,Timeout while verifying an example,165.26650046699214,60.06569129355482,1120835.7192250062,24649.84558092696,MPMMine-P002M001I023,ARNOLD/problems/P002/models/M001/instances/I023/10
ARNOLD,MPMMine-P002,MPMMine-P002M001,MPMMine-P002M001I023,30,30,0,5,1.0,0.0,200.0,0.0,1000,0.0,0.0,,0.9269999999999999,0.02015900034433145,Timeout while verifying an example,403.056843733415,24.965768260478082,1123788.0814867187,26122.71813034295,MPMMine-P002M001I023,ARNOLD/problems/P002/models/M001/instances/I023/30
ARNOLD,MPMMine-P002,MPMMine-P002M001,MPMMine-P002M001I023,50,50,0,5,,,200.0,0.0,1000,1.0,0.0,"Failed to run:
	bash -c 'python /app/code/run.py --var optionsRequired maxCars n_cars carQuantities n_options slot blockSize setup n_classes --input_var optionsRequired maxCars n_cars carQuantities n_options blockSize n_classes --example n_cars=200 n...,0,0,0,0,0,0,0,0,0,0,0,0,0,1,0,0,0,0,0,0,0,1,0,0,0,0,1]] 2>&1 | sed ""s/^/% /"" ; cat -u /app/model.mzn 2>/dev/null ; rm -f /app/model.mzn'
	in container ARNOLD_MPMMine-P002M001_92274:
	exit code: 255
	error: exec /usr/bin/bash: argument list too long
, Failed to run:
	bash -c 'python /app/code/run.py --var optionsRequired maxCars n_cars carQuantities n_options slot blockSize setup n_classes --input_var optionsRequired maxCars n_cars carQuantities n_options blockSize n_classes --example n_cars=200 n...,0,1,0,0,0,0,0,0,0,0,0,0,0,1,0,0,0,0,0,0,1,0,0,0,0,0,0]] 2>&1 | sed ""s/^/% /"" ; cat -u /app/model.mzn 2>/dev/null ; rm -f /app/model.mzn'
	in container ARNOLD_MPMMine-P002M001_92274:
	exit code: 255
	error: exec /usr/bin/bash: argument list too long
, Failed to run:
	bash -c 'python /app/code/run.py --var optionsRequired maxCars n_cars carQuantities n_options slot blockSize setup n_classes --input_var optionsRequired maxCars n_cars carQuantities n_options blockSize n_classes --example n_cars=200 n...,0,0,1,0,0,0,0,0,1,0,0,0,0,0,0,0,0,0,0,0,0,0,0,0,0,0,1]] 2>&1 | sed ""s/^/% /"" ; cat -u /app/model.mzn 2>/dev/null ; rm -f /app/model.mzn'
	in container ARNOLD_MPMMine-P002M001_92274:
	exit code: 255
	error: exec /usr/bin/bash: argument list too long
, Failed to run:
	bash -c 'python /app/code/run.py --var optionsRequired maxCars n_cars carQuantities n_options slot blockSize setup n_classes --input_var optionsRequired maxCars n_cars carQuantities n_options blockSize n_classes --example n_cars=200 n...,0,0,0,0,0,0,0,0,0,1,0,0,0,0,0,0,0,0,0,0,1,0,0,0,0,1,0]] 2>&1 | sed ""s/^/% /"" ; cat -u /app/model.mzn 2>/dev/null ; rm -f /app/model.mzn'
	in container ARNOLD_MPMMine-P002M001_92274:
	exit code: 255
	error: exec /usr/bin/bash: argument list too long
, Failed to run:
	bash -c 'python /app/code/run.py --var optionsRequired maxCars n_cars carQuantities n_options slot blockSize setup n_classes --input_var optionsRequired maxCars n_cars carQuantities n_options blockSize n_classes --example n_cars=200 n...,0,0,0,0,0,0,0,0,0,0,1,0,0,0,0,0,0,0,0,1,0,0,0,0,0,0,1]] 2>&1 | sed ""s/^/% /"" ; cat -u /app/model.mzn 2>/dev/null ; rm -f /app/model.mzn'
	in container ARNOLD_MPMMine-P002M001_92274:
	exit code: 255
	error: exec /usr/bin/bash: argument list too long
",0.0,0.0,,715657.7785411414,2.130232100074625,0.0,0.0,MPMMine-P002M001I023,ARNOLD/problems/P002/models/M001/instances/I023/50
ARNOLD,MPMMine-P002,MPMMine-P002M001,MPMMine-P002M001I023,75,75,0,5,,,200.0,0.0,1000,1.0,0.0,"Failed to run:
	bash -c 'python /app/code/run.py --var optionsRequired maxCars n_cars carQuantities n_options slot blockSize setup n_classes --input_var optionsRequired maxCars n_cars carQuantities n_options blockSize n_classes --example n_cars=200 n...,1,0,0,0,0,0,0,0,0,0,0,0,0,0,1,0,0,0,0,0,1,0,0,0,0,0,0]] 2>&1 | sed ""s/^/% /"" ; cat -u /app/model.mzn 2>/dev/null ; rm -f /app/model.mzn'
	in container ARNOLD_MPMMine-P002M001_92274:
	exit code: 255
	error: exec /usr/bin/bash: argument list too long
, Failed to run:
	bash -c 'python /app/code/run.py --var optionsRequired maxCars n_cars carQuantities n_options slot blockSize setup n_classes --input_var optionsRequired maxCars n_cars carQuantities n_options blockSize n_classes --example n_cars=200 n...,0,0,0,0,0,1,0,0,0,0,0,0,0,0,0,0,1,0,0,0,0,1,0,0,0,0,0]] 2>&1 | sed ""s/^/% /"" ; cat -u /app/model.mzn 2>/dev/null ; rm -f /app/model.mzn'
	in container ARNOLD_MPMMine-P002M001_92274:
	exit code: 255
	error: exec /usr/bin/bash: argument list too long
, Failed to run:
	bash -c 'python /app/code/run.py --var optionsRequired maxCars n_cars carQuantities n_options slot blockSize setup n_classes --input_var optionsRequired maxCars n_cars carQuantities n_options blockSize n_classes --example n_cars=200 n...,0,0,0,0,0,0,0,0,1,0,0,0,0,0,0,1,0,0,0,0,0,0,0,0,0,0,0]] 2>&1 | sed ""s/^/% /"" ; cat -u /app/model.mzn 2>/dev/null ; rm -f /app/model.mzn'
	in container ARNOLD_MPMMine-P002M001_92274:
	exit code: 255
	error: exec /usr/bin/bash: argument list too long
, Failed to run:
	bash -c 'python /app/code/run.py --var optionsRequired maxCars n_cars carQuantities n_options slot blockSize setup n_classes --input_var optionsRequired maxCars n_cars carQuantities n_options blockSize n_classes --example n_cars=200 n...,0,0,0,0,0,1,0,0,0,0,0,1,0,0,0,0,0,1,0,0,0,0,0,0,1,0,0]] 2>&1 | sed ""s/^/% /"" ; cat -u /app/model.mzn 2>/dev/null ; rm -f /app/model.mzn'
	in container ARNOLD_MPMMine-P002M001_92274:
	exit code: 255
	error: exec /usr/bin/bash: argument list too long
, Failed to run:
	bash -c 'python /app/code/run.py --var optionsRequired maxCars n_cars carQuantities n_options slot blockSize setup n_classes --input_var optionsRequired maxCars n_cars carQuantities n_options blockSize n_classes --example n_cars=200 n...,0,1,0,0,0,0,0,0,0,1,0,0,0,0,0,0,1,0,0,0,0,0,0,0,1,0,0]] 2>&1 | sed ""s/^/% /"" ; cat -u /app/model.mzn 2>/dev/null ; rm -f /app/model.mzn'
	in container ARNOLD_MPMMine-P002M001_92274:
	exit code: 255
	error: exec /usr/bin/bash: argument list too long
",0.0,0.0,,715667.8121780746,3.4577130333279764,0.0,0.0,MPMMine-P002M001I023,ARNOLD/problems/P002/models/M001/instances/I023/75
ARNOLD,MPMMine-P002,MPMMine-P002M001,MPMMine-P002M001I023,100,100,0,5,,,200.0,0.0,1000,1.0,0.0,"Failed to run:
	bash -c 'python /app/code/run.py --var optionsRequired maxCars n_cars carQuantities n_options slot blockSize setup n_classes --input_var optionsRequired maxCars n_cars carQuantities n_options blockSize n_classes --example n_cars=200 n...,0,0,1,0,0,0,0,0,0,1,0,0,0,0,0,0,0,1,0,0,0,0,0,0,0,0,0]] 2>&1 | sed ""s/^/% /"" ; cat -u /app/model.mzn 2>/dev/null ; rm -f /app/model.mzn'
	in container ARNOLD_MPMMine-P002M001_92274:
	exit code: 255
	error: exec /usr/bin/bash: argument list too long
, Failed to run:
	bash -c 'python /app/code/run.py --var optionsRequired maxCars n_cars carQuantities n_options slot blockSize setup n_classes --input_var optionsRequired maxCars n_cars carQuantities n_options blockSize n_classes --example n_cars=200 n...,0,1,0,0,0,0,0,0,1,0,0,0,0,0,0,0,0,0,0,1,0,0,0,0,0,1,0]] 2>&1 | sed ""s/^/% /"" ; cat -u /app/model.mzn 2>/dev/null ; rm -f /app/model.mzn'
	in container ARNOLD_MPMMine-P002M001_92274:
	exit code: 255
	error: exec /usr/bin/bash: argument list too long
, Failed to run:
	bash -c 'python /app/code/run.py --var optionsRequired maxCars n_cars carQuantities n_options slot blockSize setup n_classes --input_var optionsRequired maxCars n_cars carQuantities n_options blockSize n_classes --example n_cars=200 n...,0,0,0,0,0,0,0,0,0,1,0,0,0,0,0,1,0,0,0,0,0,1,0,0,0,0,0]] 2>&1 | sed ""s/^/% /"" ; cat -u /app/model.mzn 2>/dev/null ; rm -f /app/model.mzn'
	in container ARNOLD_MPMMine-P002M001_92274:
	exit code: 255
	error: exec /usr/bin/bash: argument list too long
, Failed to run:
	bash -c 'python /app/code/run.py --var optionsRequired maxCars n_cars carQuantities n_options slot blockSize setup n_classes --input_var optionsRequired maxCars n_cars carQuantities n_options blockSize n_classes --example n_cars=200 n...,1,0,0,0,0,0,1,0,0,0,0,0,0,0,0,0,0,0,1,0,0,0,0,0,0,0,1]] 2>&1 | sed ""s/^/% /"" ; cat -u /app/model.mzn 2>/dev/null ; rm -f /app/model.mzn'
	in container ARNOLD_MPMMine-P002M001_92274:
	exit code: 255
	error: exec /usr/bin/bash: argument list too long
, Failed to run:
	bash -c 'python /app/code/run.py --var optionsRequired maxCars n_cars carQuantities n_options slot blockSize setup n_classes --input_var optionsRequired maxCars n_cars carQuantities n_options blockSize n_classes --example n_cars=200 n...,0,1,0,0,0,0,0,0,0,0,0,1,0,0,0,0,0,0,0,0,1,0,0,0,0,0,0]] 2>&1 | sed ""s/^/% /"" ; cat -u /app/model.mzn 2>/dev/null ; rm -f /app/model.mzn'
	in container ARNOLD_MPMMine-P002M001_92274:
	exit code: 255
	error: exec /usr/bin/bash: argument list too long
",0.0,0.0,,715681.4687955414,4.876818275491247,0.0,0.0,MPMMine-P002M001I023,ARNOLD/problems/P002/models/M001/instances/I023/100
ARNOLD,MPMMine-P002,MPMMine-P002M001,MPMMine-P002M001I024,2,2,0,5,1.0,0.0,200.0,0.0,1000,0.0,0.0,,0.93,0.03424763711312571,Timeout while verifying an example,27.157967833173462,1.356046471486081,1126676.7445017584,43997.136510850534,MPMMine-P002M001I024,ARNOLD/problems/P002/models/M001/instances/I024/2
ARNOLD,MPMMine-P002,MPMMine-P002M001,MPMMine-P002M001I024,10,10,0,5,1.0,0.0,200.0,0.0,1000,0.0,0.0,,0.93,0.03424763711312571,Timeout while verifying an example,117.69160775016061,9.13840167701789,1128964.5831933618,32009.56740267471,MPMMine-P002M001I024,ARNOLD/problems/P002/models/M001/instances/I024/10
ARNOLD,MPMMine-P002,MPMMine-P002M001,MPMMine-P002M001I024,30,30,0,5,1.0,0.0,200.0,0.0,1000,0.0,0.0,,0.93,0.03424763711312571,Timeout while verifying an example,551.3245525084203,348.31817389508444,1126495.6868483592,37083.93212284791,MPMMine-P002M001I024,ARNOLD/problems/P002/models/M001/instances/I024/30
ARNOLD,MPMMine-P002,MPMMine-P002M001,MPMMine-P002M001I024,50,50,0,5,,,200.0,0.0,1000,1.0,0.0,"Failed to run:
	bash -c 'python /app/code/run.py --var optionsRequired slot n_classes carQuantities n_options blockSize maxCars setup n_cars --input_var n_options optionsRequired carQuantities maxCars n_classes n_cars blockSize --example n_cars=200 n...,0,1,0,0,0,0,1,0,0,0,0,1,0,0,0,0,1,0,0,0,0,1,0,0,0,0,1]] 2>&1 | sed ""s/^/% /"" ; cat -u /app/model.mzn 2>/dev/null ; rm -f /app/model.mzn'
	in container ARNOLD_MPMMine-P002M001_92255:
	exit code: 255
	error: exec /usr/bin/bash: argument list too long
, Failed to run:
	bash -c 'python /app/code/run.py --var optionsRequired slot n_classes carQuantities n_options blockSize maxCars setup n_cars --input_var n_options optionsRequired carQuantities maxCars n_classes n_cars blockSize --example n_cars=200 n...,0,0,0,1,0,0,0,0,1,0,0,0,0,0,0,1,0,0,0,0,0,1,0,0,0,0,1]] 2>&1 | sed ""s/^/% /"" ; cat -u /app/model.mzn 2>/dev/null ; rm -f /app/model.mzn'
	in container ARNOLD_MPMMine-P002M001_92255:
	exit code: 255
	error: exec /usr/bin/bash: argument list too long
, Failed to run:
	bash -c 'python /app/code/run.py --var optionsRequired slot n_classes carQuantities n_options blockSize maxCars setup n_cars --input_var n_options optionsRequired carQuantities maxCars n_classes n_cars blockSize --example n_cars=200 n...,0,0,1,0,0,0,0,1,0,0,0,0,0,0,1,0,0,0,0,0,0,1,0,0,0,0,1]] 2>&1 | sed ""s/^/% /"" ; cat -u /app/model.mzn 2>/dev/null ; rm -f /app/model.mzn'
	in container ARNOLD_MPMMine-P002M001_92255:
	exit code: 255
	error: exec /usr/bin/bash: argument list too long
, Failed to run:
	bash -c 'python /app/code/run.py --var optionsRequired slot n_classes carQuantities n_options blockSize maxCars setup n_cars --input_var n_options optionsRequired carQuantities maxCars n_classes n_cars blockSize --example n_cars=200 n...,0,0,0,0,1,0,0,0,0,1,0,0,0,0,1,0,0,0,0,1,0,0,0,0,0,0,1]] 2>&1 | sed ""s/^/% /"" ; cat -u /app/model.mzn 2>/dev/null ; rm -f /app/model.mzn'
	in container ARNOLD_MPMMine-P002M001_92255:
	exit code: 255
	error: exec /usr/bin/bash: argument list too long
, Failed to run:
	bash -c 'python /app/code/run.py --var optionsRequired slot n_classes carQuantities n_options blockSize maxCars setup n_cars --input_var n_options optionsRequired carQuantities maxCars n_classes n_cars blockSize --example n_cars=200 n...,0,0,1,0,0,0,0,0,0,1,0,0,0,0,1,0,0,0,0,1,0,0,0,0,1,0,0]] 2>&1 | sed ""s/^/% /"" ; cat -u /app/model.mzn 2>/dev/null ; rm -f /app/model.mzn'
	in container ARNOLD_MPMMine-P002M001_92255:
	exit code: 255
	error: exec /usr/bin/bash: argument list too long
",0.0,0.0,,730394.3054067082,2.1243812878180206,0.0,0.0,MPMMine-P002M001I024,ARNOLD/problems/P002/models/M001/instances/I024/50
ARNOLD,MPMMine-P002,MPMMine-P002M001,MPMMine-P002M001I024,75,75,0,5,,,200.0,0.0,1000,1.0,0.0,"Failed to run:
	bash -c 'python /app/code/run.py --var optionsRequired slot n_classes carQuantities n_options blockSize maxCars setup n_cars --input_var n_options optionsRequired carQuantities maxCars n_classes n_cars blockSize --example n_cars=200 n...,0,1,0,0,0,0,1,0,0,0,0,1,0,0,0,0,1,0,0,0,0,1,0,0,0,0,1]] 2>&1 | sed ""s/^/% /"" ; cat -u /app/model.mzn 2>/dev/null ; rm -f /app/model.mzn'
	in container ARNOLD_MPMMine-P002M001_92255:
	exit code: 255
	error: exec /usr/bin/bash: argument list too long
, Failed to run:
	bash -c 'python /app/code/run.py --var optionsRequired slot n_classes carQuantities n_options blockSize maxCars setup n_cars --input_var n_options optionsRequired carQuantities maxCars n_classes n_cars blockSize --example n_cars=200 n...,0,0,0,0,1,0,0,0,0,1,0,0,0,0,1,0,0,0,0,1,0,0,0,0,0,1,0]] 2>&1 | sed ""s/^/% /"" ; cat -u /app/model.mzn 2>/dev/null ; rm -f /app/model.mzn'
	in container ARNOLD_MPMMine-P002M001_92255:
	exit code: 255
	error: exec /usr/bin/bash: argument list too long
, Failed to run:
	bash -c 'python /app/code/run.py --var optionsRequired slot n_classes carQuantities n_options blockSize maxCars setup n_cars --input_var n_options optionsRequired carQuantities maxCars n_classes n_cars blockSize --example n_cars=200 n...,0,0,1,0,0,0,0,0,1,0,0,0,0,1,0,0,0,0,0,0,0,1,0,0,0,0,1]] 2>&1 | sed ""s/^/% /"" ; cat -u /app/model.mzn 2>/dev/null ; rm -f /app/model.mzn'
	in container ARNOLD_MPMMine-P002M001_92255:
	exit code: 255
	error: exec /usr/bin/bash: argument list too long
",0.0,0.0,,730404.0518074246,3.3154694341613693,0.0,0.0,MPMMine-P002M001I024,ARNOLD/problems/P002/models/M001/instances/I024/75
ARNOLD,MPMMine-P002,MPMMine-P002M001,MPMMine-P002M001I024,100,100,0,5,,,200.0,0.0,1000,1.0,0.0,"Failed to run:
	bash -c 'python /app/code/run.py --var optionsRequired slot n_classes carQuantities n_options blockSize maxCars setup n_cars --input_var n_options optionsRequired carQuantities maxCars n_classes n_cars blockSize --example n_cars=200 n...,0,0,1,0,0,0,0,0,1,0,0,0,0,0,1,0,0,0,0,0,0,1,0,0,0,0,1]] 2>&1 | sed ""s/^/% /"" ; cat -u /app/model.mzn 2>/dev/null ; rm -f /app/model.mzn'
	in container ARNOLD_MPMMine-P002M001_92255:
	exit code: 255
	error: exec /usr/bin/bash: argument list too long
, Failed to run:
	bash -c 'python /app/code/run.py --var optionsRequired slot n_classes carQuantities n_options blockSize maxCars setup n_cars --input_var n_options optionsRequired carQuantities maxCars n_classes n_cars blockSize --example n_cars=200 n...,1,0,0,0,0,1,0,0,0,0,1,0,0,0,0,1,0,0,0,0,1,0,0,0,0,1,0]] 2>&1 | sed ""s/^/% /"" ; cat -u /app/model.mzn 2>/dev/null ; rm -f /app/model.mzn'
	in container ARNOLD_MPMMine-P002M001_92255:
	exit code: 255
	error: exec /usr/bin/bash: argument list too long
, Failed to run:
	bash -c 'python /app/code/run.py --var optionsRequired slot n_classes carQuantities n_options blockSize maxCars setup n_cars --input_var n_options optionsRequired carQuantities maxCars n_classes n_cars blockSize --example n_cars=200 n...,1,0,0,0,0,0,1,0,0,0,0,1,0,0,0,0,1,0,0,0,0,1,0,0,0,0,1]] 2>&1 | sed ""s/^/% /"" ; cat -u /app/model.mzn 2>/dev/null ; rm -f /app/model.mzn'
	in container ARNOLD_MPMMine-P002M001_92255:
	exit code: 255
	error: exec /usr/bin/bash: argument list too long
, Failed to run:
	bash -c 'python /app/code/run.py --var optionsRequired slot n_classes carQuantities n_options blockSize maxCars setup n_cars --input_var n_options optionsRequired carQuantities maxCars n_classes n_cars blockSize --example n_cars=200 n...,0,1,0,0,0,0,1,0,0,0,0,1,0,0,0,0,1,0,0,0,0,1,0,0,0,0,1]] 2>&1 | sed ""s/^/% /"" ; cat -u /app/model.mzn 2>/dev/null ; rm -f /app/model.mzn'
	in container ARNOLD_MPMMine-P002M001_92255:
	exit code: 255
	error: exec /usr/bin/bash: argument list too long
, Failed to run:
	bash -c 'python /app/code/run.py --var optionsRequired slot n_classes carQuantities n_options blockSize maxCars setup n_cars --input_var n_options optionsRequired carQuantities maxCars n_classes n_cars blockSize --example n_cars=200 n...,0,0,0,0,1,0,0,0,0,1,0,0,0,0,1,0,0,0,0,1,0,0,0,0,1,0,0]] 2>&1 | sed ""s/^/% /"" ; cat -u /app/model.mzn 2>/dev/null ; rm -f /app/model.mzn'
	in container ARNOLD_MPMMine-P002M001_92255:
	exit code: 255
	error: exec /usr/bin/bash: argument list too long
",0.0,0.0,,730417.1438540915,4.61186446231804,0.0,0.0,MPMMine-P002M001I024,ARNOLD/problems/P002/models/M001/instances/I024/100
ARNOLD,MPMMine-P002,MPMMine-P002M001,MPMMine-P002M001I025,2,2,0,5,1.0,0.0,200.0,0.0,1000,0.0,0.0,,0.931,0.02048416649097938,Timeout while verifying an example,33.804190441779795,12.840589064083268,1128477.7705467213,30489.722305515486,MPMMine-P002M001I025,ARNOLD/problems/P002/models/M001/instances/I025/2
ARNOLD,MPMMine-P002,MPMMine-P002M001,MPMMine-P002M001I025,10,10,0,5,1.0,0.0,200.0,0.0,1000,0.0,0.0,,0.931,0.02048416649097938,Timeout while verifying an example,190.71227169982157,163.90667617722397,1128414.7250183579,28957.791636607213,MPMMine-P002M001I025,ARNOLD/problems/P002/models/M001/instances/I025/10
ARNOLD,MPMMine-P002,MPMMine-P002M001,MPMMine-P002M001I025,30,30,0,5,1.0,0.0,200.0,0.0,1000,0.0,0.0,,0.931,0.02048416649097938,Timeout while verifying an example,531.1513886254048,399.8283117909516,1127205.5209850008,24972.483273911894,MPMMine-P002M001I025,ARNOLD/problems/P002/models/M001/instances/I025/30
ARNOLD,MPMMine-P002,MPMMine-P002M001,MPMMine-P002M001I025,50,50,0,5,,,200.0,0.0,1000,1.0,0.0,"Failed to run:
	bash -c 'python /app/code/run.py --var maxCars n_classes slot blockSize optionsRequired n_cars setup carQuantities n_options --input_var carQuantities maxCars blockSize optionsRequired n_cars n_classes n_options --example n_cars=200 n...,0,0,0,0,0,0,0,0,0,0,0,1,0,0,0,0,0,0,0,0,0,1,0,0,0,0,0]] 2>&1 | sed ""s/^/% /"" ; cat -u /app/model.mzn 2>/dev/null ; rm -f /app/model.mzn'
	in container ARNOLD_MPMMine-P002M001_92256:
	exit code: 255
	error: exec /usr/bin/bash: argument list too long
, Failed to run:
	bash -c 'python /app/code/run.py --var maxCars n_classes slot blockSize optionsRequired n_cars setup carQuantities n_options --input_var carQuantities maxCars blockSize optionsRequired n_cars n_classes n_options --example n_cars=200 n...,0,0,0,0,0,1,0,0,0,0,1,0,0,0,0,0,0,0,1,0,0,0,0,0,1,0,0]] 2>&1 | sed ""s/^/% /"" ; cat -u /app/model.mzn 2>/dev/null ; rm -f /app/model.mzn'
	in container ARNOLD_MPMMine-P002M001_92256:
	exit code: 255
	error: exec /usr/bin/bash: argument list too long
, Failed to run:
	bash -c 'python /app/code/run.py --var maxCars n_classes slot blockSize optionsRequired n_cars setup carQuantities n_options --input_var carQuantities maxCars blockSize optionsRequired n_cars n_classes n_options --example n_cars=200 n...,0,0,1,0,0,0,0,0,0,0,1,0,0,0,0,0,0,0,1,0,0,0,0,0,0,0,0]] 2>&1 | sed ""s/^/% /"" ; cat -u /app/model.mzn 2>/dev/null ; rm -f /app/model.mzn'
	in container ARNOLD_MPMMine-P002M001_92256:
	exit code: 255
	error: exec /usr/bin/bash: argument list too long
, Failed to run:
	bash -c 'python /app/code/run.py --var maxCars n_classes slot blockSize optionsRequired n_cars setup carQuantities n_options --input_var carQuantities maxCars blockSize optionsRequired n_cars n_classes n_options --example n_cars=200 n...,0,0,0,1,0,0,0,0,1,0,0,0,0,0,0,0,0,0,0,0,0,0,1,0,0,0,0]] 2>&1 | sed ""s/^/% /"" ; cat -u /app/model.mzn 2>/dev/null ; rm -f /app/model.mzn'
	in container ARNOLD_MPMMine-P002M001_92256:
	exit code: 255
	error: exec /usr/bin/bash: argument list too long
, Failed to run:
	bash -c 'python /app/code/run.py --var maxCars n_classes slot blockSize optionsRequired n_cars setup carQuantities n_options --input_var carQuantities maxCars blockSize optionsRequired n_cars n_classes n_options --example n_cars=200 n...,0,0,0,0,1,0,0,0,0,0,1,0,0,0,0,0,0,0,0,0,0,0,0,1,0,0,0]] 2>&1 | sed ""s/^/% /"" ; cat -u /app/model.mzn 2>/dev/null ; rm -f /app/model.mzn'
	in container ARNOLD_MPMMine-P002M001_92256:
	exit code: 255
	error: exec /usr/bin/bash: argument list too long
",0.0,0.0,,733269.325996008,1.9789710700551855,0.0,0.0,MPMMine-P002M001I025,ARNOLD/problems/P002/models/M001/instances/I025/50
ARNOLD,MPMMine-P002,MPMMine-P002M001,MPMMine-P002M001I025,75,75,0,5,,,200.0,0.0,1000,1.0,0.0,"Failed to run:
	bash -c 'python /app/code/run.py --var maxCars n_classes slot blockSize optionsRequired n_cars setup carQuantities n_options --input_var carQuantities maxCars blockSize optionsRequired n_cars n_classes n_options --example n_cars=200 n...,0,1,0,0,0,0,0,0,1,0,0,0,0,0,1,0,0,0,0,1,0,0,0,0,0,0,0]] 2>&1 | sed ""s/^/% /"" ; cat -u /app/model.mzn 2>/dev/null ; rm -f /app/model.mzn'
	in container ARNOLD_MPMMine-P002M001_92256:
	exit code: 255
	error: exec /usr/bin/bash: argument list too long
, Failed to run:
	bash -c 'python /app/code/run.py --var maxCars n_classes slot blockSize optionsRequired n_cars setup carQuantities n_options --input_var carQuantities maxCars blockSize optionsRequired n_cars n_classes n_options --example n_cars=200 n...,0,0,0,0,0,0,1,0,0,0,0,0,0,1,0,0,0,0,0,0,0,1,0,0,0,0,0]] 2>&1 | sed ""s/^/% /"" ; cat -u /app/model.mzn 2>/dev/null ; rm -f /app/model.mzn'
	in container ARNOLD_MPMMine-P002M001_92256:
	exit code: 255
	error: exec /usr/bin/bash: argument list too long
, Failed to run:
	bash -c 'python /app/code/run.py --var maxCars n_classes slot blockSize optionsRequired n_cars setup carQuantities n_options --input_var carQuantities maxCars blockSize optionsRequired n_cars n_classes n_options --example n_cars=200 n...,0,0,0,0,0,1,0,0,0,0,0,1,0,0,0,0,0,1,0,0,0,0,0,0,0,1,0]] 2>&1 | sed ""s/^/% /"" ; cat -u /app/model.mzn 2>/dev/null ; rm -f /app/model.mzn'
	in container ARNOLD_MPMMine-P002M001_92256:
	exit code: 255
	error: exec /usr/bin/bash: argument list too long
, Failed to run:
	bash -c 'python /app/code/run.py --var maxCars n_classes slot blockSize optionsRequired n_cars setup carQuantities n_options --input_var carQuantities maxCars blockSize optionsRequired n_cars n_classes n_options --example n_cars=200 n...,0,1,0,0,0,0,1,0,0,0,0,0,0,0,1,0,0,0,0,0,0,0,0,0,0,0,1]] 2>&1 | sed ""s/^/% /"" ; cat -u /app/model.mzn 2>/dev/null ; rm -f /app/model.mzn'
	in container ARNOLD_MPMMine-P002M001_92256:
	exit code: 255
	error: exec /usr/bin/bash: argument list too long
, Failed to run:
	bash -c 'python /app/code/run.py --var maxCars n_classes slot blockSize optionsRequired n_cars setup carQuantities n_options --input_var carQuantities maxCars blockSize optionsRequired n_cars n_classes n_options --example n_cars=200 n...,1,0,0,0,0,0,1,0,0,0,0,0,0,0,0,0,0,0,0,0,0,0,1,0,0,0,0]] 2>&1 | sed ""s/^/% /"" ; cat -u /app/model.mzn 2>/dev/null ; rm -f /app/model.mzn'
	in container ARNOLD_MPMMine-P002M001_92256:
	exit code: 255
	error: exec /usr/bin/bash: argument list too long
",0.0,0.0,,733278.6541688663,3.239407220647137,0.0,0.0,MPMMine-P002M001I025,ARNOLD/problems/P002/models/M001/instances/I025/75
ARNOLD,MPMMine-P002,MPMMine-P002M001,MPMMine-P002M001I025,100,100,0,5,,,200.0,0.0,1000,1.0,0.0,"Failed to run:
	bash -c 'python /app/code/run.py --var maxCars n_classes slot blockSize optionsRequired n_cars setup carQuantities n_options --input_var carQuantities maxCars blockSize optionsRequired n_cars n_classes n_options --example n_cars=200 n...,0,0,0,1,0,0,0,0,0,0,0,0,0,0,1,0,0,0,0,0,0,0,0,0,0,0,1]] 2>&1 | sed ""s/^/% /"" ; cat -u /app/model.mzn 2>/dev/null ; rm -f /app/model.mzn'
	in container ARNOLD_MPMMine-P002M001_92256:
	exit code: 255
	error: exec /usr/bin/bash: argument list too long
, Failed to run:
	bash -c 'python /app/code/run.py --var maxCars n_classes slot blockSize optionsRequired n_cars setup carQuantities n_options --input_var carQuantities maxCars blockSize optionsRequired n_cars n_classes n_options --example n_cars=200 n...,0,0,1,0,0,0,0,0,1,0,0,0,0,0,1,0,0,0,0,1,0,0,0,0,0,1,0]] 2>&1 | sed ""s/^/% /"" ; cat -u /app/model.mzn 2>/dev/null ; rm -f /app/model.mzn'
	in container ARNOLD_MPMMine-P002M001_92256:
	exit code: 255
	error: exec /usr/bin/bash: argument list too long
, Failed to run:
	bash -c 'python /app/code/run.py --var maxCars n_classes slot blockSize optionsRequired n_cars setup carQuantities n_options --input_var carQuantities maxCars blockSize optionsRequired n_cars n_classes n_options --example n_cars=200 n...,0,0,0,1,0,0,0,0,0,0,1,0,0,0,0,0,0,0,0,1,0,0,0,0,1,0,0]] 2>&1 | sed ""s/^/% /"" ; cat -u /app/model.mzn 2>/dev/null ; rm -f /app/model.mzn'
	in container ARNOLD_MPMMine-P002M001_92256:
	exit code: 255
	error: exec /usr/bin/bash: argument list too long
, Failed to run:
	bash -c 'python /app/code/run.py --var maxCars n_classes slot blockSize optionsRequired n_cars setup carQuantities n_options --input_var carQuantities maxCars blockSize optionsRequired n_cars n_classes n_options --example n_cars=200 n...,0,1,0,0,0,0,0,0,0,0,0,0,1,0,0,0,0,1,0,0,0,0,0,1,0,0,0]] 2>&1 | sed ""s/^/% /"" ; cat -u /app/model.mzn 2>/dev/null ; rm -f /app/model.mzn'
	in container ARNOLD_MPMMine-P002M001_92256:
	exit code: 255
	error: exec /usr/bin/bash: argument list too long
, Failed to run:
	bash -c 'python /app/code/run.py --var maxCars n_classes slot blockSize optionsRequired n_cars setup carQuantities n_options --input_var carQuantities maxCars blockSize optionsRequired n_cars n_classes n_options --example n_cars=200 n...,0,0,0,0,0,0,0,0,0,0,0,1,0,0,0,0,0,0,0,0,0,1,0,0,0,0,0]] 2>&1 | sed ""s/^/% /"" ; cat -u /app/model.mzn 2>/dev/null ; rm -f /app/model.mzn'
	in container ARNOLD_MPMMine-P002M001_92256:
	exit code: 255
	error: exec /usr/bin/bash: argument list too long
",0.0,0.0,,733291.2848044747,4.597011180828453,0.0,0.0,MPMMine-P002M001I025,ARNOLD/problems/P002/models/M001/instances/I025/100
ARNOLD,MPMMine-P002,MPMMine-P002M001,MPMMine-P002M001I026,2,2,0,5,1.0,0.0,200.0,0.0,1000,0.0,0.0,,0.9269999999999999,0.023206531717532095,Timeout while verifying an example,81.75004930822179,131.73005224697113,1124576.9670116762,22740.545704137247,MPMMine-P002M001I026,ARNOLD/problems/P002/models/M001/instances/I026/2
ARNOLD,MPMMine-P002,MPMMine-P002M001,MPMMine-P002M001I026,10,10,0,5,1.0,0.0,200.0,0.0,1000,0.0,0.0,,0.9269999999999999,0.023206531717532095,Timeout while verifying an example,134.74004961678293,11.310636548201089,1125119.281441681,22637.679210138307,MPMMine-P002M001I026,ARNOLD/problems/P002/models/M001/instances/I026/10
ARNOLD,MPMMine-P002,MPMMine-P002M001,MPMMine-P002M001I026,30,30,0,5,1.0,0.0,200.0,0.0,1000,0.0,0.0,,0.9269999999999999,0.023206531717532095,Timeout while verifying an example,409.5280327166198,59.55925952640202,1124171.3087749574,23204.14622612342,MPMMine-P002M001I026,ARNOLD/problems/P002/models/M001/instances/I026/30
ARNOLD,MPMMine-P002,MPMMine-P002M001,MPMMine-P002M001I026,50,50,0,5,,,200.0,0.0,1000,1.0,0.0,"Failed to run:
	bash -c 'python /app/code/run.py --var optionsRequired n_cars n_options blockSize carQuantities maxCars slot setup n_classes --input_var carQuantities n_classes maxCars optionsRequired n_cars n_options blockSize --example n_cars=200 n...,0,1,0,0,0,0,1,0,0,0,0,0,0,0,0,1,0,0,0,0,0,0,0,0,0,0,0]] 2>&1 | sed ""s/^/% /"" ; cat -u /app/model.mzn 2>/dev/null ; rm -f /app/model.mzn'
	in container ARNOLD_MPMMine-P002M001_92276:
	exit code: 255
	error: exec /usr/bin/bash: argument list too long
, Failed to run:
	bash -c 'python /app/code/run.py --var optionsRequired n_cars n_options blockSize carQuantities maxCars slot setup n_classes --input_var carQuantities n_classes maxCars optionsRequired n_cars n_options blockSize --example n_cars=200 n...,0,0,0,0,1,0,0,0,0,0,0,0,0,1,0,0,0,0,0,1,0,0,0,0,0,0,0]] 2>&1 | sed ""s/^/% /"" ; cat -u /app/model.mzn 2>/dev/null ; rm -f /app/model.mzn'
	in container ARNOLD_MPMMine-P002M001_92276:
	exit code: 255
	error: exec /usr/bin/bash: argument list too long
, Failed to run:
	bash -c 'python /app/code/run.py --var optionsRequired n_cars n_options blockSize carQuantities maxCars slot setup n_classes --input_var carQuantities n_classes maxCars optionsRequired n_cars n_options blockSize --example n_cars=200 n...,0,0,0,0,0,1,0,0,0,0,0,1,0,0,0,0,1,0,0,0,0,0,0,0,1,0,0]] 2>&1 | sed ""s/^/% /"" ; cat -u /app/model.mzn 2>/dev/null ; rm -f /app/model.mzn'
	in container ARNOLD_MPMMine-P002M001_92276:
	exit code: 255
	error: exec /usr/bin/bash: argument list too long
, Failed to run:
	bash -c 'python /app/code/run.py --var optionsRequired n_cars n_options blockSize carQuantities maxCars slot setup n_classes --input_var carQuantities n_classes maxCars optionsRequired n_cars n_options blockSize --example n_cars=200 n...,0,0,0,0,0,0,0,0,0,0,0,0,0,0,0,0,1,0,0,0,0,0,0,0,0,1,0]] 2>&1 | sed ""s/^/% /"" ; cat -u /app/model.mzn 2>/dev/null ; rm -f /app/model.mzn'
	in container ARNOLD_MPMMine-P002M001_92276:
	exit code: 255
	error: exec /usr/bin/bash: argument list too long
, Failed to run:
	bash -c 'python /app/code/run.py --var optionsRequired n_cars n_options blockSize carQuantities maxCars slot setup n_classes --input_var carQuantities n_classes maxCars optionsRequired n_cars n_options blockSize --example n_cars=200 n...,0,0,0,1,0,0,0,0,0,0,0,0,0,0,0,0,0,1,0,0,0,0,0,0,0,0,0]] 2>&1 | sed ""s/^/% /"" ; cat -u /app/model.mzn 2>/dev/null ; rm -f /app/model.mzn'
	in container ARNOLD_MPMMine-P002M001_92276:
	exit code: 255
	error: exec /usr/bin/bash: argument list too long
",0.0,0.0,,737748.892009808,1.9046092526388494,0.0,0.0,MPMMine-P002M001I026,ARNOLD/problems/P002/models/M001/instances/I026/50
ARNOLD,MPMMine-P002,MPMMine-P002M001,MPMMine-P002M001I026,75,75,0,5,,,200.0,0.0,1000,1.0,0.0,"Failed to run:
	bash -c 'python /app/code/run.py --var optionsRequired n_cars n_options blockSize carQuantities maxCars slot setup n_classes --input_var carQuantities n_classes maxCars optionsRequired n_cars n_options blockSize --example n_cars=200 n...,0,0,0,0,0,0,0,0,0,0,1,0,0,0,0,0,1,0,0,0,0,0,0,0,0,1,0]] 2>&1 | sed ""s/^/% /"" ; cat -u /app/model.mzn 2>/dev/null ; rm -f /app/model.mzn'
	in container ARNOLD_MPMMine-P002M001_92276:
	exit code: 255
	error: exec /usr/bin/bash: argument list too long
, Failed to run:
	bash -c 'python /app/code/run.py --var optionsRequired n_cars n_options blockSize carQuantities maxCars slot setup n_classes --input_var carQuantities n_classes maxCars optionsRequired n_cars n_options blockSize --example n_cars=200 n...,0,0,0,0,0,1,0,0,0,0,0,0,1,0,0,0,0,1,0,0,0,0,0,0,0,0,1]] 2>&1 | sed ""s/^/% /"" ; cat -u /app/model.mzn 2>/dev/null ; rm -f /app/model.mzn'
	in container ARNOLD_MPMMine-P002M001_92276:
	exit code: 255
	error: exec /usr/bin/bash: argument list too long
, Failed to run:
	bash -c 'python /app/code/run.py --var optionsRequired n_cars n_options blockSize carQuantities maxCars slot setup n_classes --input_var carQuantities n_classes maxCars optionsRequired n_cars n_options blockSize --example n_cars=200 n...,0,0,0,1,0,0,0,0,0,1,0,0,0,0,0,0,0,0,1,0,0,0,0,0,1,0,0]] 2>&1 | sed ""s/^/% /"" ; cat -u /app/model.mzn 2>/dev/null ; rm -f /app/model.mzn'
	in container ARNOLD_MPMMine-P002M001_92276:
	exit code: 255
	error: exec /usr/bin/bash: argument list too long
, Failed to run:
	bash -c 'python /app/code/run.py --var optionsRequired n_cars n_options blockSize carQuantities maxCars slot setup n_classes --input_var carQuantities n_classes maxCars optionsRequired n_cars n_options blockSize --example n_cars=200 n...,0,1,0,0,0,0,0,0,0,1,0,0,0,0,0,0,0,0,0,0,0,0,1,0,0,0,0]] 2>&1 | sed ""s/^/% /"" ; cat -u /app/model.mzn 2>/dev/null ; rm -f /app/model.mzn'
	in container ARNOLD_MPMMine-P002M001_92276:
	exit code: 255
	error: exec /usr/bin/bash: argument list too long
, Failed to run:
	bash -c 'python /app/code/run.py --var optionsRequired n_cars n_options blockSize carQuantities maxCars slot setup n_classes --input_var carQuantities n_classes maxCars optionsRequired n_cars n_options blockSize --example n_cars=200 n...,0,0,0,0,0,0,1,0,0,0,0,0,0,0,0,1,0,0,0,0,0,0,1,0,0,0,0]] 2>&1 | sed ""s/^/% /"" ; cat -u /app/model.mzn 2>/dev/null ; rm -f /app/model.mzn'
	in container ARNOLD_MPMMine-P002M001_92276:
	exit code: 255
	error: exec /usr/bin/bash: argument list too long
",0.0,0.0,,737758.4408462245,3.250457023422943,0.0,0.0,MPMMine-P002M001I026,ARNOLD/problems/P002/models/M001/instances/I026/75
ARNOLD,MPMMine-P002,MPMMine-P002M001,MPMMine-P002M001I026,100,100,0,5,,,200.0,0.0,1000,1.0,0.0,"Failed to run:
	bash -c 'python /app/code/run.py --var optionsRequired n_cars n_options blockSize carQuantities maxCars slot setup n_classes --input_var carQuantities n_classes maxCars optionsRequired n_cars n_options blockSize --example n_cars=200 n...,0,0,0,0,1,0,0,0,0,1,0,0,0,0,0,0,0,0,1,0,0,0,0,0,1,0,0]] 2>&1 | sed ""s/^/% /"" ; cat -u /app/model.mzn 2>/dev/null ; rm -f /app/model.mzn'
	in container ARNOLD_MPMMine-P002M001_92276:
	exit code: 255
	error: exec /usr/bin/bash: argument list too long
, Failed to run:
	bash -c 'python /app/code/run.py --var optionsRequired n_cars n_options blockSize carQuantities maxCars slot setup n_classes --input_var carQuantities n_classes maxCars optionsRequired n_cars n_options blockSize --example n_cars=200 n...,0,1,0,0,0,0,0,1,0,0,0,0,0,0,0,0,0,0,0,0,0,0,0,0,0,1,0]] 2>&1 | sed ""s/^/% /"" ; cat -u /app/model.mzn 2>/dev/null ; rm -f /app/model.mzn'
	in container ARNOLD_MPMMine-P002M001_92276:
	exit code: 255
	error: exec /usr/bin/bash: argument list too long
, Failed to run:
	bash -c 'python /app/code/run.py --var optionsRequired n_cars n_options blockSize carQuantities maxCars slot setup n_classes --input_var carQuantities n_classes maxCars optionsRequired n_cars n_options blockSize --example n_cars=200 n...,0,0,0,0,0,0,0,1,0,0,0,0,0,1,0,0,0,0,0,1,0,0,0,0,0,0,0]] 2>&1 | sed ""s/^/% /"" ; cat -u /app/model.mzn 2>/dev/null ; rm -f /app/model.mzn'
	in container ARNOLD_MPMMine-P002M001_92276:
	exit code: 255
	error: exec /usr/bin/bash: argument list too long
, Failed to run:
	bash -c 'python /app/code/run.py --var optionsRequired n_cars n_options blockSize carQuantities maxCars slot setup n_classes --input_var carQuantities n_classes maxCars optionsRequired n_cars n_options blockSize --example n_cars=200 n...,0,1,0,0,0,0,1,0,0,0,0,0,1,0,0,0,0,0,0,0,0,0,0,0,1,0,0]] 2>&1 | sed ""s/^/% /"" ; cat -u /app/model.mzn 2>/dev/null ; rm -f /app/model.mzn'
	in container ARNOLD_MPMMine-P002M001_92276:
	exit code: 255
	error: exec /usr/bin/bash: argument list too long
, Failed to run:
	bash -c 'python /app/code/run.py --var optionsRequired n_cars n_options blockSize carQuantities maxCars slot setup n_classes --input_var carQuantities n_classes maxCars optionsRequired n_cars n_options blockSize --example n_cars=200 n...,0,1,0,0,0,0,0,0,0,0,0,0,0,0,1,0,0,0,0,0,1,0,0,0,0,1,0]] 2>&1 | sed ""s/^/% /"" ; cat -u /app/model.mzn 2>/dev/null ; rm -f /app/model.mzn'
	in container ARNOLD_MPMMine-P002M001_92276:
	exit code: 255
	error: exec /usr/bin/bash: argument list too long
",0.0,0.0,,737771.0766119414,4.106479055304704,0.0,0.0,MPMMine-P002M001I026,ARNOLD/problems/P002/models/M001/instances/I026/100
ARNOLD,MPMMine-P002,MPMMine-P002M001,MPMMine-P002M001I027,2,2,0,5,1.0,0.0,200.0,0.0,1000,0.0,0.0,,0.909,0.009444920759063866,Timeout while verifying an example,57.009805308375505,68.24039919024311,1101876.9655949576,12001.461404361915,MPMMine-P002M001I027,ARNOLD/problems/P002/models/M001/instances/I027/2
ARNOLD,MPMMine-P002,MPMMine-P002M001,MPMMine-P002M001I027,10,10,0,5,1.0,0.0,200.0,0.0,1000,0.0,0.0,,0.909,0.009444920759063866,Timeout while verifying an example,185.7606478082249,136.14603623862166,1101249.9983949587,9340.69602846179,MPMMine-P002M001I027,ARNOLD/problems/P002/models/M001/instances/I027/10
ARNOLD,MPMMine-P002,MPMMine-P002M001,MPMMine-P002M001I027,30,30,0,5,1.0,0.0,200.0,0.0,1000,0.0,0.0,,0.909,0.009444920759063866,Timeout while verifying an example,449.2343005083734,121.16717065931847,1102054.6077316767,3647.9126595911875,MPMMine-P002M001I027,ARNOLD/problems/P002/models/M001/instances/I027/30
ARNOLD,MPMMine-P002,MPMMine-P002M001,MPMMine-P002M001I027,50,50,0,5,,,200.0,0.0,1000,1.0,0.0,"Failed to run:
	bash -c 'python /app/code/run.py --var setup n_cars slot n_classes n_options optionsRequired blockSize carQuantities maxCars --input_var n_classes optionsRequired blockSize n_cars carQuantities n_options maxCars --example n_cars=200 n...,0,1,0,0,0,0,0,1,0,0,0,0,0,1,0,0,0,0,0,1,0,0,0,0,1,0,0]] 2>&1 | sed ""s/^/% /"" ; cat -u /app/model.mzn 2>/dev/null ; rm -f /app/model.mzn'
	in container ARNOLD_MPMMine-P002M001_92275:
	exit code: 255
	error: exec /usr/bin/bash: argument list too long
, Failed to run:
	bash -c 'python /app/code/run.py --var setup n_cars slot n_classes n_options optionsRequired blockSize carQuantities maxCars --input_var n_classes optionsRequired blockSize n_cars carQuantities n_options maxCars --example n_cars=200 n...,0,1,0,0,0,0,0,0,0,1,0,0,0,0,0,0,1,0,0,0,0,1,0,0,0,0,0]] 2>&1 | sed ""s/^/% /"" ; cat -u /app/model.mzn 2>/dev/null ; rm -f /app/model.mzn'
	in container ARNOLD_MPMMine-P002M001_92275:
	exit code: 255
	error: exec /usr/bin/bash: argument list too long
, Failed to run:
	bash -c 'python /app/code/run.py --var setup n_cars slot n_classes n_options optionsRequired blockSize carQuantities maxCars --input_var n_classes optionsRequired blockSize n_cars carQuantities n_options maxCars --example n_cars=200 n...,0,0,0,1,0,0,0,0,1,0,0,0,0,0,1,0,0,0,0,0,1,0,0,0,0,1,0]] 2>&1 | sed ""s/^/% /"" ; cat -u /app/model.mzn 2>/dev/null ; rm -f /app/model.mzn'
	in container ARNOLD_MPMMine-P002M001_92275:
	exit code: 255
	error: exec /usr/bin/bash: argument list too long
, Failed to run:
	bash -c 'python /app/code/run.py --var setup n_cars slot n_classes n_options optionsRequired blockSize carQuantities maxCars --input_var n_classes optionsRequired blockSize n_cars carQuantities n_options maxCars --example n_cars=200 n...,0,0,1,0,0,0,0,0,0,0,0,0,0,0,0,0,0,1,0,0,0,0,0,0,1,0,0]] 2>&1 | sed ""s/^/% /"" ; cat -u /app/model.mzn 2>/dev/null ; rm -f /app/model.mzn'
	in container ARNOLD_MPMMine-P002M001_92275:
	exit code: 255
	error: exec /usr/bin/bash: argument list too long
",0.0,0.0,,740169.3137799164,1.779328820771289,0.0,0.0,MPMMine-P002M001I027,ARNOLD/problems/P002/models/M001/instances/I027/50
ARNOLD,MPMMine-P002,MPMMine-P002M001,MPMMine-P002M001I027,75,75,0,5,,,200.0,0.0,1000,1.0,0.0,"Failed to run:
	bash -c 'python /app/code/run.py --var setup n_cars slot n_classes n_options optionsRequired blockSize carQuantities maxCars --input_var n_classes optionsRequired blockSize n_cars carQuantities n_options maxCars --example n_cars=200 n...,1,0,0,0,0,1,0,0,0,0,0,0,0,0,1,0,0,0,0,0,0,0,0,1,0,0,0]] 2>&1 | sed ""s/^/% /"" ; cat -u /app/model.mzn 2>/dev/null ; rm -f /app/model.mzn'
	in container ARNOLD_MPMMine-P002M001_92275:
	exit code: 255
	error: exec /usr/bin/bash: argument list too long
, Failed to run:
	bash -c 'python /app/code/run.py --var setup n_cars slot n_classes n_options optionsRequired blockSize carQuantities maxCars --input_var n_classes optionsRequired blockSize n_cars carQuantities n_options maxCars --example n_cars=200 n...,0,1,0,0,0,0,0,0,0,1,0,0,0,0,0,0,0,0,1,0,0,0,0,0,0,1,0]] 2>&1 | sed ""s/^/% /"" ; cat -u /app/model.mzn 2>/dev/null ; rm -f /app/model.mzn'
	in container ARNOLD_MPMMine-P002M001_92275:
	exit code: 255
	error: exec /usr/bin/bash: argument list too long
, Failed to run:
	bash -c 'python /app/code/run.py --var setup n_cars slot n_classes n_options optionsRequired blockSize carQuantities maxCars --input_var n_classes optionsRequired blockSize n_cars carQuantities n_options maxCars --example n_cars=200 n...,0,0,0,0,0,0,1,0,0,0,0,1,0,0,0,0,0,1,0,0,0,0,1,0,0,0,0]] 2>&1 | sed ""s/^/% /"" ; cat -u /app/model.mzn 2>/dev/null ; rm -f /app/model.mzn'
	in container ARNOLD_MPMMine-P002M001_92275:
	exit code: 255
	error: exec /usr/bin/bash: argument list too long
, Failed to run:
	bash -c 'python /app/code/run.py --var setup n_cars slot n_classes n_options optionsRequired blockSize carQuantities maxCars --input_var n_classes optionsRequired blockSize n_cars carQuantities n_options maxCars --example n_cars=200 n...,1,0,0,0,0,0,0,0,1,0,0,0,0,0,0,0,0,1,0,0,0,0,0,1,0,0,0]] 2>&1 | sed ""s/^/% /"" ; cat -u /app/model.mzn 2>/dev/null ; rm -f /app/model.mzn'
	in container ARNOLD_MPMMine-P002M001_92275:
	exit code: 255
	error: exec /usr/bin/bash: argument list too long
, Failed to run:
	bash -c 'python /app/code/run.py --var setup n_cars slot n_classes n_options optionsRequired blockSize carQuantities maxCars --input_var n_classes optionsRequired blockSize n_cars carQuantities n_options maxCars --example n_cars=200 n...,0,0,1,0,0,0,0,0,0,1,0,0,0,0,0,1,0,0,0,0,0,0,0,0,0,0,1]] 2>&1 | sed ""s/^/% /"" ; cat -u /app/model.mzn 2>/dev/null ; rm -f /app/model.mzn'
	in container ARNOLD_MPMMine-P002M001_92275:
	exit code: 255
	error: exec /usr/bin/bash: argument list too long
",0.0,0.0,,740177.396597808,2.751853277770651,0.0,0.0,MPMMine-P002M001I027,ARNOLD/problems/P002/models/M001/instances/I027/75
ARNOLD,MPMMine-P002,MPMMine-P002M001,MPMMine-P002M001I027,100,100,0,5,,,200.0,0.0,1000,1.0,0.0,"Failed to run:
	bash -c 'python /app/code/run.py --var setup n_cars slot n_classes n_options optionsRequired blockSize carQuantities maxCars --input_var n_classes optionsRequired blockSize n_cars carQuantities n_options maxCars --example n_cars=200 n...,0,1,0,0,0,0,1,0,0,0,0,0,0,0,1,0,0,0,0,0,0,0,0,0,1,0,0]] 2>&1 | sed ""s/^/% /"" ; cat -u /app/model.mzn 2>/dev/null ; rm -f /app/model.mzn'
	in container ARNOLD_MPMMine-P002M001_92275:
	exit code: 255
	error: exec /usr/bin/bash: argument list too long
, Failed to run:
	bash -c 'python /app/code/run.py --var setup n_cars slot n_classes n_options optionsRequired blockSize carQuantities maxCars --input_var n_classes optionsRequired blockSize n_cars carQuantities n_options maxCars --example n_cars=200 n...,0,0,0,1,0,0,0,0,1,0,0,0,0,0,0,0,0,1,0,0,0,0,0,1,0,0,0]] 2>&1 | sed ""s/^/% /"" ; cat -u /app/model.mzn 2>/dev/null ; rm -f /app/model.mzn'
	in container ARNOLD_MPMMine-P002M001_92275:
	exit code: 255
	error: exec /usr/bin/bash: argument list too long
, Failed to run:
	bash -c 'python /app/code/run.py --var setup n_cars slot n_classes n_options optionsRequired blockSize carQuantities maxCars --input_var n_classes optionsRequired blockSize n_cars carQuantities n_options maxCars --example n_cars=200 n...,0,0,1,0,0,0,0,0,1,0,0,0,0,0,0,0,0,1,0,0,0,0,0,0,0,0,1]] 2>&1 | sed ""s/^/% /"" ; cat -u /app/model.mzn 2>/dev/null ; rm -f /app/model.mzn'
	in container ARNOLD_MPMMine-P002M001_92275:
	exit code: 255
	error: exec /usr/bin/bash: argument list too long
, Failed to run:
	bash -c 'python /app/code/run.py --var setup n_cars slot n_classes n_options optionsRequired blockSize carQuantities maxCars --input_var n_classes optionsRequired blockSize n_cars carQuantities n_options maxCars --example n_cars=200 n...,0,0,0,0,0,1,0,0,0,0,0,0,0,1,0,0,0,0,1,0,0,0,0,1,0,0,0]] 2>&1 | sed ""s/^/% /"" ; cat -u /app/model.mzn 2>/dev/null ; rm -f /app/model.mzn'
	in container ARNOLD_MPMMine-P002M001_92275:
	exit code: 255
	error: exec /usr/bin/bash: argument list too long
, Failed to run:
	bash -c 'python /app/code/run.py --var setup n_cars slot n_classes n_options optionsRequired blockSize carQuantities maxCars --input_var n_classes optionsRequired blockSize n_cars carQuantities n_options maxCars --example n_cars=200 n...,0,1,0,0,0,0,0,0,0,0,0,1,0,0,0,0,1,0,0,0,0,0,0,0,0,1,0]] 2>&1 | sed ""s/^/% /"" ; cat -u /app/model.mzn 2>/dev/null ; rm -f /app/model.mzn'
	in container ARNOLD_MPMMine-P002M001_92275:
	exit code: 255
	error: exec /usr/bin/bash: argument list too long
",0.0,0.0,,740188.5010837829,3.899849181856153,0.0,0.0,MPMMine-P002M001I027,ARNOLD/problems/P002/models/M001/instances/I027/100
ARNOLD,MPMMine-P002,MPMMine-P002M001,MPMMine-P002M001I028,2,2,0,5,1.0,0.0,200.0,0.0,1000,0.0,0.0,,0.9280000000000002,0.023206531717532095,Timeout while verifying an example,25.65234709174838,2.2520176734442603,1124951.1313183513,30162.326137768436,MPMMine-P002M001I028,ARNOLD/problems/P002/models/M001/instances/I028/2
ARNOLD,MPMMine-P002,MPMMine-P002M001,MPMMine-P002M001I028,10,10,0,5,1.0,0.0,200.0,0.0,1000,0.0,0.0,,0.9280000000000002,0.023206531717532095,Timeout while verifying an example,119.6396253415849,9.337596724384397,1124372.948578312,29551.231761392537,MPMMine-P002M001I028,ARNOLD/problems/P002/models/M001/instances/I028/10
ARNOLD,MPMMine-P002,MPMMine-P002M001,MPMMine-P002M001I028,30,30,0,5,1.0,0.0,200.0,0.0,1000,0.0,0.0,,0.9280000000000002,0.023206531717532095,Timeout while verifying an example,408.11270899178925,142.68378525777607,1123502.8140299954,28763.55486161817,MPMMine-P002M001I028,ARNOLD/problems/P002/models/M001/instances/I028/30
ARNOLD,MPMMine-P002,MPMMine-P002M001,MPMMine-P002M001I028,50,50,0,5,,,200.0,0.0,1000,1.0,0.0,"Failed to run:
	bash -c 'python /app/code/run.py --var optionsRequired maxCars n_cars carQuantities n_options slot blockSize setup n_classes --input_var optionsRequired maxCars n_cars carQuantities n_options blockSize n_classes --example n_cars=200 n...,0,0,0,1,0,0,0,0,1,0,0,0,0,1,0,0,0,0,1,0,0,0,0,1,0,0,0]] 2>&1 | sed ""s/^/% /"" ; cat -u /app/model.mzn 2>/dev/null ; rm -f /app/model.mzn'
	in container ARNOLD_MPMMine-P002M001_92274:
	exit code: 255
	error: exec /usr/bin/bash: argument list too long
, Failed to run:
	bash -c 'python /app/code/run.py --var optionsRequired maxCars n_cars carQuantities n_options slot blockSize setup n_classes --input_var optionsRequired maxCars n_cars carQuantities n_options blockSize n_classes --example n_cars=200 n...,0,0,1,0,0,0,0,1,0,0,0,0,0,0,0,0,0,0,0,1,0,0,0,0,0,0,0]] 2>&1 | sed ""s/^/% /"" ; cat -u /app/model.mzn 2>/dev/null ; rm -f /app/model.mzn'
	in container ARNOLD_MPMMine-P002M001_92274:
	exit code: 255
	error: exec /usr/bin/bash: argument list too long
, Failed to run:
	bash -c 'python /app/code/run.py --var optionsRequired maxCars n_cars carQuantities n_options slot blockSize setup n_classes --input_var optionsRequired maxCars n_cars carQuantities n_options blockSize n_classes --example n_cars=200 n...,0,1,0,0,0,0,1,0,0,0,0,0,1,0,0,0,0,1,0,0,0,0,0,0,0,1,0]] 2>&1 | sed ""s/^/% /"" ; cat -u /app/model.mzn 2>/dev/null ; rm -f /app/model.mzn'
	in container ARNOLD_MPMMine-P002M001_92274:
	exit code: 255
	error: exec /usr/bin/bash: argument list too long
, Failed to run:
	bash -c 'python /app/code/run.py --var optionsRequired maxCars n_cars carQuantities n_options slot blockSize setup n_classes --input_var optionsRequired maxCars n_cars carQuantities n_options blockSize n_classes --example n_cars=200 n...,0,0,0,0,0,0,0,1,0,0,0,0,0,1,0,0,0,0,1,0,0,0,0,1,0,0,0]] 2>&1 | sed ""s/^/% /"" ; cat -u /app/model.mzn 2>/dev/null ; rm -f /app/model.mzn'
	in container ARNOLD_MPMMine-P002M001_92274:
	exit code: 255
	error: exec /usr/bin/bash: argument list too long
, Failed to run:
	bash -c 'python /app/code/run.py --var optionsRequired maxCars n_cars carQuantities n_options slot blockSize setup n_classes --input_var optionsRequired maxCars n_cars carQuantities n_options blockSize n_classes --example n_cars=200 n...,0,0,1,0,0,0,0,0,0,0,1,0,0,0,0,0,1,0,0,0,0,0,0,0,0,1,0]] 2>&1 | sed ""s/^/% /"" ; cat -u /app/model.mzn 2>/dev/null ; rm -f /app/model.mzn'
	in container ARNOLD_MPMMine-P002M001_92274:
	exit code: 255
	error: exec /usr/bin/bash: argument list too long
",0.0,0.0,,744040.2771523164,28.592532857628985,0.0,0.0,MPMMine-P002M001I028,ARNOLD/problems/P002/models/M001/instances/I028/50
ARNOLD,MPMMine-P002,MPMMine-P002M001,MPMMine-P002M001I028,75,75,0,5,,,200.0,0.0,1000,1.0,0.0,"Failed to run:
	bash -c 'python /app/code/run.py --var blockSize setup optionsRequired n_classes n_options maxCars carQuantities n_cars slot --input_var n_classes n_options maxCars blockSize carQuantities n_cars optionsRequired --example n_cars=200 n...,0,0,1,0,0,0,0,0,0,0,1,0,0,0,0,1,0,0,0,0,0,0,0,1,0,0,0]] 2>&1 | sed ""s/^/% /"" ; cat -u /app/model.mzn 2>/dev/null ; rm -f /app/model.mzn'
	in container ARNOLD_MPMMine-P002M001_92251:
	exit code: 255
	error: exec /usr/bin/bash: argument list too long
, Failed to run:
	bash -c 'python /app/code/run.py --var blockSize setup optionsRequired n_classes n_options maxCars carQuantities n_cars slot --input_var n_classes n_options maxCars blockSize carQuantities n_cars optionsRequired --example n_cars=200 n...,0,0,0,1,0,0,0,0,1,0,0,0,0,1,0,0,0,0,0,0,0,0,0,1,0,0,0]] 2>&1 | sed ""s/^/% /"" ; cat -u /app/model.mzn 2>/dev/null ; rm -f /app/model.mzn'
	in container ARNOLD_MPMMine-P002M001_92251:
	exit code: 255
	error: exec /usr/bin/bash: argument list too long
, Failed to run:
	bash -c 'python /app/code/run.py --var blockSize setup optionsRequired n_classes n_options maxCars carQuantities n_cars slot --input_var n_classes n_options maxCars blockSize carQuantities n_cars optionsRequired --example n_cars=200 n...,0,1,0,0,0,0,0,0,0,0,0,0,0,0,0,1,0,0,0,0,0,0,0,1,0,0,0]] 2>&1 | sed ""s/^/% /"" ; cat -u /app/model.mzn 2>/dev/null ; rm -f /app/model.mzn'
	in container ARNOLD_MPMMine-P002M001_92251:
	exit code: 255
	error: exec /usr/bin/bash: argument list too long
, Failed to run:
	bash -c 'python /app/code/run.py --var blockSize setup optionsRequired n_classes n_options maxCars carQuantities n_cars slot --input_var n_classes n_options maxCars blockSize carQuantities n_cars optionsRequired --example n_cars=200 n...,0,0,0,0,0,1,0,0,0,0,1,0,0,0,0,0,0,0,0,1,0,0,0,0,0,0,0]] 2>&1 | sed ""s/^/% /"" ; cat -u /app/model.mzn 2>/dev/null ; rm -f /app/model.mzn'
	in container ARNOLD_MPMMine-P002M001_92251:
	exit code: 255
	error: exec /usr/bin/bash: argument list too long
, Failed to run:
	bash -c 'python /app/code/run.py --var blockSize setup optionsRequired n_classes n_options maxCars carQuantities n_cars slot --input_var n_classes n_options maxCars blockSize carQuantities n_cars optionsRequired --example n_cars=200 n...,0,0,0,1,0,0,0,0,1,0,0,0,0,0,0,0,0,0,0,1,0,0,0,0,0,1,0]] 2>&1 | sed ""s/^/% /"" ; cat -u /app/model.mzn 2>/dev/null ; rm -f /app/model.mzn'
	in container ARNOLD_MPMMine-P002M001_92251:
	exit code: 255
	error: exec /usr/bin/bash: argument list too long
",0.0,0.0,,744272.196637508,149.86545393997585,0.0,0.0,MPMMine-P002M001I028,ARNOLD/problems/P002/models/M001/instances/I028/75
ARNOLD,MPMMine-P002,MPMMine-P002M001,MPMMine-P002M001I028,100,100,0,5,,,200.0,0.0,1000,1.0,0.0,"Failed to run:
	bash -c 'python /app/code/run.py --var optionsRequired maxCars n_cars carQuantities n_options slot blockSize setup n_classes --input_var optionsRequired maxCars n_cars carQuantities n_options blockSize n_classes --example n_cars=200 n...,1,0,0,0,0,1,0,0,0,0,0,1,0,0,0,0,0,1,0,0,0,0,1,0,0,0,0]] 2>&1 | sed ""s/^/% /"" ; cat -u /app/model.mzn 2>/dev/null ; rm -f /app/model.mzn'
	in container ARNOLD_MPMMine-P002M001_92274:
	exit code: 255
	error: exec /usr/bin/bash: argument list too long
, Failed to run:
	bash -c 'python /app/code/run.py --var optionsRequired maxCars n_cars carQuantities n_options slot blockSize setup n_classes --input_var optionsRequired maxCars n_cars carQuantities n_options blockSize n_classes --example n_cars=200 n...,0,1,0,0,0,0,0,0,0,0,0,1,0,0,0,0,0,0,0,0,1,0,0,0,0,1,0]] 2>&1 | sed ""s/^/% /"" ; cat -u /app/model.mzn 2>/dev/null ; rm -f /app/model.mzn'
	in container ARNOLD_MPMMine-P002M001_92274:
	exit code: 255
	error: exec /usr/bin/bash: argument list too long
, Failed to run:
	bash -c 'python /app/code/run.py --var optionsRequired maxCars n_cars carQuantities n_options slot blockSize setup n_classes --input_var optionsRequired maxCars n_cars carQuantities n_options blockSize n_classes --example n_cars=200 n...,0,0,0,0,0,0,1,0,0,0,0,0,0,1,0,0,0,0,0,1,0,0,0,0,0,1,0]] 2>&1 | sed ""s/^/% /"" ; cat -u /app/model.mzn 2>/dev/null ; rm -f /app/model.mzn'
	in container ARNOLD_MPMMine-P002M001_92274:
	exit code: 255
	error: exec /usr/bin/bash: argument list too long
, Failed to run:
	bash -c 'python /app/code/run.py --var optionsRequired maxCars n_cars carQuantities n_options slot blockSize setup n_classes --input_var optionsRequired maxCars n_cars carQuantities n_options blockSize n_classes --example n_cars=200 n...,0,0,0,0,1,0,0,0,0,0,0,1,0,0,0,0,0,0,0,0,1,0,0,0,0,1,0]] 2>&1 | sed ""s/^/% /"" ; cat -u /app/model.mzn 2>/dev/null ; rm -f /app/model.mzn'
	in container ARNOLD_MPMMine-P002M001_92274:
	exit code: 255
	error: exec /usr/bin/bash: argument list too long
, Failed to run:
	bash -c 'python /app/code/run.py --var optionsRequired maxCars n_cars carQuantities n_options slot blockSize setup n_classes --input_var optionsRequired maxCars n_cars carQuantities n_options blockSize n_classes --example n_cars=200 n...,0,1,0,0,0,0,0,0,0,1,0,0,0,0,1,0,0,0,0,0,1,0,0,0,0,1,0]] 2>&1 | sed ""s/^/% /"" ; cat -u /app/model.mzn 2>/dev/null ; rm -f /app/model.mzn'
	in container ARNOLD_MPMMine-P002M001_92274:
	exit code: 255
	error: exec /usr/bin/bash: argument list too long
",0.0,0.0,,744279.9291004414,147.65260321289801,0.0,0.0,MPMMine-P002M001I028,ARNOLD/problems/P002/models/M001/instances/I028/100
ARNOLD,MPMMine-P002,MPMMine-P002M001,MPMMine-P002M001I029,2,2,0,5,1.0,0.0,200.0,0.0,1000,0.0,0.0,,0.925,0.02072469332199436,Timeout while verifying an example,55.12732426659204,70.26095516905049,1117587.06160672,24972.996292630465,MPMMine-P002M001I029,ARNOLD/problems/P002/models/M001/instances/I029/2
ARNOLD,MPMMine-P002,MPMMine-P002M001,MPMMine-P002M001I029,10,10,0,5,1.0,0.0,200.0,0.0,1000,0.0,0.0,,0.925,0.02072469332199436,Timeout while verifying an example,150.59565449159126,66.0289792619195,1117550.9121000022,24984.59781086366,MPMMine-P002M001I029,ARNOLD/problems/P002/models/M001/instances/I029/10
ARNOLD,MPMMine-P002,MPMMine-P002M001,MPMMine-P002M001I029,30,30,0,5,1.0,0.0,200.0,0.0,1000,0.0,0.0,,0.925,0.02072469332199436,Timeout while verifying an example,381.1446106166113,14.606296302144832,1117667.4406617181,24815.154663797428,MPMMine-P002M001I029,ARNOLD/problems/P002/models/M001/instances/I029/30
ARNOLD,MPMMine-P002,MPMMine-P002M001,MPMMine-P002M001I029,50,50,0,5,,,200.0,0.0,1000,1.0,0.0,"Failed to run:
	bash -c 'python /app/code/run.py --var optionsRequired slot n_classes carQuantities n_options blockSize maxCars setup n_cars --input_var n_options optionsRequired carQuantities maxCars n_classes n_cars blockSize --example n_cars=200 n...,0,0,0,0,1,0,0,0,0,0,0,0,0,0,1,0,0,0,0,0,0,0,1,0,0,0,0]] 2>&1 | sed ""s/^/% /"" ; cat -u /app/model.mzn 2>/dev/null ; rm -f /app/model.mzn'
	in container ARNOLD_MPMMine-P002M001_92255:
	exit code: 255
	error: exec /usr/bin/bash: argument list too long
, Failed to run:
	bash -c 'python /app/code/run.py --var optionsRequired slot n_classes carQuantities n_options blockSize maxCars setup n_cars --input_var n_options optionsRequired carQuantities maxCars n_classes n_cars blockSize --example n_cars=200 n...,0,0,0,0,0,0,0,0,0,0,0,0,0,0,0,0,1,0,0,0,0,0,0,0,0,0,1]] 2>&1 | sed ""s/^/% /"" ; cat -u /app/model.mzn 2>/dev/null ; rm -f /app/model.mzn'
	in container ARNOLD_MPMMine-P002M001_92255:
	exit code: 255
	error: exec /usr/bin/bash: argument list too long
, Failed to run:
	bash -c 'python /app/code/run.py --var optionsRequired slot n_classes carQuantities n_options blockSize maxCars setup n_cars --input_var n_options optionsRequired carQuantities maxCars n_classes n_cars blockSize --example n_cars=200 n...,0,0,0,0,0,0,0,0,1,0,0,0,0,0,0,0,0,0,0,1,0,0,0,0,0,0,0]] 2>&1 | sed ""s/^/% /"" ; cat -u /app/model.mzn 2>/dev/null ; rm -f /app/model.mzn'
	in container ARNOLD_MPMMine-P002M001_92255:
	exit code: 255
	error: exec /usr/bin/bash: argument list too long
, Failed to run:
	bash -c 'python /app/code/run.py --var optionsRequired slot n_classes carQuantities n_options blockSize maxCars setup n_cars --input_var n_options optionsRequired carQuantities maxCars n_classes n_cars blockSize --example n_cars=200 n...,0,0,0,0,0,0,0,1,0,0,0,0,0,0,0,0,0,0,1,0,0,0,0,0,0,1,0]] 2>&1 | sed ""s/^/% /"" ; cat -u /app/model.mzn 2>/dev/null ; rm -f /app/model.mzn'
	in container ARNOLD_MPMMine-P002M001_92255:
	exit code: 255
	error: exec /usr/bin/bash: argument list too long
, Failed to run:
	bash -c 'python /app/code/run.py --var optionsRequired slot n_classes carQuantities n_options blockSize maxCars setup n_cars --input_var n_options optionsRequired carQuantities maxCars n_classes n_cars blockSize --example n_cars=200 n...,0,0,0,0,0,0,1,0,0,0,0,1,0,0,0,0,0,0,0,0,0,0,0,0,0,0,0]] 2>&1 | sed ""s/^/% /"" ; cat -u /app/model.mzn 2>/dev/null ; rm -f /app/model.mzn'
	in container ARNOLD_MPMMine-P002M001_92255:
	exit code: 255
	error: exec /usr/bin/bash: argument list too long
",0.0,0.0,,758815.2010642497,1.911853088032559,0.0,0.0,MPMMine-P002M001I029,ARNOLD/problems/P002/models/M001/instances/I029/50
ARNOLD,MPMMine-P002,MPMMine-P002M001,MPMMine-P002M001I029,75,75,0,5,,,200.0,0.0,1000,1.0,0.0,"Failed to run:
	bash -c 'python /app/code/run.py --var optionsRequired slot n_classes carQuantities n_options blockSize maxCars setup n_cars --input_var n_options optionsRequired carQuantities maxCars n_classes n_cars blockSize --example n_cars=200 n...,0,0,1,0,0,0,0,0,0,0,0,1,0,0,0,0,0,0,0,0,0,0,0,0,0,0,0]] 2>&1 | sed ""s/^/% /"" ; cat -u /app/model.mzn 2>/dev/null ; rm -f /app/model.mzn'
	in container ARNOLD_MPMMine-P002M001_92255:
	exit code: 255
	error: exec /usr/bin/bash: argument list too long
, Failed to run:
	bash -c 'python /app/code/run.py --var optionsRequired slot n_classes carQuantities n_options blockSize maxCars setup n_cars --input_var n_options optionsRequired carQuantities maxCars n_classes n_cars blockSize --example n_cars=200 n...,0,0,0,0,0,1,0,0,0,0,0,0,0,0,0,0,0,0,0,0,1,0,0,0,0,0,0]] 2>&1 | sed ""s/^/% /"" ; cat -u /app/model.mzn 2>/dev/null ; rm -f /app/model.mzn'
	in container ARNOLD_MPMMine-P002M001_92255:
	exit code: 255
	error: exec /usr/bin/bash: argument list too long
, Failed to run:
	bash -c 'python /app/code/run.py --var optionsRequired slot n_classes carQuantities n_options blockSize maxCars setup n_cars --input_var n_options optionsRequired carQuantities maxCars n_classes n_cars blockSize --example n_cars=200 n...,0,0,0,0,0,0,1,0,0,0,0,0,1,0,0,0,0,0,0,0,0,1,0,0,0,0,1]] 2>&1 | sed ""s/^/% /"" ; cat -u /app/model.mzn 2>/dev/null ; rm -f /app/model.mzn'
	in container ARNOLD_MPMMine-P002M001_92255:
	exit code: 255
	error: exec /usr/bin/bash: argument list too long
, Failed to run:
	bash -c 'python /app/code/run.py --var optionsRequired slot n_classes carQuantities n_options blockSize maxCars setup n_cars --input_var n_options optionsRequired carQuantities maxCars n_classes n_cars blockSize --example n_cars=200 n...,0,0,0,1,0,0,0,0,1,0,0,0,0,0,0,1,0,0,0,0,0,0,0,1,0,0,0]] 2>&1 | sed ""s/^/% /"" ; cat -u /app/model.mzn 2>/dev/null ; rm -f /app/model.mzn'
	in container ARNOLD_MPMMine-P002M001_92255:
	exit code: 255
	error: exec /usr/bin/bash: argument list too long
, Failed to run:
	bash -c 'python /app/code/run.py --var optionsRequired slot n_classes carQuantities n_options blockSize maxCars setup n_cars --input_var n_options optionsRequired carQuantities maxCars n_classes n_cars blockSize --example n_cars=200 n...,1,0,0,0,0,0,0,0,1,0,0,0,0,0,0,0,0,0,0,0,0,1,0,0,0,0,0]] 2>&1 | sed ""s/^/% /"" ; cat -u /app/model.mzn 2>/dev/null ; rm -f /app/model.mzn'
	in container ARNOLD_MPMMine-P002M001_92255:
	exit code: 255
	error: exec /usr/bin/bash: argument list too long
",0.0,0.0,,758824.0034964911,3.0478553035372333,0.0,0.0,MPMMine-P002M001I029,ARNOLD/problems/P002/models/M001/instances/I029/75
ARNOLD,MPMMine-P002,MPMMine-P002M001,MPMMine-P002M001I029,100,100,0,5,,,200.0,0.0,1000,1.0,0.0,"Failed to run:
	bash -c 'python /app/code/run.py --var optionsRequired slot n_classes carQuantities n_options blockSize maxCars setup n_cars --input_var n_options optionsRequired carQuantities maxCars n_classes n_cars blockSize --example n_cars=200 n...,0,0,0,0,0,0,0,0,0,0,0,0,0,1,0,0,0,0,0,0,0,1,0,0,0,0,0]] 2>&1 | sed ""s/^/% /"" ; cat -u /app/model.mzn 2>/dev/null ; rm -f /app/model.mzn'
	in container ARNOLD_MPMMine-P002M001_92255:
	exit code: 255
	error: exec /usr/bin/bash: argument list too long
, Failed to run:
	bash -c 'python /app/code/run.py --var optionsRequired slot n_classes carQuantities n_options blockSize maxCars setup n_cars --input_var n_options optionsRequired carQuantities maxCars n_classes n_cars blockSize --example n_cars=200 n...,0,0,0,1,0,0,0,0,1,0,0,0,0,0,0,0,0,0,0,0,1,0,0,0,0,1,0]] 2>&1 | sed ""s/^/% /"" ; cat -u /app/model.mzn 2>/dev/null ; rm -f /app/model.mzn'
	in container ARNOLD_MPMMine-P002M001_92255:
	exit code: 255
	error: exec /usr/bin/bash: argument list too long
, Failed to run:
	bash -c 'python /app/code/run.py --var optionsRequired slot n_classes carQuantities n_options blockSize maxCars setup n_cars --input_var n_options optionsRequired carQuantities maxCars n_classes n_cars blockSize --example n_cars=200 n...,0,0,0,0,0,1,0,0,0,0,0,0,1,0,0,0,0,0,1,0,0,0,0,0,0,0,1]] 2>&1 | sed ""s/^/% /"" ; cat -u /app/model.mzn 2>/dev/null ; rm -f /app/model.mzn'
	in container ARNOLD_MPMMine-P002M001_92255:
	exit code: 255
	error: exec /usr/bin/bash: argument list too long
, Failed to run:
	bash -c 'python /app/code/run.py --var optionsRequired slot n_classes carQuantities n_options blockSize maxCars setup n_cars --input_var n_options optionsRequired carQuantities maxCars n_classes n_cars blockSize --example n_cars=200 n...,0,0,0,1,0,0,0,0,0,0,0,1,0,0,0,0,1,0,0,0,0,0,1,0,0,0,0]] 2>&1 | sed ""s/^/% /"" ; cat -u /app/model.mzn 2>/dev/null ; rm -f /app/model.mzn'
	in container ARNOLD_MPMMine-P002M001_92255:
	exit code: 255
	error: exec /usr/bin/bash: argument list too long
, Failed to run:
	bash -c 'python /app/code/run.py --var optionsRequired slot n_classes carQuantities n_options blockSize maxCars setup n_cars --input_var n_options optionsRequired carQuantities maxCars n_classes n_cars blockSize --example n_cars=200 n...,0,0,0,1,0,0,0,0,0,0,0,0,0,0,0,0,0,0,0,0,0,0,0,0,0,0,0]] 2>&1 | sed ""s/^/% /"" ; cat -u /app/model.mzn 2>/dev/null ; rm -f /app/model.mzn'
	in container ARNOLD_MPMMine-P002M001_92255:
	exit code: 255
	error: exec /usr/bin/bash: argument list too long
",0.0,0.0,,758836.2905268662,4.361878590228413,0.0,0.0,MPMMine-P002M001I029,ARNOLD/problems/P002/models/M001/instances/I029/100
ARNOLD,MPMMine-P002,MPMMine-P002M001,MPMMine-P002M001I030,2,2,0,5,1.0,0.0,200.0,0.0,1000,0.0,0.0,,0.9410000000000001,0.016954151625961544,Timeout while verifying an example,31.469148716609926,0.2948600856503686,1136761.4617149625,20259.943409303243,MPMMine-P002M001I030,ARNOLD/problems/P002/models/M001/instances/I030/2
ARNOLD,MPMMine-P002,MPMMine-P002M001,MPMMine-P002M001I030,10,10,0,5,1.0,0.0,200.0,0.0,1000,0.0,0.0,,0.9410000000000001,0.016954151625961544,Timeout while verifying an example,140.97041711614003,1.379865915451756,1136810.208488321,20258.071517380868,MPMMine-P002M001I030,ARNOLD/problems/P002/models/M001/instances/I030/10
ARNOLD,MPMMine-P002,MPMMine-P002M001,MPMMine-P002M001I030,30,30,0,5,1.0,0.0,200.0,0.0,1000,0.0,0.0,,0.9410000000000001,0.016954151625961544,Timeout while verifying an example,414.8392277332023,4.101394827067755,1136843.8985966798,20259.314489988607,MPMMine-P002M001I030,ARNOLD/problems/P002/models/M001/instances/I030/30
ARNOLD,MPMMine-P002,MPMMine-P002M001,MPMMine-P002M001I030,50,50,0,5,,,200.0,0.0,1000,1.0,0.0,"Failed to run:
	bash -c 'python /app/code/run.py --var maxCars n_classes slot blockSize optionsRequired n_cars setup carQuantities n_options --input_var carQuantities maxCars blockSize optionsRequired n_cars n_classes n_options --example n_cars=200 n...,0,0,0,0,0,0,1,0,0,0,0,1,0,0,0,0,0,0,0,0,0,1,0,0,0,0,1]] 2>&1 | sed ""s/^/% /"" ; cat -u /app/model.mzn 2>/dev/null ; rm -f /app/model.mzn'
	in container ARNOLD_MPMMine-P002M001_92256:
	exit code: 255
	error: exec /usr/bin/bash: argument list too long
, Failed to run:
	bash -c 'python /app/code/run.py --var maxCars n_classes slot blockSize optionsRequired n_cars setup carQuantities n_options --input_var carQuantities maxCars blockSize optionsRequired n_cars n_classes n_options --example n_cars=200 n...,0,0,0,1,0,0,0,0,1,0,0,0,0,0,0,0,0,1,0,0,0,0,1,0,0,0,0]] 2>&1 | sed ""s/^/% /"" ; cat -u /app/model.mzn 2>/dev/null ; rm -f /app/model.mzn'
	in container ARNOLD_MPMMine-P002M001_92256:
	exit code: 255
	error: exec /usr/bin/bash: argument list too long
, Failed to run:
	bash -c 'python /app/code/run.py --var maxCars n_classes slot blockSize optionsRequired n_cars setup carQuantities n_options --input_var carQuantities maxCars blockSize optionsRequired n_cars n_classes n_options --example n_cars=200 n...,0,0,0,0,0,0,0,0,0,0,0,1,0,0,0,0,0,0,0,1,0,0,0,0,0,1,0]] 2>&1 | sed ""s/^/% /"" ; cat -u /app/model.mzn 2>/dev/null ; rm -f /app/model.mzn'
	in container ARNOLD_MPMMine-P002M001_92256:
	exit code: 255
	error: exec /usr/bin/bash: argument list too long
, Failed to run:
	bash -c 'python /app/code/run.py --var maxCars n_classes slot blockSize optionsRequired n_cars setup carQuantities n_options --input_var carQuantities maxCars blockSize optionsRequired n_cars n_classes n_options --example n_cars=200 n...,0,0,0,0,0,0,1,0,0,0,0,0,0,0,0,0,1,0,0,0,0,0,1,0,0,0,0]] 2>&1 | sed ""s/^/% /"" ; cat -u /app/model.mzn 2>/dev/null ; rm -f /app/model.mzn'
	in container ARNOLD_MPMMine-P002M001_92256:
	exit code: 255
	error: exec /usr/bin/bash: argument list too long
, Failed to run:
	bash -c 'python /app/code/run.py --var maxCars n_classes slot blockSize optionsRequired n_cars setup carQuantities n_options --input_var carQuantities maxCars blockSize optionsRequired n_cars n_classes n_options --example n_cars=200 n...,0,0,0,0,1,0,0,0,0,1,0,0,0,0,0,1,0,0,0,0,0,0,0,0,0,1,0]] 2>&1 | sed ""s/^/% /"" ; cat -u /app/model.mzn 2>/dev/null ; rm -f /app/model.mzn'
	in container ARNOLD_MPMMine-P002M001_92256:
	exit code: 255
	error: exec /usr/bin/bash: argument list too long
",0.0,0.0,,761832.8961974664,2.0648581040578127,0.0,0.0,MPMMine-P002M001I030,ARNOLD/problems/P002/models/M001/instances/I030/50
ARNOLD,MPMMine-P002,MPMMine-P002M001,MPMMine-P002M001I030,75,75,0,5,,,200.0,0.0,1000,1.0,0.0,"Failed to run:
	bash -c 'python /app/code/run.py --var maxCars n_classes slot blockSize optionsRequired n_cars setup carQuantities n_options --input_var carQuantities maxCars blockSize optionsRequired n_cars n_classes n_options --example n_cars=200 n...,0,0,1,0,0,0,0,0,0,1,0,0,0,0,0,0,0,0,1,0,0,0,0,0,1,0,0]] 2>&1 | sed ""s/^/% /"" ; cat -u /app/model.mzn 2>/dev/null ; rm -f /app/model.mzn'
	in container ARNOLD_MPMMine-P002M001_92256:
	exit code: 255
	error: exec /usr/bin/bash: argument list too long
, Failed to run:
	bash -c 'python /app/code/run.py --var maxCars n_classes slot blockSize optionsRequired n_cars setup carQuantities n_options --input_var carQuantities maxCars blockSize optionsRequired n_cars n_classes n_options --example n_cars=200 n...,0,0,0,0,1,0,0,0,0,0,0,0,0,0,1,0,0,0,0,0,0,0,0,0,1,0,0]] 2>&1 | sed ""s/^/% /"" ; cat -u /app/model.mzn 2>/dev/null ; rm -f /app/model.mzn'
	in container ARNOLD_MPMMine-P002M001_92256:
	exit code: 255
	error: exec /usr/bin/bash: argument list too long
, Failed to run:
	bash -c 'python /app/code/run.py --var maxCars n_classes slot blockSize optionsRequired n_cars setup carQuantities n_options --input_var carQuantities maxCars blockSize optionsRequired n_cars n_classes n_options --example n_cars=200 n...,0,0,0,0,0,1,0,0,0,0,0,0,0,1,0,0,0,0,0,0,1,0,0,0,0,0,0]] 2>&1 | sed ""s/^/% /"" ; cat -u /app/model.mzn 2>/dev/null ; rm -f /app/model.mzn'
	in container ARNOLD_MPMMine-P002M001_92256:
	exit code: 255
	error: exec /usr/bin/bash: argument list too long
, Failed to run:
	bash -c 'python /app/code/run.py --var maxCars n_classes slot blockSize optionsRequired n_cars setup carQuantities n_options --input_var carQuantities maxCars blockSize optionsRequired n_cars n_classes n_options --example n_cars=200 n...,0,0,0,0,0,0,1,0,0,0,0,0,0,1,0,0,0,0,0,0,0,0,1,0,0,0,0]] 2>&1 | sed ""s/^/% /"" ; cat -u /app/model.mzn 2>/dev/null ; rm -f /app/model.mzn'
	in container ARNOLD_MPMMine-P002M001_92256:
	exit code: 255
	error: exec /usr/bin/bash: argument list too long
, Failed to run:
	bash -c 'python /app/code/run.py --var maxCars n_classes slot blockSize optionsRequired n_cars setup carQuantities n_options --input_var carQuantities maxCars blockSize optionsRequired n_cars n_classes n_options --example n_cars=200 n...,0,0,0,0,0,0,1,0,0,0,0,0,0,1,0,0,0,0,0,0,0,0,0,0,1,0,0]] 2>&1 | sed ""s/^/% /"" ; cat -u /app/model.mzn 2>/dev/null ; rm -f /app/model.mzn'
	in container ARNOLD_MPMMine-P002M001_92256:
	exit code: 255
	error: exec /usr/bin/bash: argument list too long
",0.0,0.0,,761842.4151558329,3.2334186639423836,0.0,0.0,MPMMine-P002M001I030,ARNOLD/problems/P002/models/M001/instances/I030/75
ARNOLD,MPMMine-P002,MPMMine-P002M001,MPMMine-P002M001I030,100,100,0,5,,,200.0,0.0,1000,1.0,0.0,"Failed to run:
	bash -c 'python /app/code/run.py --var maxCars n_classes slot blockSize optionsRequired n_cars setup carQuantities n_options --input_var carQuantities maxCars blockSize optionsRequired n_cars n_classes n_options --example n_cars=200 n...,1,0,0,0,0,0,1,0,0,0,0,1,0,0,0,0,0,0,0,0,0,0,0,0,0,0,0]] 2>&1 | sed ""s/^/% /"" ; cat -u /app/model.mzn 2>/dev/null ; rm -f /app/model.mzn'
	in container ARNOLD_MPMMine-P002M001_92256:
	exit code: 255
	error: exec /usr/bin/bash: argument list too long
, Failed to run:
	bash -c 'python /app/code/run.py --var maxCars n_classes slot blockSize optionsRequired n_cars setup carQuantities n_options --input_var carQuantities maxCars blockSize optionsRequired n_cars n_classes n_options --example n_cars=200 n...,0,0,0,0,1,0,0,0,0,1,0,0,0,0,0,0,0,1,0,0,0,0,0,0,0,1,0]] 2>&1 | sed ""s/^/% /"" ; cat -u /app/model.mzn 2>/dev/null ; rm -f /app/model.mzn'
	in container ARNOLD_MPMMine-P002M001_92256:
	exit code: 255
	error: exec /usr/bin/bash: argument list too long
, Failed to run:
	bash -c 'python /app/code/run.py --var maxCars n_classes slot blockSize optionsRequired n_cars setup carQuantities n_options --input_var carQuantities maxCars blockSize optionsRequired n_cars n_classes n_options --example n_cars=200 n...,0,0,0,0,1,0,0,0,0,0,0,0,0,1,0,0,0,0,0,0,0,0,0,1,0,0,0]] 2>&1 | sed ""s/^/% /"" ; cat -u /app/model.mzn 2>/dev/null ; rm -f /app/model.mzn'
	in container ARNOLD_MPMMine-P002M001_92256:
	exit code: 255
	error: exec /usr/bin/bash: argument list too long
, Failed to run:
	bash -c 'python /app/code/run.py --var maxCars n_classes slot blockSize optionsRequired n_cars setup carQuantities n_options --input_var carQuantities maxCars blockSize optionsRequired n_cars n_classes n_options --example n_cars=200 n...,1,0,0,0,0,0,0,1,0,0,0,0,0,0,0,0,0,0,0,0,0,0,0,1,0,0,0]] 2>&1 | sed ""s/^/% /"" ; cat -u /app/model.mzn 2>/dev/null ; rm -f /app/model.mzn'
	in container ARNOLD_MPMMine-P002M001_92256:
	exit code: 255
	error: exec /usr/bin/bash: argument list too long
, Failed to run:
	bash -c 'python /app/code/run.py --var maxCars n_classes slot blockSize optionsRequired n_cars setup carQuantities n_options --input_var carQuantities maxCars blockSize optionsRequired n_cars n_classes n_options --example n_cars=200 n...,0,0,0,0,1,0,0,0,0,0,0,0,0,1,0,0,0,0,0,1,0,0,0,0,0,0,0]] 2>&1 | sed ""s/^/% /"" ; cat -u /app/model.mzn 2>/dev/null ; rm -f /app/model.mzn'
	in container ARNOLD_MPMMine-P002M001_92256:
	exit code: 255
	error: exec /usr/bin/bash: argument list too long
",0.0,0.0,,761855.1226766913,4.602487477133034,0.0,0.0,MPMMine-P002M001I030,ARNOLD/problems/P002/models/M001/instances/I030/100
ARNOLD,MPMMine-P002,MPMMine-P002M001,MPMMine-P002M001I031,2,2,0,5,1.0,0.0,200.0,0.0,1000,0.0,0.0,,0.933,0.02589789438990919,Timeout while verifying an example,32.51709393325727,0.3680013225832622,1127200.3617815627,30891.146473808723,MPMMine-P002M001I031,ARNOLD/problems/P002/models/M001/instances/I031/2
ARNOLD,MPMMine-P002,MPMMine-P002M001,MPMMine-P002M001I031,10,10,0,5,1.0,0.0,200.0,0.0,1000,0.0,0.0,,0.933,0.02589789438990919,Timeout while verifying an example,148.9888182165567,2.5562397351477952,1127167.9168166406,30945.721833208656,MPMMine-P002M001I031,ARNOLD/problems/P002/models/M001/instances/I031/10
ARNOLD,MPMMine-P002,MPMMine-P002M001,MPMMine-P002M001I031,30,30,0,5,1.0,0.0,200.0,0.0,1000,0.0,0.0,,0.933,0.02589789438990919,Timeout while verifying an example,431.05457675822544,6.385683005627436,1127255.2315049898,30990.183926391463,MPMMine-P002M001I031,ARNOLD/problems/P002/models/M001/instances/I031/30
ARNOLD,MPMMine-P002,MPMMine-P002M001,MPMMine-P002M001I031,50,50,0,5,,,200.0,0.0,1000,1.0,0.0,"Failed to run:
	bash -c 'python /app/code/run.py --var setup slot n_classes n_options n_cars maxCars blockSize carQuantities optionsRequired --input_var n_classes n_options n_cars maxCars blockSize carQuantities optionsRequired --example n_cars=200 n...,0,0,0,0,0,0,0,0,1,0,0,0,0,0,1,0,0,0,0,0,0,0,0,0,0,0,1]] 2>&1 | sed ""s/^/% /"" ; cat -u /app/model.mzn 2>/dev/null ; rm -f /app/model.mzn'
	in container ARNOLD_MPMMine-P002M001_92253:
	exit code: 255
	error: exec /usr/bin/bash: argument list too long
, Failed to run:
	bash -c 'python /app/code/run.py --var setup slot n_classes n_options n_cars maxCars blockSize carQuantities optionsRequired --input_var n_classes n_options n_cars maxCars blockSize carQuantities optionsRequired --example n_cars=200 n...,0,1,0,0,0,0,0,0,1,0,0,0,0,0,0,0,0,0,0,0,0,0,0,0,0,0,0]] 2>&1 | sed ""s/^/% /"" ; cat -u /app/model.mzn 2>/dev/null ; rm -f /app/model.mzn'
	in container ARNOLD_MPMMine-P002M001_92253:
	exit code: 255
	error: exec /usr/bin/bash: argument list too long
, Failed to run:
	bash -c 'python /app/code/run.py --var setup slot n_classes n_options n_cars maxCars blockSize carQuantities optionsRequired --input_var n_classes n_options n_cars maxCars blockSize carQuantities optionsRequired --example n_cars=200 n...,0,1,0,0,0,0,0,1,0,0,0,0,0,1,0,0,0,0,0,0,0,0,0,0,0,0,1]] 2>&1 | sed ""s/^/% /"" ; cat -u /app/model.mzn 2>/dev/null ; rm -f /app/model.mzn'
	in container ARNOLD_MPMMine-P002M001_92253:
	exit code: 255
	error: exec /usr/bin/bash: argument list too long
, Failed to run:
	bash -c 'python /app/code/run.py --var setup slot n_classes n_options n_cars maxCars blockSize carQuantities optionsRequired --input_var n_classes n_options n_cars maxCars blockSize carQuantities optionsRequired --example n_cars=200 n...,1,0,0,0,0,0,0,0,1,0,0,0,0,0,0,1,0,0,0,0,0,0,0,0,1,0,0]] 2>&1 | sed ""s/^/% /"" ; cat -u /app/model.mzn 2>/dev/null ; rm -f /app/model.mzn'
	in container ARNOLD_MPMMine-P002M001_92253:
	exit code: 255
	error: exec /usr/bin/bash: argument list too long
, Failed to run:
	bash -c 'python /app/code/run.py --var setup slot n_classes n_options n_cars maxCars blockSize carQuantities optionsRequired --input_var n_classes n_options n_cars maxCars blockSize carQuantities optionsRequired --example n_cars=200 n...,0,0,0,0,0,0,0,0,0,0,0,0,0,0,0,0,1,0,0,0,0,0,0,0,0,1,0]] 2>&1 | sed ""s/^/% /"" ; cat -u /app/model.mzn 2>/dev/null ; rm -f /app/model.mzn'
	in container ARNOLD_MPMMine-P002M001_92253:
	exit code: 255
	error: exec /usr/bin/bash: argument list too long
",0.0,0.0,,765013.7174209079,1.9539763382834003,0.0,0.0,MPMMine-P002M001I031,ARNOLD/problems/P002/models/M001/instances/I031/50
ARNOLD,MPMMine-P002,MPMMine-P002M001,MPMMine-P002M001I031,75,75,0,5,,,200.0,0.0,1000,1.0,0.0,"Failed to run:
	bash -c 'python /app/code/run.py --var setup slot n_classes n_options n_cars maxCars blockSize carQuantities optionsRequired --input_var n_classes n_options n_cars maxCars blockSize carQuantities optionsRequired --example n_cars=200 n...,0,0,0,1,0,0,0,0,0,0,0,0,0,0,1,0,0,0,0,0,0,0,1,0,0,0,0]] 2>&1 | sed ""s/^/% /"" ; cat -u /app/model.mzn 2>/dev/null ; rm -f /app/model.mzn'
	in container ARNOLD_MPMMine-P002M001_92253:
	exit code: 255
	error: exec /usr/bin/bash: argument list too long
, Failed to run:
	bash -c 'python /app/code/run.py --var setup slot n_classes n_options n_cars maxCars blockSize carQuantities optionsRequired --input_var n_classes n_options n_cars maxCars blockSize carQuantities optionsRequired --example n_cars=200 n...,0,0,0,0,0,0,0,0,0,0,0,0,0,1,0,0,0,0,0,0,0,0,0,0,1,0,0]] 2>&1 | sed ""s/^/% /"" ; cat -u /app/model.mzn 2>/dev/null ; rm -f /app/model.mzn'
	in container ARNOLD_MPMMine-P002M001_92253:
	exit code: 255
	error: exec /usr/bin/bash: argument list too long
, Failed to run:
	bash -c 'python /app/code/run.py --var setup slot n_classes n_options n_cars maxCars blockSize carQuantities optionsRequired --input_var n_classes n_options n_cars maxCars blockSize carQuantities optionsRequired --example n_cars=200 n...,0,0,0,0,0,0,0,0,1,0,0,0,0,0,1,0,0,0,0,1,0,0,0,0,1,0,0]] 2>&1 | sed ""s/^/% /"" ; cat -u /app/model.mzn 2>/dev/null ; rm -f /app/model.mzn'
	in container ARNOLD_MPMMine-P002M001_92253:
	exit code: 255
	error: exec /usr/bin/bash: argument list too long
, Failed to run:
	bash -c 'python /app/code/run.py --var setup slot n_classes n_options n_cars maxCars blockSize carQuantities optionsRequired --input_var n_classes n_options n_cars maxCars blockSize carQuantities optionsRequired --example n_cars=200 n...,0,0,0,0,0,1,0,0,0,0,1,0,0,0,0,0,1,0,0,0,0,0,1,0,0,0,0]] 2>&1 | sed ""s/^/% /"" ; cat -u /app/model.mzn 2>/dev/null ; rm -f /app/model.mzn'
	in container ARNOLD_MPMMine-P002M001_92253:
	exit code: 255
	error: exec /usr/bin/bash: argument list too long
, Failed to run:
	bash -c 'python /app/code/run.py --var setup slot n_classes n_options n_cars maxCars blockSize carQuantities optionsRequired --input_var n_classes n_options n_cars maxCars blockSize carQuantities optionsRequired --example n_cars=200 n...,0,0,0,1,0,0,0,0,0,0,0,0,0,1,0,0,0,0,0,0,0,0,0,0,1,0,0]] 2>&1 | sed ""s/^/% /"" ; cat -u /app/model.mzn 2>/dev/null ; rm -f /app/model.mzn'
	in container ARNOLD_MPMMine-P002M001_92253:
	exit code: 255
	error: exec /usr/bin/bash: argument list too long
",0.0,0.0,,765022.5928415246,3.1074147888541215,0.0,0.0,MPMMine-P002M001I031,ARNOLD/problems/P002/models/M001/instances/I031/75
ARNOLD,MPMMine-P002,MPMMine-P002M001,MPMMine-P002M001I031,100,100,0,5,,,200.0,0.0,1000,1.0,0.0,"Failed to run:
	bash -c 'python /app/code/run.py --var setup slot n_classes n_options n_cars maxCars blockSize carQuantities optionsRequired --input_var n_classes n_options n_cars maxCars blockSize carQuantities optionsRequired --example n_cars=200 n...,0,0,0,0,0,0,0,0,0,0,1,0,0,0,0,0,0,0,0,0,0,0,0,0,0,1,0]] 2>&1 | sed ""s/^/% /"" ; cat -u /app/model.mzn 2>/dev/null ; rm -f /app/model.mzn'
	in container ARNOLD_MPMMine-P002M001_92253:
	exit code: 255
	error: exec /usr/bin/bash: argument list too long
, Failed to run:
	bash -c 'python /app/code/run.py --var setup slot n_classes n_options n_cars maxCars blockSize carQuantities optionsRequired --input_var n_classes n_options n_cars maxCars blockSize carQuantities optionsRequired --example n_cars=200 n...,1,0,0,0,0,0,0,1,0,0,0,0,0,0,0,0,0,0,1,0,0,0,0,0,0,0,0]] 2>&1 | sed ""s/^/% /"" ; cat -u /app/model.mzn 2>/dev/null ; rm -f /app/model.mzn'
	in container ARNOLD_MPMMine-P002M001_92253:
	exit code: 255
	error: exec /usr/bin/bash: argument list too long
, Failed to run:
	bash -c 'python /app/code/run.py --var setup slot n_classes n_options n_cars maxCars blockSize carQuantities optionsRequired --input_var n_classes n_options n_cars maxCars blockSize carQuantities optionsRequired --example n_cars=200 n...,0,0,0,1,0,0,0,0,0,1,0,0,0,0,0,0,0,0,0,0,0,0,0,0,1,0,0]] 2>&1 | sed ""s/^/% /"" ; cat -u /app/model.mzn 2>/dev/null ; rm -f /app/model.mzn'
	in container ARNOLD_MPMMine-P002M001_92253:
	exit code: 255
	error: exec /usr/bin/bash: argument list too long
, Failed to run:
	bash -c 'python /app/code/run.py --var setup slot n_classes n_options n_cars maxCars blockSize carQuantities optionsRequired --input_var n_classes n_options n_cars maxCars blockSize carQuantities optionsRequired --example n_cars=200 n...,0,0,0,0,0,0,0,0,0,0,0,0,0,0,0,0,1,0,0,0,0,0,1,0,0,0,0]] 2>&1 | sed ""s/^/% /"" ; cat -u /app/model.mzn 2>/dev/null ; rm -f /app/model.mzn'
	in container ARNOLD_MPMMine-P002M001_92253:
	exit code: 255
	error: exec /usr/bin/bash: argument list too long
, Failed to run:
	bash -c 'python /app/code/run.py --var setup slot n_classes n_options n_cars maxCars blockSize carQuantities optionsRequired --input_var n_classes n_options n_cars maxCars blockSize carQuantities optionsRequired --example n_cars=200 n...,0,0,0,0,0,0,0,0,0,0,0,0,0,1,0,0,0,0,0,0,0,0,0,0,1,0,0]] 2>&1 | sed ""s/^/% /"" ; cat -u /app/model.mzn 2>/dev/null ; rm -f /app/model.mzn'
	in container ARNOLD_MPMMine-P002M001_92253:
	exit code: 255
	error: exec /usr/bin/bash: argument list too long
",0.0,0.0,,765035.0225341581,4.400868150063935,0.0,0.0,MPMMine-P002M001I031,ARNOLD/problems/P002/models/M001/instances/I031/100
ARNOLD,MPMMine-P002,MPMMine-P002M001,MPMMine-P002M001I032,2,2,0,5,1.0,0.0,200.0,0.0,1000,0.0,0.0,,0.932,0.014427354770423267,Timeout while verifying an example,30.471952325175515,0.42436498121879196,1125989.144390002,17257.215789629816,MPMMine-P002M001I032,ARNOLD/problems/P002/models/M001/instances/I032/2
ARNOLD,MPMMine-P002,MPMMine-P002M001,MPMMine-P002M001I032,10,10,0,5,1.0,0.0,200.0,0.0,1000,0.0,0.0,,0.932,0.014427354770423267,Timeout while verifying an example,137.7006708419649,1.1225617130847703,1126005.0919433217,17251.946093451606,MPMMine-P002M001I032,ARNOLD/problems/P002/models/M001/instances/I032/10
ARNOLD,MPMMine-P002,MPMMine-P002M001,MPMMine-P002M001I032,30,30,0,5,1.0,0.0,200.0,0.0,1000,0.0,0.0,,0.932,0.014427354770423267,Timeout while verifying an example,404.0971339082113,8.71569003405772,1125957.2472033557,17236.906069510547,MPMMine-P002M001I032,ARNOLD/problems/P002/models/M001/instances/I032/30
ARNOLD,MPMMine-P002,MPMMine-P002M001,MPMMine-P002M001I032,50,50,0,5,,,200.0,0.0,1000,1.0,0.0,"Failed to run:
	bash -c 'python /app/code/run.py --var n_classes optionsRequired n_options blockSize maxCars slot n_cars carQuantities setup --input_var n_cars carQuantities n_classes optionsRequired n_options maxCars blockSize --example n_cars=200 n...,0,0,0,0,0,1,0,0,0,0,1,0,0,0,0,0,0,1,0,0,0,0,1,0,0,0,0]] 2>&1 | sed ""s/^/% /"" ; cat -u /app/model.mzn 2>/dev/null ; rm -f /app/model.mzn'
	in container ARNOLD_MPMMine-P002M001_92270:
	exit code: 255
	error: exec /usr/bin/bash: argument list too long
, Failed to run:
	bash -c 'python /app/code/run.py --var n_classes optionsRequired n_options blockSize maxCars slot n_cars carQuantities setup --input_var n_cars carQuantities n_classes optionsRequired n_options maxCars blockSize --example n_cars=200 n...,0,0,0,0,0,0,1,0,0,0,0,1,0,0,0,0,0,1,0,0,0,0,0,0,1,0,0]] 2>&1 | sed ""s/^/% /"" ; cat -u /app/model.mzn 2>/dev/null ; rm -f /app/model.mzn'
	in container ARNOLD_MPMMine-P002M001_92270:
	exit code: 255
	error: exec /usr/bin/bash: argument list too long
, Failed to run:
	bash -c 'python /app/code/run.py --var n_classes optionsRequired n_options blockSize maxCars slot n_cars carQuantities setup --input_var n_cars carQuantities n_classes optionsRequired n_options maxCars blockSize --example n_cars=200 n...,0,0,0,1,0,0,0,0,1,0,0,0,0,1,0,0,0,0,1,0,0,0,0,0,0,1,0]] 2>&1 | sed ""s/^/% /"" ; cat -u /app/model.mzn 2>/dev/null ; rm -f /app/model.mzn'
	in container ARNOLD_MPMMine-P002M001_92270:
	exit code: 255
	error: exec /usr/bin/bash: argument list too long
, Failed to run:
	bash -c 'python /app/code/run.py --var n_classes optionsRequired n_options blockSize maxCars slot n_cars carQuantities setup --input_var n_cars carQuantities n_classes optionsRequired n_options maxCars blockSize --example n_cars=200 n...,0,1,0,0,0,0,1,0,0,0,0,1,0,0,0,0,1,0,0,0,0,0,0,0,0,1,0]] 2>&1 | sed ""s/^/% /"" ; cat -u /app/model.mzn 2>/dev/null ; rm -f /app/model.mzn'
	in container ARNOLD_MPMMine-P002M001_92270:
	exit code: 255
	error: exec /usr/bin/bash: argument list too long
, Failed to run:
	bash -c 'python /app/code/run.py --var n_classes optionsRequired n_options blockSize maxCars slot n_cars carQuantities setup --input_var n_cars carQuantities n_classes optionsRequired n_options maxCars blockSize --example n_cars=200 n...,0,0,0,0,0,0,1,0,0,0,0,1,0,0,0,0,1,0,0,0,0,1,0,0,0,0,1]] 2>&1 | sed ""s/^/% /"" ; cat -u /app/model.mzn 2>/dev/null ; rm -f /app/model.mzn'
	in container ARNOLD_MPMMine-P002M001_92270:
	exit code: 255
	error: exec /usr/bin/bash: argument list too long
",0.0,0.0,,768375.772517083,2.0836190233396996,0.0,0.0,MPMMine-P002M001I032,ARNOLD/problems/P002/models/M001/instances/I032/50
ARNOLD,MPMMine-P002,MPMMine-P002M001,MPMMine-P002M001I032,75,75,0,5,,,200.0,0.0,1000,1.0,0.0,"Failed to run:
	bash -c 'python /app/code/run.py --var n_classes optionsRequired n_options blockSize maxCars slot n_cars carQuantities setup --input_var n_cars carQuantities n_classes optionsRequired n_options maxCars blockSize --example n_cars=200 n...,0,1,0,0,0,0,0,0,0,1,0,0,0,0,1,0,0,0,0,1,0,0,0,0,1,0,0]] 2>&1 | sed ""s/^/% /"" ; cat -u /app/model.mzn 2>/dev/null ; rm -f /app/model.mzn'
	in container ARNOLD_MPMMine-P002M001_92270:
	exit code: 255
	error: exec /usr/bin/bash: argument list too long
, Failed to run:
	bash -c 'python /app/code/run.py --var n_classes optionsRequired n_options blockSize maxCars slot n_cars carQuantities setup --input_var n_cars carQuantities n_classes optionsRequired n_options maxCars blockSize --example n_cars=200 n...,1,0,0,0,0,1,0,0,0,0,1,0,0,0,0,1,0,0,0,0,1,0,0,0,0,0,1]] 2>&1 | sed ""s/^/% /"" ; cat -u /app/model.mzn 2>/dev/null ; rm -f /app/model.mzn'
	in container ARNOLD_MPMMine-P002M001_92270:
	exit code: 255
	error: exec /usr/bin/bash: argument list too long
, Failed to run:
	bash -c 'python /app/code/run.py --var n_classes optionsRequired n_options blockSize maxCars slot n_cars carQuantities setup --input_var n_cars carQuantities n_classes optionsRequired n_options maxCars blockSize --example n_cars=200 n...,0,0,0,1,0,0,0,0,1,0,0,0,0,1,0,0,0,0,1,0,0,0,0,0,0,0,1]] 2>&1 | sed ""s/^/% /"" ; cat -u /app/model.mzn 2>/dev/null ; rm -f /app/model.mzn'
	in container ARNOLD_MPMMine-P002M001_92270:
	exit code: 255
	error: exec /usr/bin/bash: argument list too long
, Failed to run:
	bash -c 'python /app/code/run.py --var n_classes optionsRequired n_options blockSize maxCars slot n_cars carQuantities setup --input_var n_cars carQuantities n_classes optionsRequired n_options maxCars blockSize --example n_cars=200 n...,0,0,1,0,0,0,0,0,1,0,0,0,0,1,0,0,0,0,0,0,1,0,0,0,0,0,1]] 2>&1 | sed ""s/^/% /"" ; cat -u /app/model.mzn 2>/dev/null ; rm -f /app/model.mzn'
	in container ARNOLD_MPMMine-P002M001_92270:
	exit code: 255
	error: exec /usr/bin/bash: argument list too long
, Failed to run:
	bash -c 'python /app/code/run.py --var n_classes optionsRequired n_options blockSize maxCars slot n_cars carQuantities setup --input_var n_cars carQuantities n_classes optionsRequired n_options maxCars blockSize --example n_cars=200 n...,0,0,1,0,0,0,0,1,0,0,0,0,0,1,0,0,0,0,1,0,0,0,0,1,0,0,0]] 2>&1 | sed ""s/^/% /"" ; cat -u /app/model.mzn 2>/dev/null ; rm -f /app/model.mzn'
	in container ARNOLD_MPMMine-P002M001_92270:
	exit code: 255
	error: exec /usr/bin/bash: argument list too long
",0.0,0.0,,768385.3415834162,3.2247372832255587,0.0,0.0,MPMMine-P002M001I032,ARNOLD/problems/P002/models/M001/instances/I032/75
ARNOLD,MPMMine-P002,MPMMine-P002M001,MPMMine-P002M001I032,100,100,0,5,,,200.0,0.0,1000,1.0,0.0,"Failed to run:
	bash -c 'python /app/code/run.py --var n_classes optionsRequired n_options blockSize maxCars slot n_cars carQuantities setup --input_var n_cars carQuantities n_classes optionsRequired n_options maxCars blockSize --example n_cars=200 n...,0,0,0,1,0,0,0,0,1,0,0,0,0,1,0,0,0,0,1,0,0,0,0,0,0,1,0]] 2>&1 | sed ""s/^/% /"" ; cat -u /app/model.mzn 2>/dev/null ; rm -f /app/model.mzn'
	in container ARNOLD_MPMMine-P002M001_92270:
	exit code: 255
	error: exec /usr/bin/bash: argument list too long
, Failed to run:
	bash -c 'python /app/code/run.py --var n_classes optionsRequired n_options blockSize maxCars slot n_cars carQuantities setup --input_var n_cars carQuantities n_classes optionsRequired n_options maxCars blockSize --example n_cars=200 n...,0,0,0,0,0,0,1,0,0,0,0,1,0,0,0,0,0,1,0,0,0,0,0,1,0,0,0]] 2>&1 | sed ""s/^/% /"" ; cat -u /app/model.mzn 2>/dev/null ; rm -f /app/model.mzn'
	in container ARNOLD_MPMMine-P002M001_92270:
	exit code: 255
	error: exec /usr/bin/bash: argument list too long
, Failed to run:
	bash -c 'python /app/code/run.py --var n_classes optionsRequired n_options blockSize maxCars slot n_cars carQuantities setup --input_var n_cars carQuantities n_classes optionsRequired n_options maxCars blockSize --example n_cars=200 n...,0,0,0,0,0,0,1,0,0,0,0,0,0,0,1,0,0,0,0,1,0,0,0,0,0,1,0]] 2>&1 | sed ""s/^/% /"" ; cat -u /app/model.mzn 2>/dev/null ; rm -f /app/model.mzn'
	in container ARNOLD_MPMMine-P002M001_92270:
	exit code: 255
	error: exec /usr/bin/bash: argument list too long
, Failed to run:
	bash -c 'python /app/code/run.py --var n_classes optionsRequired n_options blockSize maxCars slot n_cars carQuantities setup --input_var n_cars carQuantities n_classes optionsRequired n_options maxCars blockSize --example n_cars=200 n...,0,0,0,0,1,0,0,0,0,1,0,0,0,0,0,1,0,0,0,0,1,0,0,0,0,0,1]] 2>&1 | sed ""s/^/% /"" ; cat -u /app/model.mzn 2>/dev/null ; rm -f /app/model.mzn'
	in container ARNOLD_MPMMine-P002M001_92270:
	exit code: 255
	error: exec /usr/bin/bash: argument list too long
, Failed to run:
	bash -c 'python /app/code/run.py --var n_classes optionsRequired n_options blockSize maxCars slot n_cars carQuantities setup --input_var n_cars carQuantities n_classes optionsRequired n_options maxCars blockSize --example n_cars=200 n...,0,0,1,0,0,0,0,1,0,0,0,0,1,0,0,0,0,0,0,0,0,1,0,0,0,0,1]] 2>&1 | sed ""s/^/% /"" ; cat -u /app/model.mzn 2>/dev/null ; rm -f /app/model.mzn'
	in container ARNOLD_MPMMine-P002M001_92270:
	exit code: 255
	error: exec /usr/bin/bash: argument list too long
",0.0,0.0,,768398.4734685248,4.712415840773082,0.0,0.0,MPMMine-P002M001I032,ARNOLD/problems/P002/models/M001/instances/I032/100
ARNOLD,MPMMine-P002,MPMMine-P002M001,MPMMine-P002M001I033,2,2,0,5,1.0,0.0,200.0,0.0,1000,0.0,0.0,,0.9390000000000001,0.026151801386870004,Timeout while verifying an example,34.05642675817944,0.30514603081197544,1134520.7814650005,31285.286529341705,MPMMine-P002M001I033,ARNOLD/problems/P002/models/M001/instances/I033/2
ARNOLD,MPMMine-P002,MPMMine-P002M001,MPMMine-P002M001I033,10,10,0,5,1.0,0.0,200.0,0.0,1000,0.0,0.0,,0.9390000000000001,0.026151801386870004,Timeout while verifying an example,153.39979240016547,2.6177895247925993,1134503.5575333936,31247.011007412864,MPMMine-P002M001I033,ARNOLD/problems/P002/models/M001/instances/I033/10
ARNOLD,MPMMine-P002,MPMMine-P002M001,MPMMine-P002M001I033,30,30,0,5,1.0,0.0,200.0,0.0,1000,0.0,0.0,,0.9390000000000001,0.026151801386870004,Timeout while verifying an example,448.5875071249902,9.71823608942572,1134449.425569917,31303.094632563272,MPMMine-P002M001I033,ARNOLD/problems/P002/models/M001/instances/I033/30
ARNOLD,MPMMine-P002,MPMMine-P002M001,MPMMine-P002M001I033,50,50,0,5,,,200.0,0.0,1000,1.0,0.0,"Failed to run:
	bash -c 'python /app/code/run.py --var maxCars n_classes optionsRequired setup blockSize carQuantities slot n_options n_cars --input_var maxCars carQuantities n_classes optionsRequired n_options n_cars blockSize --example n_cars=200 n...,0,0,0,0,0,0,1,0,0,0,0,0,0,0,1,0,0,0,0,0,0,1,0,0,0,0,1]] 2>&1 | sed ""s/^/% /"" ; cat -u /app/model.mzn 2>/dev/null ; rm -f /app/model.mzn'
	in container ARNOLD_MPMMine-P002M001_92266:
	exit code: 255
	error: exec /usr/bin/bash: argument list too long
, Failed to run:
	bash -c 'python /app/code/run.py --var maxCars n_classes optionsRequired setup blockSize carQuantities slot n_options n_cars --input_var maxCars carQuantities n_classes optionsRequired n_options n_cars blockSize --example n_cars=200 n...,0,1,0,0,0,0,1,0,0,0,0,0,0,0,0,1,0,0,0,0,0,0,0,0,1,0,0]] 2>&1 | sed ""s/^/% /"" ; cat -u /app/model.mzn 2>/dev/null ; rm -f /app/model.mzn'
	in container ARNOLD_MPMMine-P002M001_92266:
	exit code: 255
	error: exec /usr/bin/bash: argument list too long
, Failed to run:
	bash -c 'python /app/code/run.py --var maxCars n_classes optionsRequired setup blockSize carQuantities slot n_options n_cars --input_var maxCars carQuantities n_classes optionsRequired n_options n_cars blockSize --example n_cars=200 n...,0,0,0,0,0,1,0,0,0,0,0,0,0,0,0,0,0,1,0,0,0,0,0,0,0,1,0]] 2>&1 | sed ""s/^/% /"" ; cat -u /app/model.mzn 2>/dev/null ; rm -f /app/model.mzn'
	in container ARNOLD_MPMMine-P002M001_92266:
	exit code: 255
	error: exec /usr/bin/bash: argument list too long
, Failed to run:
	bash -c 'python /app/code/run.py --var maxCars n_classes optionsRequired setup blockSize carQuantities slot n_options n_cars --input_var maxCars carQuantities n_classes optionsRequired n_options n_cars blockSize --example n_cars=200 n...,0,0,0,0,0,1,0,0,0,0,0,0,0,1,0,0,0,0,0,0,1,0,0,0,0,0,1]] 2>&1 | sed ""s/^/% /"" ; cat -u /app/model.mzn 2>/dev/null ; rm -f /app/model.mzn'
	in container ARNOLD_MPMMine-P002M001_92266:
	exit code: 255
	error: exec /usr/bin/bash: argument list too long
, Failed to run:
	bash -c 'python /app/code/run.py --var maxCars n_classes optionsRequired setup blockSize carQuantities slot n_options n_cars --input_var maxCars carQuantities n_classes optionsRequired n_options n_cars blockSize --example n_cars=200 n...,0,0,0,0,0,0,0,0,0,0,0,1,0,0,0,0,0,0,0,1,0,0,0,0,0,0,0]] 2>&1 | sed ""s/^/% /"" ; cat -u /app/model.mzn 2>/dev/null ; rm -f /app/model.mzn'
	in container ARNOLD_MPMMine-P002M001_92266:
	exit code: 255
	error: exec /usr/bin/bash: argument list too long
",0.0,0.0,,772194.2276950496,2.286660136370444,0.0,0.0,MPMMine-P002M001I033,ARNOLD/problems/P002/models/M001/instances/I033/50
ARNOLD,MPMMine-P002,MPMMine-P002M001,MPMMine-P002M001I033,75,75,0,5,,,200.0,0.0,1000,1.0,0.0,"Failed to run:
	bash -c 'python /app/code/run.py --var maxCars n_classes optionsRequired setup blockSize carQuantities slot n_options n_cars --input_var maxCars carQuantities n_classes optionsRequired n_options n_cars blockSize --example n_cars=200 n...,0,0,0,0,0,0,0,1,0,0,0,0,0,0,0,0,0,1,0,0,0,0,0,0,1,0,0]] 2>&1 | sed ""s/^/% /"" ; cat -u /app/model.mzn 2>/dev/null ; rm -f /app/model.mzn'
	in container ARNOLD_MPMMine-P002M001_92266:
	exit code: 255
	error: exec /usr/bin/bash: argument list too long
, Failed to run:
	bash -c 'python /app/code/run.py --var maxCars n_classes optionsRequired setup blockSize carQuantities slot n_options n_cars --input_var maxCars carQuantities n_classes optionsRequired n_options n_cars blockSize --example n_cars=200 n...,0,0,0,0,0,0,1,0,0,0,0,0,0,0,0,0,0,0,0,1,0,0,0,0,0,0,1]] 2>&1 | sed ""s/^/% /"" ; cat -u /app/model.mzn 2>/dev/null ; rm -f /app/model.mzn'
	in container ARNOLD_MPMMine-P002M001_92266:
	exit code: 255
	error: exec /usr/bin/bash: argument list too long
, Failed to run:
	bash -c 'python /app/code/run.py --var maxCars n_classes optionsRequired setup blockSize carQuantities slot n_options n_cars --input_var maxCars carQuantities n_classes optionsRequired n_options n_cars blockSize --example n_cars=200 n...,1,0,0,0,0,1,0,0,0,0,0,0,0,0,0,0,0,0,0,0,0,0,0,0,0,0,0]] 2>&1 | sed ""s/^/% /"" ; cat -u /app/model.mzn 2>/dev/null ; rm -f /app/model.mzn'
	in container ARNOLD_MPMMine-P002M001_92266:
	exit code: 255
	error: exec /usr/bin/bash: argument list too long
, Failed to run:
	bash -c 'python /app/code/run.py --var maxCars n_classes optionsRequired setup blockSize carQuantities slot n_options n_cars --input_var maxCars carQuantities n_classes optionsRequired n_options n_cars blockSize --example n_cars=200 n...,0,0,0,0,0,0,0,0,1,0,0,0,0,0,0,0,0,0,0,0,1,0,0,0,0,0,1]] 2>&1 | sed ""s/^/% /"" ; cat -u /app/model.mzn 2>/dev/null ; rm -f /app/model.mzn'
	in container ARNOLD_MPMMine-P002M001_92266:
	exit code: 255
	error: exec /usr/bin/bash: argument list too long
, Failed to run:
	bash -c 'python /app/code/run.py --var maxCars n_classes optionsRequired setup blockSize carQuantities slot n_options n_cars --input_var maxCars carQuantities n_classes optionsRequired n_options n_cars blockSize --example n_cars=200 n...,0,0,0,1,0,0,0,0,0,1,0,0,0,0,0,0,0,1,0,0,0,0,0,0,0,1,0]] 2>&1 | sed ""s/^/% /"" ; cat -u /app/model.mzn 2>/dev/null ; rm -f /app/model.mzn'
	in container ARNOLD_MPMMine-P002M001_92266:
	exit code: 255
	error: exec /usr/bin/bash: argument list too long
",0.0,0.0,,772204.475395458,3.627726889812927,0.0,0.0,MPMMine-P002M001I033,ARNOLD/problems/P002/models/M001/instances/I033/75
ARNOLD,MPMMine-P002,MPMMine-P002M001,MPMMine-P002M001I033,100,100,0,5,,,200.0,0.0,1000,1.0,0.0,"Failed to run:
	bash -c 'python /app/code/run.py --var maxCars n_classes optionsRequired setup blockSize carQuantities slot n_options n_cars --input_var maxCars carQuantities n_classes optionsRequired n_options n_cars blockSize --example n_cars=200 n...,0,0,0,0,0,1,0,0,0,0,1,0,0,0,0,0,0,1,0,0,0,0,0,0,0,0,0]] 2>&1 | sed ""s/^/% /"" ; cat -u /app/model.mzn 2>/dev/null ; rm -f /app/model.mzn'
	in container ARNOLD_MPMMine-P002M001_92266:
	exit code: 255
	error: exec /usr/bin/bash: argument list too long
, Failed to run:
	bash -c 'python /app/code/run.py --var maxCars n_classes optionsRequired setup blockSize carQuantities slot n_options n_cars --input_var maxCars carQuantities n_classes optionsRequired n_options n_cars blockSize --example n_cars=200 n...,0,1,0,0,0,0,1,0,0,0,0,0,0,0,0,1,0,0,0,0,0,1,0,0,0,0,0]] 2>&1 | sed ""s/^/% /"" ; cat -u /app/model.mzn 2>/dev/null ; rm -f /app/model.mzn'
	in container ARNOLD_MPMMine-P002M001_92266:
	exit code: 255
	error: exec /usr/bin/bash: argument list too long
, Failed to run:
	bash -c 'python /app/code/run.py --var maxCars n_classes optionsRequired setup blockSize carQuantities slot n_options n_cars --input_var maxCars carQuantities n_classes optionsRequired n_options n_cars blockSize --example n_cars=200 n...,0,0,0,0,0,1,0,0,0,0,0,0,0,0,0,0,0,0,0,0,1,0,0,0,0,0,1]] 2>&1 | sed ""s/^/% /"" ; cat -u /app/model.mzn 2>/dev/null ; rm -f /app/model.mzn'
	in container ARNOLD_MPMMine-P002M001_92266:
	exit code: 255
	error: exec /usr/bin/bash: argument list too long
, Failed to run:
	bash -c 'python /app/code/run.py --var maxCars n_classes optionsRequired setup blockSize carQuantities slot n_options n_cars --input_var maxCars carQuantities n_classes optionsRequired n_options n_cars blockSize --example n_cars=200 n...,0,0,1,0,0,0,0,1,0,0,0,0,0,0,0,0,0,1,0,0,0,0,0,0,0,1,0]] 2>&1 | sed ""s/^/% /"" ; cat -u /app/model.mzn 2>/dev/null ; rm -f /app/model.mzn'
	in container ARNOLD_MPMMine-P002M001_92266:
	exit code: 255
	error: exec /usr/bin/bash: argument list too long
, Failed to run:
	bash -c 'python /app/code/run.py --var maxCars n_classes optionsRequired setup blockSize carQuantities slot n_options n_cars --input_var maxCars carQuantities n_classes optionsRequired n_options n_cars blockSize --example n_cars=200 n...,0,0,0,0,0,0,0,0,0,0,1,0,0,0,0,0,0,0,0,0,1,0,0,0,0,0,0]] 2>&1 | sed ""s/^/% /"" ; cat -u /app/model.mzn 2>/dev/null ; rm -f /app/model.mzn'
	in container ARNOLD_MPMMine-P002M001_92266:
	exit code: 255
	error: exec /usr/bin/bash: argument list too long
",0.0,0.0,,772217.8200188746,4.7151847107656675,0.0,0.0,MPMMine-P002M001I033,ARNOLD/problems/P002/models/M001/instances/I033/100
ARNOLD,MPMMine-P002,MPMMine-P002M001,MPMMine-P002M001I034,2,2,0,5,1.0,0.0,200.0,0.0,1000,0.0,0.0,,0.9339999999999999,0.020484166490979366,Timeout while verifying an example,30.363986758422108,0.40066157268682023,1128381.9997783238,24545.587713443892,MPMMine-P002M001I034,ARNOLD/problems/P002/models/M001/instances/I034/2
ARNOLD,MPMMine-P002,MPMMine-P002M001,MPMMine-P002M001I034,10,10,0,5,1.0,0.0,200.0,0.0,1000,0.0,0.0,,0.9339999999999999,0.020484166490979366,Timeout while verifying an example,136.48690210843924,1.1507150783067106,1128354.6624400374,24426.540537487526,MPMMine-P002M001I034,ARNOLD/problems/P002/models/M001/instances/I034/10
ARNOLD,MPMMine-P002,MPMMine-P002M001,MPMMine-P002M001I034,30,30,0,5,1.0,0.0,200.0,0.0,1000,0.0,0.0,,0.9339999999999999,0.020484166490979366,Timeout while verifying an example,395.08438828338404,5.1390909344798885,1128309.3435649527,24480.21609952007,MPMMine-P002M001I034,ARNOLD/problems/P002/models/M001/instances/I034/30
ARNOLD,MPMMine-P002,MPMMine-P002M001,MPMMine-P002M001I034,50,50,0,5,,,200.0,0.0,1000,1.0,0.0,"Failed to run:
	bash -c 'python /app/code/run.py --var carQuantities setup blockSize optionsRequired n_options n_classes slot maxCars n_cars --input_var n_classes carQuantities blockSize maxCars optionsRequired n_cars n_options --example n_cars=200 n...,0,0,0,0,1,0,0,0,0,1,0,0,0,0,1,0,0,0,0,0,1,0,0,0,0,0,1]] 2>&1 | sed ""s/^/% /"" ; cat -u /app/model.mzn 2>/dev/null ; rm -f /app/model.mzn'
	in container ARNOLD_MPMMine-P002M001_92257:
	exit code: 255
	error: exec /usr/bin/bash: argument list too long
, Failed to run:
	bash -c 'python /app/code/run.py --var carQuantities setup blockSize optionsRequired n_options n_classes slot maxCars n_cars --input_var n_classes carQuantities blockSize maxCars optionsRequired n_cars n_options --example n_cars=200 n...,0,1,0,0,0,0,1,0,0,0,0,0,1,0,0,0,0,0,1,0,0,0,0,0,0,1,0]] 2>&1 | sed ""s/^/% /"" ; cat -u /app/model.mzn 2>/dev/null ; rm -f /app/model.mzn'
	in container ARNOLD_MPMMine-P002M001_92257:
	exit code: 255
	error: exec /usr/bin/bash: argument list too long
, Failed to run:
	bash -c 'python /app/code/run.py --var carQuantities setup blockSize optionsRequired n_options n_classes slot maxCars n_cars --input_var n_classes carQuantities blockSize maxCars optionsRequired n_cars n_options --example n_cars=200 n...,1,0,0,0,0,1,0,0,0,0,0,0,1,0,0,0,0,0,0,0,1,0,0,0,0,1,0]] 2>&1 | sed ""s/^/% /"" ; cat -u /app/model.mzn 2>/dev/null ; rm -f /app/model.mzn'
	in container ARNOLD_MPMMine-P002M001_92257:
	exit code: 255
	error: exec /usr/bin/bash: argument list too long
, Failed to run:
	bash -c 'python /app/code/run.py --var carQuantities setup blockSize optionsRequired n_options n_classes slot maxCars n_cars --input_var n_classes carQuantities blockSize maxCars optionsRequired n_cars n_options --example n_cars=200 n...,0,0,1,0,0,0,0,1,0,0,0,0,1,0,0,0,0,1,0,0,0,0,1,0,0,0,0]] 2>&1 | sed ""s/^/% /"" ; cat -u /app/model.mzn 2>/dev/null ; rm -f /app/model.mzn'
	in container ARNOLD_MPMMine-P002M001_92257:
	exit code: 255
	error: exec /usr/bin/bash: argument list too long
, Failed to run:
	bash -c 'python /app/code/run.py --var carQuantities setup blockSize optionsRequired n_options n_classes slot maxCars n_cars --input_var n_classes carQuantities blockSize maxCars optionsRequired n_cars n_options --example n_cars=200 n...,1,0,0,0,0,1,0,0,0,0,0,0,0,0,1,0,0,0,0,1,0,0,0,0,0,1,0]] 2>&1 | sed ""s/^/% /"" ; cat -u /app/model.mzn 2>/dev/null ; rm -f /app/model.mzn'
	in container ARNOLD_MPMMine-P002M001_92257:
	exit code: 255
	error: exec /usr/bin/bash: argument list too long
",0.0,0.0,,787010.3943476498,2.0182280364563083,0.0,0.0,MPMMine-P002M001I034,ARNOLD/problems/P002/models/M001/instances/I034/50
ARNOLD,MPMMine-P002,MPMMine-P002M001,MPMMine-P002M001I034,75,75,0,5,,,200.0,0.0,1000,1.0,0.0,"Failed to run:
	bash -c 'python /app/code/run.py --var carQuantities setup blockSize optionsRequired n_options n_classes slot maxCars n_cars --input_var n_classes carQuantities blockSize maxCars optionsRequired n_cars n_options --example n_cars=200 n...,1,0,0,0,0,1,0,0,0,0,1,0,0,0,0,0,1,0,0,0,0,1,0,0,0,0,1]] 2>&1 | sed ""s/^/% /"" ; cat -u /app/model.mzn 2>/dev/null ; rm -f /app/model.mzn'
	in container ARNOLD_MPMMine-P002M001_92257:
	exit code: 255
	error: exec /usr/bin/bash: argument list too long
, Failed to run:
	bash -c 'python /app/code/run.py --var carQuantities setup blockSize optionsRequired n_options n_classes slot maxCars n_cars --input_var n_classes carQuantities blockSize maxCars optionsRequired n_cars n_options --example n_cars=200 n...,0,0,1,0,0,0,0,1,0,0,0,0,0,1,0,0,0,0,1,0,0,0,0,0,0,1,0]] 2>&1 | sed ""s/^/% /"" ; cat -u /app/model.mzn 2>/dev/null ; rm -f /app/model.mzn'
	in container ARNOLD_MPMMine-P002M001_92257:
	exit code: 255
	error: exec /usr/bin/bash: argument list too long
, Failed to run:
	bash -c 'python /app/code/run.py --var carQuantities setup blockSize optionsRequired n_options n_classes slot maxCars n_cars --input_var n_classes carQuantities blockSize maxCars optionsRequired n_cars n_options --example n_cars=200 n...,0,0,0,1,0,0,0,0,0,0,1,0,0,0,0,1,0,0,0,0,1,0,0,0,0,1,0]] 2>&1 | sed ""s/^/% /"" ; cat -u /app/model.mzn 2>/dev/null ; rm -f /app/model.mzn'
	in container ARNOLD_MPMMine-P002M001_92257:
	exit code: 255
	error: exec /usr/bin/bash: argument list too long
, Failed to run:
	bash -c 'python /app/code/run.py --var carQuantities setup blockSize optionsRequired n_options n_classes slot maxCars n_cars --input_var n_classes carQuantities blockSize maxCars optionsRequired n_cars n_options --example n_cars=200 n...,1,0,0,0,0,0,1,0,0,0,0,1,0,0,0,0,1,0,0,0,0,1,0,0,0,0,1]] 2>&1 | sed ""s/^/% /"" ; cat -u /app/model.mzn 2>/dev/null ; rm -f /app/model.mzn'
	in container ARNOLD_MPMMine-P002M001_92257:
	exit code: 255
	error: exec /usr/bin/bash: argument list too long
, Failed to run:
	bash -c 'python /app/code/run.py --var carQuantities setup blockSize optionsRequired n_options n_classes slot maxCars n_cars --input_var n_classes carQuantities blockSize maxCars optionsRequired n_cars n_options --example n_cars=200 n...,0,0,0,0,1,0,0,0,0,1,0,0,0,0,1,0,0,0,0,1,0,0,0,0,1,0,0]] 2>&1 | sed ""s/^/% /"" ; cat -u /app/model.mzn 2>/dev/null ; rm -f /app/model.mzn'
	in container ARNOLD_MPMMine-P002M001_92257:
	exit code: 255
	error: exec /usr/bin/bash: argument list too long
",0.0,0.0,,787019.7040354579,3.077201890456746,0.0,0.0,MPMMine-P002M001I034,ARNOLD/problems/P002/models/M001/instances/I034/75
ARNOLD,MPMMine-P002,MPMMine-P002M001,MPMMine-P002M001I034,100,100,0,5,,,200.0,0.0,1000,1.0,0.0,"Failed to run:
	bash -c 'python /app/code/run.py --var carQuantities setup blockSize optionsRequired n_options n_classes slot maxCars n_cars --input_var n_classes carQuantities blockSize maxCars optionsRequired n_cars n_options --example n_cars=200 n...,0,0,0,1,0,0,0,0,0,1,0,0,0,0,1,0,0,0,0,0,0,1,0,0,0,0,1]] 2>&1 | sed ""s/^/% /"" ; cat -u /app/model.mzn 2>/dev/null ; rm -f /app/model.mzn'
	in container ARNOLD_MPMMine-P002M001_92257:
	exit code: 255
	error: exec /usr/bin/bash: argument list too long
, Failed to run:
	bash -c 'python /app/code/run.py --var carQuantities setup blockSize optionsRequired n_options n_classes slot maxCars n_cars --input_var n_classes carQuantities blockSize maxCars optionsRequired n_cars n_options --example n_cars=200 n...,1,0,0,0,0,1,0,0,0,0,1,0,0,0,0,1,0,0,0,0,0,1,0,0,0,0,1]] 2>&1 | sed ""s/^/% /"" ; cat -u /app/model.mzn 2>/dev/null ; rm -f /app/model.mzn'
	in container ARNOLD_MPMMine-P002M001_92257:
	exit code: 255
	error: exec /usr/bin/bash: argument list too long
, Failed to run:
	bash -c 'python /app/code/run.py --var carQuantities setup blockSize optionsRequired n_options n_classes slot maxCars n_cars --input_var n_classes carQuantities blockSize maxCars optionsRequired n_cars n_options --example n_cars=200 n...,0,0,0,1,0,0,0,0,1,0,0,0,0,1,0,0,0,0,1,0,0,0,0,1,0,0,0]] 2>&1 | sed ""s/^/% /"" ; cat -u /app/model.mzn 2>/dev/null ; rm -f /app/model.mzn'
	in container ARNOLD_MPMMine-P002M001_92257:
	exit code: 255
	error: exec /usr/bin/bash: argument list too long
, Failed to run:
	bash -c 'python /app/code/run.py --var carQuantities setup blockSize optionsRequired n_options n_classes slot maxCars n_cars --input_var n_classes carQuantities blockSize maxCars optionsRequired n_cars n_options --example n_cars=200 n...,0,0,0,0,0,1,0,0,0,0,1,0,0,0,0,0,1,0,0,0,0,1,0,0,0,0,1]] 2>&1 | sed ""s/^/% /"" ; cat -u /app/model.mzn 2>/dev/null ; rm -f /app/model.mzn'
	in container ARNOLD_MPMMine-P002M001_92257:
	exit code: 255
	error: exec /usr/bin/bash: argument list too long
, Failed to run:
	bash -c 'python /app/code/run.py --var carQuantities setup blockSize optionsRequired n_options n_classes slot maxCars n_cars --input_var n_classes carQuantities blockSize maxCars optionsRequired n_cars n_options --example n_cars=200 n...,0,0,0,1,0,0,0,0,1,0,0,0,0,1,0,0,0,0,1,0,0,0,0,0,0,1,0]] 2>&1 | sed ""s/^/% /"" ; cat -u /app/model.mzn 2>/dev/null ; rm -f /app/model.mzn'
	in container ARNOLD_MPMMine-P002M001_92257:
	exit code: 255
	error: exec /usr/bin/bash: argument list too long
",0.0,0.0,,787031.8982928246,4.359864566822511,0.0,0.0,MPMMine-P002M001I034,ARNOLD/problems/P002/models/M001/instances/I034/100
ARNOLD,MPMMine-P002,MPMMine-P002M001,MPMMine-P002M001I035,2,2,0,5,1.0,0.0,200.0,0.0,1000,0.0,0.0,,0.9390000000000001,0.008525655441708642,Timeout while verifying an example,32.506586491782215,0.29836102468463177,1134280.9633766767,10130.848254079443,MPMMine-P002M001I035,ARNOLD/problems/P002/models/M001/instances/I035/2
ARNOLD,MPMMine-P002,MPMMine-P002M001,MPMMine-P002M001I035,10,10,0,5,1.0,0.0,200.0,0.0,1000,0.0,0.0,,0.9390000000000001,0.008525655441708642,Timeout while verifying an example,141.99675530020613,0.7703550315458293,1134226.5864699986,10165.131563939442,MPMMine-P002M001I035,ARNOLD/problems/P002/models/M001/instances/I035/10
ARNOLD,MPMMine-P002,MPMMine-P002M001,MPMMine-P002M001I035,30,30,0,5,1.0,0.0,200.0,0.0,1000,0.0,0.0,,0.9390000000000001,0.008525655441708642,Timeout while verifying an example,420.2155512997648,15.085972602533143,1134280.0369233638,10190.203674695898,MPMMine-P002M001I035,ARNOLD/problems/P002/models/M001/instances/I035/30
ARNOLD,MPMMine-P002,MPMMine-P002M001,MPMMine-P002M001I035,50,50,0,5,,,200.0,0.0,1000,1.0,0.0,"Failed to run:
	bash -c 'python /app/code/run.py --var maxCars n_classes slot blockSize optionsRequired n_cars setup carQuantities n_options --input_var carQuantities maxCars blockSize optionsRequired n_cars n_classes n_options --example n_cars=200 n...,0,0,0,0,0,1,0,0,0,0,1,0,0,0,0,0,0,0,1,0,0,0,0,0,0,0,0]] 2>&1 | sed ""s/^/% /"" ; cat -u /app/model.mzn 2>/dev/null ; rm -f /app/model.mzn'
	in container ARNOLD_MPMMine-P002M001_92256:
	exit code: 255
	error: exec /usr/bin/bash: argument list too long
, Failed to run:
	bash -c 'python /app/code/run.py --var maxCars n_classes slot blockSize optionsRequired n_cars setup carQuantities n_options --input_var carQuantities maxCars blockSize optionsRequired n_cars n_classes n_options --example n_cars=200 n...,0,1,0,0,0,0,0,0,0,0,0,0,0,0,0,0,0,0,0,1,0,0,0,0,1,0,0]] 2>&1 | sed ""s/^/% /"" ; cat -u /app/model.mzn 2>/dev/null ; rm -f /app/model.mzn'
	in container ARNOLD_MPMMine-P002M001_92256:
	exit code: 255
	error: exec /usr/bin/bash: argument list too long
, Failed to run:
	bash -c 'python /app/code/run.py --var maxCars n_classes slot blockSize optionsRequired n_cars setup carQuantities n_options --input_var carQuantities maxCars blockSize optionsRequired n_cars n_classes n_options --example n_cars=200 n...,1,0,0,0,0,1,0,0,0,0,1,0,0,0,0,1,0,0,0,0,0,0,0,0,0,1,0]] 2>&1 | sed ""s/^/% /"" ; cat -u /app/model.mzn 2>/dev/null ; rm -f /app/model.mzn'
	in container ARNOLD_MPMMine-P002M001_92256:
	exit code: 255
	error: exec /usr/bin/bash: argument list too long
, Failed to run:
	bash -c 'python /app/code/run.py --var maxCars n_classes slot blockSize optionsRequired n_cars setup carQuantities n_options --input_var carQuantities maxCars blockSize optionsRequired n_cars n_classes n_options --example n_cars=200 n...,0,0,0,0,0,0,0,0,0,1,0,0,0,0,1,0,0,0,0,0,0,1,0,0,0,0,0]] 2>&1 | sed ""s/^/% /"" ; cat -u /app/model.mzn 2>/dev/null ; rm -f /app/model.mzn'
	in container ARNOLD_MPMMine-P002M001_92256:
	exit code: 255
	error: exec /usr/bin/bash: argument list too long
, Failed to run:
	bash -c 'python /app/code/run.py --var maxCars n_classes slot blockSize optionsRequired n_cars setup carQuantities n_options --input_var carQuantities maxCars blockSize optionsRequired n_cars n_classes n_options --example n_cars=200 n...,0,0,1,0,0,0,0,0,0,0,0,1,0,0,0,0,0,1,0,0,0,0,0,0,0,1,0]] 2>&1 | sed ""s/^/% /"" ; cat -u /app/model.mzn 2>/dev/null ; rm -f /app/model.mzn'
	in container ARNOLD_MPMMine-P002M001_92256:
	exit code: 255
	error: exec /usr/bin/bash: argument list too long
",0.0,0.0,,790214.765611683,2.1381684684455227,0.0,0.0,MPMMine-P002M001I035,ARNOLD/problems/P002/models/M001/instances/I035/50
ARNOLD,MPMMine-P002,MPMMine-P002M001,MPMMine-P002M001I035,75,75,0,5,,,200.0,0.0,1000,1.0,0.0,"Failed to run:
	bash -c 'python /app/code/run.py --var maxCars n_classes slot blockSize optionsRequired n_cars setup carQuantities n_options --input_var carQuantities maxCars blockSize optionsRequired n_cars n_classes n_options --example n_cars=200 n...,0,1,0,0,0,0,1,0,0,0,0,0,1,0,0,0,0,0,0,1,0,0,0,0,0,1,0]] 2>&1 | sed ""s/^/% /"" ; cat -u /app/model.mzn 2>/dev/null ; rm -f /app/model.mzn'
	in container ARNOLD_MPMMine-P002M001_92256:
	exit code: 255
	error: exec /usr/bin/bash: argument list too long
, Failed to run:
	bash -c 'python /app/code/run.py --var maxCars n_classes slot blockSize optionsRequired n_cars setup carQuantities n_options --input_var carQuantities maxCars blockSize optionsRequired n_cars n_classes n_options --example n_cars=200 n...,0,0,1,0,0,0,0,1,0,0,0,0,1,0,0,0,0,1,0,0,0,0,0,0,1,0,0]] 2>&1 | sed ""s/^/% /"" ; cat -u /app/model.mzn 2>/dev/null ; rm -f /app/model.mzn'
	in container ARNOLD_MPMMine-P002M001_92256:
	exit code: 255
	error: exec /usr/bin/bash: argument list too long
, Failed to run:
	bash -c 'python /app/code/run.py --var maxCars n_classes slot blockSize optionsRequired n_cars setup carQuantities n_options --input_var carQuantities maxCars blockSize optionsRequired n_cars n_classes n_options --example n_cars=200 n...,0,1,0,0,0,0,0,0,0,0,1,0,0,0,0,0,1,0,0,0,0,1,0,0,0,0,0]] 2>&1 | sed ""s/^/% /"" ; cat -u /app/model.mzn 2>/dev/null ; rm -f /app/model.mzn'
	in container ARNOLD_MPMMine-P002M001_92256:
	exit code: 255
	error: exec /usr/bin/bash: argument list too long
, Failed to run:
	bash -c 'python /app/code/run.py --var maxCars n_classes slot blockSize optionsRequired n_cars setup carQuantities n_options --input_var carQuantities maxCars blockSize optionsRequired n_cars n_classes n_options --example n_cars=200 n...,0,0,0,1,0,0,0,0,0,0,0,1,0,0,0,0,0,1,0,0,0,0,0,0,0,1,0]] 2>&1 | sed ""s/^/% /"" ; cat -u /app/model.mzn 2>/dev/null ; rm -f /app/model.mzn'
	in container ARNOLD_MPMMine-P002M001_92256:
	exit code: 255
	error: exec /usr/bin/bash: argument list too long
, Failed to run:
	bash -c 'python /app/code/run.py --var maxCars n_classes slot blockSize optionsRequired n_cars setup carQuantities n_options --input_var carQuantities maxCars blockSize optionsRequired n_cars n_classes n_options --example n_cars=200 n...,0,0,1,0,0,0,0,0,1,0,0,0,0,0,0,1,0,0,0,0,0,0,1,0,0,0,0]] 2>&1 | sed ""s/^/% /"" ; cat -u /app/model.mzn 2>/dev/null ; rm -f /app/model.mzn'
	in container ARNOLD_MPMMine-P002M001_92256:
	exit code: 255
	error: exec /usr/bin/bash: argument list too long
",0.0,0.0,,790224.3494815248,3.2786868815222165,0.0,0.0,MPMMine-P002M001I035,ARNOLD/problems/P002/models/M001/instances/I035/75
ARNOLD,MPMMine-P002,MPMMine-P002M001,MPMMine-P002M001I035,100,100,0,5,,,200.0,0.0,1000,1.0,0.0,"Failed to run:
	bash -c 'python /app/code/run.py --var maxCars n_classes slot blockSize optionsRequired n_cars setup carQuantities n_options --input_var carQuantities maxCars blockSize optionsRequired n_cars n_classes n_options --example n_cars=200 n...,0,0,0,1,0,0,0,0,0,0,0,0,1,0,0,0,0,0,0,1,0,0,0,0,0,0,1]] 2>&1 | sed ""s/^/% /"" ; cat -u /app/model.mzn 2>/dev/null ; rm -f /app/model.mzn'
	in container ARNOLD_MPMMine-P002M001_92256:
	exit code: 255
	error: exec /usr/bin/bash: argument list too long
, Failed to run:
	bash -c 'python /app/code/run.py --var maxCars n_classes slot blockSize optionsRequired n_cars setup carQuantities n_options --input_var carQuantities maxCars blockSize optionsRequired n_cars n_classes n_options --example n_cars=200 n...,1,0,0,0,0,0,1,0,0,0,0,0,1,0,0,0,0,1,0,0,0,0,1,0,0,0,0]] 2>&1 | sed ""s/^/% /"" ; cat -u /app/model.mzn 2>/dev/null ; rm -f /app/model.mzn'
	in container ARNOLD_MPMMine-P002M001_92256:
	exit code: 255
	error: exec /usr/bin/bash: argument list too long
, Failed to run:
	bash -c 'python /app/code/run.py --var maxCars n_classes slot blockSize optionsRequired n_cars setup carQuantities n_options --input_var carQuantities maxCars blockSize optionsRequired n_cars n_classes n_options --example n_cars=200 n...,0,0,1,0,0,0,0,1,0,0,0,0,0,1,0,0,0,0,0,0,0,0,0,1,0,0,0]] 2>&1 | sed ""s/^/% /"" ; cat -u /app/model.mzn 2>/dev/null ; rm -f /app/model.mzn'
	in container ARNOLD_MPMMine-P002M001_92256:
	exit code: 255
	error: exec /usr/bin/bash: argument list too long
, Failed to run:
	bash -c 'python /app/code/run.py --var maxCars n_classes slot blockSize optionsRequired n_cars setup carQuantities n_options --input_var carQuantities maxCars blockSize optionsRequired n_cars n_classes n_options --example n_cars=200 n...,0,0,0,0,0,0,1,0,0,0,0,0,0,0,0,0,0,0,1,0,0,0,0,0,0,0,1]] 2>&1 | sed ""s/^/% /"" ; cat -u /app/model.mzn 2>/dev/null ; rm -f /app/model.mzn'
	in container ARNOLD_MPMMine-P002M001_92256:
	exit code: 255
	error: exec /usr/bin/bash: argument list too long
, Failed to run:
	bash -c 'python /app/code/run.py --var maxCars n_classes slot blockSize optionsRequired n_cars setup carQuantities n_options --input_var carQuantities maxCars blockSize optionsRequired n_cars n_classes n_options --example n_cars=200 n...,0,1,0,0,0,0,0,0,0,0,0,0,0,1,0,0,0,0,1,0,0,0,0,0,0,1,0]] 2>&1 | sed ""s/^/% /"" ; cat -u /app/model.mzn 2>/dev/null ; rm -f /app/model.mzn'
	in container ARNOLD_MPMMine-P002M001_92256:
	exit code: 255
	error: exec /usr/bin/bash: argument list too long
",0.0,0.0,,790237.1588559082,4.51861159836307,0.0,0.0,MPMMine-P002M001I035,ARNOLD/problems/P002/models/M001/instances/I035/100
ARNOLD,MPMMine-P002,MPMMine-P002M001,MPMMine-P002M001I036,2,2,0,5,1.0,0.0,200.0,0.0,1000,0.0,0.0,,0.9279999999999999,0.0184473950775095,Timeout while verifying an example,32.45970547483303,0.2451629478582783,1121280.9510799637,22056.743560347088,MPMMine-P002M001I036,ARNOLD/problems/P002/models/M001/instances/I036/2
ARNOLD,MPMMine-P002,MPMMine-P002M001,MPMMine-P002M001I036,10,10,0,5,1.0,0.0,200.0,0.0,1000,0.0,0.0,,0.9279999999999999,0.0184473950775095,Timeout while verifying an example,146.56802489159162,1.0238661222358285,1121280.567011647,22058.614749758035,MPMMine-P002M001I036,ARNOLD/problems/P002/models/M001/instances/I036/10
ARNOLD,MPMMine-P002,MPMMine-P002M001,MPMMine-P002M001I036,30,30,0,5,1.0,0.0,200.0,0.0,1000,0.0,0.0,,0.9279999999999999,0.0184473950775095,Timeout while verifying an example,431.8609629336279,9.832775741911906,1121279.9371567229,22041.049790558438,MPMMine-P002M001I036,ARNOLD/problems/P002/models/M001/instances/I036/30
ARNOLD,MPMMine-P002,MPMMine-P002M001,MPMMine-P002M001I036,50,50,0,5,,,200.0,0.0,1000,1.0,0.0,"Failed to run:
	bash -c 'python /app/code/run.py --var carQuantities optionsRequired n_classes blockSize maxCars n_cars setup slot n_options --input_var carQuantities optionsRequired n_classes n_options blockSize maxCars n_cars --example n_cars=200 n...,0,0,0,0,0,0,1,0,0,0,0,0,0,0,0,0,0,0,1,0,0,0,0,0,0,1,0]] 2>&1 | sed ""s/^/% /"" ; cat -u /app/model.mzn 2>/dev/null ; rm -f /app/model.mzn'
	in container ARNOLD_MPMMine-P002M001_92269:
	exit code: 255
	error: exec /usr/bin/bash: argument list too long
, Failed to run:
	bash -c 'python /app/code/run.py --var carQuantities optionsRequired n_classes blockSize maxCars n_cars setup slot n_options --input_var carQuantities optionsRequired n_classes n_options blockSize maxCars n_cars --example n_cars=200 n...,0,1,0,0,0,0,1,0,0,0,0,0,1,0,0,0,0,0,0,0,1,0,0,0,0,0,1]] 2>&1 | sed ""s/^/% /"" ; cat -u /app/model.mzn 2>/dev/null ; rm -f /app/model.mzn'
	in container ARNOLD_MPMMine-P002M001_92269:
	exit code: 255
	error: exec /usr/bin/bash: argument list too long
, Failed to run:
	bash -c 'python /app/code/run.py --var carQuantities optionsRequired n_classes blockSize maxCars n_cars setup slot n_options --input_var carQuantities optionsRequired n_classes n_options blockSize maxCars n_cars --example n_cars=200 n...,0,1,0,0,0,0,1,0,0,0,0,0,0,1,0,0,0,0,0,0,0,0,1,0,0,0,0]] 2>&1 | sed ""s/^/% /"" ; cat -u /app/model.mzn 2>/dev/null ; rm -f /app/model.mzn'
	in container ARNOLD_MPMMine-P002M001_92269:
	exit code: 255
	error: exec /usr/bin/bash: argument list too long
, Failed to run:
	bash -c 'python /app/code/run.py --var carQuantities optionsRequired n_classes blockSize maxCars n_cars setup slot n_options --input_var carQuantities optionsRequired n_classes n_options blockSize maxCars n_cars --example n_cars=200 n...,0,0,0,0,0,0,1,0,0,0,0,1,0,0,0,0,0,0,0,1,0,0,0,0,0,0,1]] 2>&1 | sed ""s/^/% /"" ; cat -u /app/model.mzn 2>/dev/null ; rm -f /app/model.mzn'
	in container ARNOLD_MPMMine-P002M001_92269:
	exit code: 255
	error: exec /usr/bin/bash: argument list too long
, Failed to run:
	bash -c 'python /app/code/run.py --var carQuantities optionsRequired n_classes blockSize maxCars n_cars setup slot n_options --input_var carQuantities optionsRequired n_classes n_options blockSize maxCars n_cars --example n_cars=200 n...,0,0,0,0,0,0,0,0,0,0,1,0,0,0,0,0,0,0,0,1,0,0,0,0,1,0,0]] 2>&1 | sed ""s/^/% /"" ; cat -u /app/model.mzn 2>/dev/null ; rm -f /app/model.mzn'
	in container ARNOLD_MPMMine-P002M001_92269:
	exit code: 255
	error: exec /usr/bin/bash: argument list too long
",0.0,0.0,,793332.1861800579,2.028396842107316,0.0,0.0,MPMMine-P002M001I036,ARNOLD/problems/P002/models/M001/instances/I036/50
ARNOLD,MPMMine-P002,MPMMine-P002M001,MPMMine-P002M001I036,75,75,0,5,,,200.0,0.0,1000,1.0,0.0,"Failed to run:
	bash -c 'python /app/code/run.py --var carQuantities optionsRequired n_classes blockSize maxCars n_cars setup slot n_options --input_var carQuantities optionsRequired n_classes n_options blockSize maxCars n_cars --example n_cars=200 n...,0,1,0,0,0,0,1,0,0,0,0,0,0,0,0,0,1,0,0,0,0,0,0,0,0,0,1]] 2>&1 | sed ""s/^/% /"" ; cat -u /app/model.mzn 2>/dev/null ; rm -f /app/model.mzn'
	in container ARNOLD_MPMMine-P002M001_92269:
	exit code: 255
	error: exec /usr/bin/bash: argument list too long
, Failed to run:
	bash -c 'python /app/code/run.py --var carQuantities optionsRequired n_classes blockSize maxCars n_cars setup slot n_options --input_var carQuantities optionsRequired n_classes n_options blockSize maxCars n_cars --example n_cars=200 n...,0,0,0,0,0,1,0,0,0,0,1,0,0,0,0,1,0,0,0,0,0,1,0,0,0,0,0]] 2>&1 | sed ""s/^/% /"" ; cat -u /app/model.mzn 2>/dev/null ; rm -f /app/model.mzn'
	in container ARNOLD_MPMMine-P002M001_92269:
	exit code: 255
	error: exec /usr/bin/bash: argument list too long
, Failed to run:
	bash -c 'python /app/code/run.py --var carQuantities optionsRequired n_classes blockSize maxCars n_cars setup slot n_options --input_var carQuantities optionsRequired n_classes n_options blockSize maxCars n_cars --example n_cars=200 n...,1,0,0,0,0,0,1,0,0,0,0,0,1,0,0,0,0,1,0,0,0,0,1,0,0,0,0]] 2>&1 | sed ""s/^/% /"" ; cat -u /app/model.mzn 2>/dev/null ; rm -f /app/model.mzn'
	in container ARNOLD_MPMMine-P002M001_92269:
	exit code: 255
	error: exec /usr/bin/bash: argument list too long
, Failed to run:
	bash -c 'python /app/code/run.py --var carQuantities optionsRequired n_classes blockSize maxCars n_cars setup slot n_options --input_var carQuantities optionsRequired n_classes n_options blockSize maxCars n_cars --example n_cars=200 n...,0,0,1,0,0,0,0,0,1,0,0,0,0,1,0,0,0,0,0,0,0,0,0,1,0,0,0]] 2>&1 | sed ""s/^/% /"" ; cat -u /app/model.mzn 2>/dev/null ; rm -f /app/model.mzn'
	in container ARNOLD_MPMMine-P002M001_92269:
	exit code: 255
	error: exec /usr/bin/bash: argument list too long
, Failed to run:
	bash -c 'python /app/code/run.py --var carQuantities optionsRequired n_classes blockSize maxCars n_cars setup slot n_options --input_var carQuantities optionsRequired n_classes n_options blockSize maxCars n_cars --example n_cars=200 n...,0,0,0,0,0,0,1,0,0,0,0,0,0,1,0,0,0,0,1,0,0,0,0,1,0,0,0]] 2>&1 | sed ""s/^/% /"" ; cat -u /app/model.mzn 2>/dev/null ; rm -f /app/model.mzn'
	in container ARNOLD_MPMMine-P002M001_92269:
	exit code: 255
	error: exec /usr/bin/bash: argument list too long
",0.0,0.0,,793341.842333858,3.3052612239238033,0.0,0.0,MPMMine-P002M001I036,ARNOLD/problems/P002/models/M001/instances/I036/75
ARNOLD,MPMMine-P002,MPMMine-P002M001,MPMMine-P002M001I036,100,100,0,5,,,200.0,0.0,1000,1.0,0.0,"Failed to run:
	bash -c 'python /app/code/run.py --var carQuantities optionsRequired n_classes blockSize maxCars n_cars setup slot n_options --input_var carQuantities optionsRequired n_classes n_options blockSize maxCars n_cars --example n_cars=200 n...,0,0,0,0,0,0,0,1,0,0,0,0,0,1,0,0,0,0,1,0,0,0,0,0,0,0,1]] 2>&1 | sed ""s/^/% /"" ; cat -u /app/model.mzn 2>/dev/null ; rm -f /app/model.mzn'
	in container ARNOLD_MPMMine-P002M001_92269:
	exit code: 255
	error: exec /usr/bin/bash: argument list too long
, Failed to run:
	bash -c 'python /app/code/run.py --var carQuantities optionsRequired n_classes blockSize maxCars n_cars setup slot n_options --input_var carQuantities optionsRequired n_classes n_options blockSize maxCars n_cars --example n_cars=200 n...,0,1,0,0,0,0,0,0,1,0,0,0,0,1,0,0,0,0,0,1,0,0,0,0,0,1,0]] 2>&1 | sed ""s/^/% /"" ; cat -u /app/model.mzn 2>/dev/null ; rm -f /app/model.mzn'
	in container ARNOLD_MPMMine-P002M001_92269:
	exit code: 255
	error: exec /usr/bin/bash: argument list too long
, Failed to run:
	bash -c 'python /app/code/run.py --var carQuantities optionsRequired n_classes blockSize maxCars n_cars setup slot n_options --input_var carQuantities optionsRequired n_classes n_options blockSize maxCars n_cars --example n_cars=200 n...,0,0,1,0,0,0,0,0,0,0,0,1,0,0,0,0,1,0,0,0,0,0,0,0,0,0,0]] 2>&1 | sed ""s/^/% /"" ; cat -u /app/model.mzn 2>/dev/null ; rm -f /app/model.mzn'
	in container ARNOLD_MPMMine-P002M001_92269:
	exit code: 255
	error: exec /usr/bin/bash: argument list too long
, Failed to run:
	bash -c 'python /app/code/run.py --var carQuantities optionsRequired n_classes blockSize maxCars n_cars setup slot n_options --input_var carQuantities optionsRequired n_classes n_options blockSize maxCars n_cars --example n_cars=200 n...,0,0,0,1,0,0,0,0,0,0,1,0,0,0,0,0,1,0,0,0,0,1,0,0,0,0,0]] 2>&1 | sed ""s/^/% /"" ; cat -u /app/model.mzn 2>/dev/null ; rm -f /app/model.mzn'
	in container ARNOLD_MPMMine-P002M001_92269:
	exit code: 255
	error: exec /usr/bin/bash: argument list too long
, Failed to run:
	bash -c 'python /app/code/run.py --var carQuantities optionsRequired n_classes blockSize maxCars n_cars setup slot n_options --input_var carQuantities optionsRequired n_classes n_options blockSize maxCars n_cars --example n_cars=200 n...,0,0,0,0,0,0,0,0,0,0,1,0,0,0,0,0,1,0,0,0,0,0,0,0,0,1,0]] 2>&1 | sed ""s/^/% /"" ; cat -u /app/model.mzn 2>/dev/null ; rm -f /app/model.mzn'
	in container ARNOLD_MPMMine-P002M001_92269:
	exit code: 255
	error: exec /usr/bin/bash: argument list too long
",0.0,0.0,,793354.8349468827,4.512461857355382,0.0,0.0,MPMMine-P002M001I036,ARNOLD/problems/P002/models/M001/instances/I036/100
ARNOLD,MPMMine-P002,MPMMine-P002M001,MPMMine-P002M001I037,2,2,0,5,1.0,0.0,200.0,0.0,1000,0.0,0.0,,0.924,0.0326170269455424,Timeout while verifying an example,32.36319939999375,0.7944472653853335,1116454.369758321,39023.055238809015,MPMMine-P002M001I037,ARNOLD/problems/P002/models/M001/instances/I037/2
ARNOLD,MPMMine-P002,MPMMine-P002M001,MPMMine-P002M001I037,10,10,0,5,1.0,0.0,200.0,0.0,1000,0.0,0.0,,0.924,0.0326170269455424,Timeout while verifying an example,142.93101677501107,1.1022012852514513,1116573.2552449964,39008.485147065716,MPMMine-P002M001I037,ARNOLD/problems/P002/models/M001/instances/I037/10
ARNOLD,MPMMine-P002,MPMMine-P002M001,MPMMine-P002M001I037,30,30,0,5,1.0,0.0,200.0,0.0,1000,0.0,0.0,,0.924,0.0326170269455424,Timeout while verifying an example,416.048615575023,13.84268750607501,1116563.4929266805,39046.8250435588,MPMMine-P002M001I037,ARNOLD/problems/P002/models/M001/instances/I037/30
ARNOLD,MPMMine-P002,MPMMine-P002M001,MPMMine-P002M001I037,50,50,0,5,,,200.0,0.0,1000,1.0,0.0,"Failed to run:
	bash -c 'python /app/code/run.py --var maxCars blockSize slot n_cars setup n_options n_classes carQuantities optionsRequired --input_var maxCars blockSize n_classes n_cars carQuantities n_options optionsRequired --example n_cars=200 n...,1,0,0,0,0,0,0,0,1,0,0,0,0,1,0,0,0,0,1,0,0,0,0,0,0,1,0]] 2>&1 | sed ""s/^/% /"" ; cat -u /app/model.mzn 2>/dev/null ; rm -f /app/model.mzn'
	in container ARNOLD_MPMMine-P002M001_92280:
	exit code: 255
	error: exec /usr/bin/bash: argument list too long
, Failed to run:
	bash -c 'python /app/code/run.py --var maxCars blockSize slot n_cars setup n_options n_classes carQuantities optionsRequired --input_var maxCars blockSize n_classes n_cars carQuantities n_options optionsRequired --example n_cars=200 n...,0,0,0,0,0,0,1,0,0,0,0,0,1,0,0,0,0,0,1,0,0,0,0,0,0,0,1]] 2>&1 | sed ""s/^/% /"" ; cat -u /app/model.mzn 2>/dev/null ; rm -f /app/model.mzn'
	in container ARNOLD_MPMMine-P002M001_92280:
	exit code: 255
	error: exec /usr/bin/bash: argument list too long
, Failed to run:
	bash -c 'python /app/code/run.py --var maxCars blockSize slot n_cars setup n_options n_classes carQuantities optionsRequired --input_var maxCars blockSize n_classes n_cars carQuantities n_options optionsRequired --example n_cars=200 n...,0,0,1,0,0,0,0,1,0,0,0,0,0,1,0,0,0,0,1,0,0,0,0,0,0,1,0]] 2>&1 | sed ""s/^/% /"" ; cat -u /app/model.mzn 2>/dev/null ; rm -f /app/model.mzn'
	in container ARNOLD_MPMMine-P002M001_92280:
	exit code: 255
	error: exec /usr/bin/bash: argument list too long
, Failed to run:
	bash -c 'python /app/code/run.py --var maxCars blockSize slot n_cars setup n_options n_classes carQuantities optionsRequired --input_var maxCars blockSize n_classes n_cars carQuantities n_options optionsRequired --example n_cars=200 n...,0,1,0,0,0,0,1,0,0,0,0,1,0,0,0,0,0,1,0,0,0,0,0,0,0,0,1]] 2>&1 | sed ""s/^/% /"" ; cat -u /app/model.mzn 2>/dev/null ; rm -f /app/model.mzn'
	in container ARNOLD_MPMMine-P002M001_92280:
	exit code: 255
	error: exec /usr/bin/bash: argument list too long
, Failed to run:
	bash -c 'python /app/code/run.py --var maxCars blockSize slot n_cars setup n_options n_classes carQuantities optionsRequired --input_var maxCars blockSize n_classes n_cars carQuantities n_options optionsRequired --example n_cars=200 n...,0,0,0,0,0,1,0,0,0,0,0,1,0,0,0,0,0,0,1,0,0,0,0,0,1,0,0]] 2>&1 | sed ""s/^/% /"" ; cat -u /app/model.mzn 2>/dev/null ; rm -f /app/model.mzn'
	in container ARNOLD_MPMMine-P002M001_92280:
	exit code: 255
	error: exec /usr/bin/bash: argument list too long
",0.0,0.0,,796660.3317488246,2.076290595252793,0.0,0.0,MPMMine-P002M001I037,ARNOLD/problems/P002/models/M001/instances/I037/50
ARNOLD,MPMMine-P002,MPMMine-P002M001,MPMMine-P002M001I037,75,75,0,5,,,200.0,0.0,1000,1.0,0.0,"Failed to run:
	bash -c 'python /app/code/run.py --var maxCars blockSize slot n_cars setup n_options n_classes carQuantities optionsRequired --input_var maxCars blockSize n_classes n_cars carQuantities n_options optionsRequired --example n_cars=200 n...,0,0,0,0,1,0,0,0,0,0,0,0,1,0,0,0,0,0,0,0,0,1,0,0,0,0,1]] 2>&1 | sed ""s/^/% /"" ; cat -u /app/model.mzn 2>/dev/null ; rm -f /app/model.mzn'
	in container ARNOLD_MPMMine-P002M001_92280:
	exit code: 255
	error: exec /usr/bin/bash: argument list too long
, Failed to run:
	bash -c 'python /app/code/run.py --var maxCars blockSize slot n_cars setup n_options n_classes carQuantities optionsRequired --input_var maxCars blockSize n_classes n_cars carQuantities n_options optionsRequired --example n_cars=200 n...,0,1,0,0,0,0,0,0,0,1,0,0,0,0,0,0,0,0,1,0,0,0,0,0,0,1,0]] 2>&1 | sed ""s/^/% /"" ; cat -u /app/model.mzn 2>/dev/null ; rm -f /app/model.mzn'
	in container ARNOLD_MPMMine-P002M001_92280:
	exit code: 255
	error: exec /usr/bin/bash: argument list too long
, Failed to run:
	bash -c 'python /app/code/run.py --var maxCars blockSize slot n_cars setup n_options n_classes carQuantities optionsRequired --input_var maxCars blockSize n_classes n_cars carQuantities n_options optionsRequired --example n_cars=200 n...,0,0,1,0,0,0,0,1,0,0,0,0,1,0,0,0,0,0,1,0,0,0,0,1,0,0,0]] 2>&1 | sed ""s/^/% /"" ; cat -u /app/model.mzn 2>/dev/null ; rm -f /app/model.mzn'
	in container ARNOLD_MPMMine-P002M001_92280:
	exit code: 255
	error: exec /usr/bin/bash: argument list too long
, Failed to run:
	bash -c 'python /app/code/run.py --var maxCars blockSize slot n_cars setup n_options n_classes carQuantities optionsRequired --input_var maxCars blockSize n_classes n_cars carQuantities n_options optionsRequired --example n_cars=200 n...,0,0,0,0,1,0,0,0,0,0,0,0,1,0,0,0,0,1,0,0,0,0,0,1,0,0,0]] 2>&1 | sed ""s/^/% /"" ; cat -u /app/model.mzn 2>/dev/null ; rm -f /app/model.mzn'
	in container ARNOLD_MPMMine-P002M001_92280:
	exit code: 255
	error: exec /usr/bin/bash: argument list too long
, Failed to run:
	bash -c 'python /app/code/run.py --var maxCars blockSize slot n_cars setup n_options n_classes carQuantities optionsRequired --input_var maxCars blockSize n_classes n_cars carQuantities n_options optionsRequired --example n_cars=200 n...,0,0,1,0,0,0,0,1,0,0,0,0,1,0,0,0,0,0,0,0,0,0,0,0,1,0,0]] 2>&1 | sed ""s/^/% /"" ; cat -u /app/model.mzn 2>/dev/null ; rm -f /app/model.mzn'
	in container ARNOLD_MPMMine-P002M001_92280:
	exit code: 255
	error: exec /usr/bin/bash: argument list too long
",0.0,0.0,,796669.4594232496,3.1782640515471727,0.0,0.0,MPMMine-P002M001I037,ARNOLD/problems/P002/models/M001/instances/I037/75
ARNOLD,MPMMine-P002,MPMMine-P002M001,MPMMine-P002M001I037,100,100,0,5,,,200.0,0.0,1000,1.0,0.0,"Failed to run:
	bash -c 'python /app/code/run.py --var maxCars blockSize slot n_cars setup n_options n_classes carQuantities optionsRequired --input_var maxCars blockSize n_classes n_cars carQuantities n_options optionsRequired --example n_cars=200 n...,0,0,1,0,0,0,0,0,0,1,0,0,0,0,0,0,1,0,0,0,0,1,0,0,0,0,1]] 2>&1 | sed ""s/^/% /"" ; cat -u /app/model.mzn 2>/dev/null ; rm -f /app/model.mzn'
	in container ARNOLD_MPMMine-P002M001_92280:
	exit code: 255
	error: exec /usr/bin/bash: argument list too long
, Failed to run:
	bash -c 'python /app/code/run.py --var maxCars blockSize slot n_cars setup n_options n_classes carQuantities optionsRequired --input_var maxCars blockSize n_classes n_cars carQuantities n_options optionsRequired --example n_cars=200 n...,0,0,0,0,0,1,0,0,0,0,0,0,0,0,0,1,0,0,0,0,1,0,0,0,0,1,0]] 2>&1 | sed ""s/^/% /"" ; cat -u /app/model.mzn 2>/dev/null ; rm -f /app/model.mzn'
	in container ARNOLD_MPMMine-P002M001_92280:
	exit code: 255
	error: exec /usr/bin/bash: argument list too long
, Failed to run:
	bash -c 'python /app/code/run.py --var maxCars blockSize slot n_cars setup n_options n_classes carQuantities optionsRequired --input_var maxCars blockSize n_classes n_cars carQuantities n_options optionsRequired --example n_cars=200 n...,0,0,0,0,0,0,0,1,0,0,0,0,0,1,0,0,0,0,1,0,0,0,0,1,0,0,0]] 2>&1 | sed ""s/^/% /"" ; cat -u /app/model.mzn 2>/dev/null ; rm -f /app/model.mzn'
	in container ARNOLD_MPMMine-P002M001_92280:
	exit code: 255
	error: exec /usr/bin/bash: argument list too long
, Failed to run:
	bash -c 'python /app/code/run.py --var maxCars blockSize slot n_cars setup n_options n_classes carQuantities optionsRequired --input_var maxCars blockSize n_classes n_cars carQuantities n_options optionsRequired --example n_cars=200 n...,0,0,0,0,1,0,0,0,0,0,0,0,0,0,1,0,0,0,0,0,1,0,0,0,0,1,0]] 2>&1 | sed ""s/^/% /"" ; cat -u /app/model.mzn 2>/dev/null ; rm -f /app/model.mzn'
	in container ARNOLD_MPMMine-P002M001_92280:
	exit code: 255
	error: exec /usr/bin/bash: argument list too long
, Failed to run:
	bash -c 'python /app/code/run.py --var maxCars blockSize slot n_cars setup n_options n_classes carQuantities optionsRequired --input_var maxCars blockSize n_classes n_cars carQuantities n_options optionsRequired --example n_cars=200 n...,1,0,0,0,0,1,0,0,0,0,1,0,0,0,0,1,0,0,0,0,1,0,0,0,0,0,1]] 2>&1 | sed ""s/^/% /"" ; cat -u /app/model.mzn 2>/dev/null ; rm -f /app/model.mzn'
	in container ARNOLD_MPMMine-P002M001_92280:
	exit code: 255
	error: exec /usr/bin/bash: argument list too long
",0.0,0.0,,796681.6372885748,4.325529507952172,0.0,0.0,MPMMine-P002M001I037,ARNOLD/problems/P002/models/M001/instances/I037/100
ARNOLD,MPMMine-P002,MPMMine-P002M001,MPMMine-P002M001I038,2,2,0,5,1.0,0.0,200.0,0.0,1000,0.0,0.0,,0.929,0.017434534257913338,Timeout while verifying an example,29.62827311679721,0.44891922724524674,1122375.218510041,20811.10304977241,MPMMine-P002M001I038,ARNOLD/problems/P002/models/M001/instances/I038/2
ARNOLD,MPMMine-P002,MPMMine-P002M001,MPMMine-P002M001I038,10,10,0,5,1.0,0.0,200.0,0.0,1000,0.0,0.0,,0.929,0.017434534257913338,Timeout while verifying an example,132.34051806677599,1.166812956400979,1122366.953091598,20842.686807243856,MPMMine-P002M001I038,ARNOLD/problems/P002/models/M001/instances/I038/10
ARNOLD,MPMMine-P002,MPMMine-P002M001,MPMMine-P002M001I038,30,30,0,5,1.0,0.0,200.0,0.0,1000,0.0,0.0,,0.929,0.017434534257913338,Timeout while verifying an example,386.9021768831881,5.190812193836623,1122377.986568315,20811.14842761212,MPMMine-P002M001I038,ARNOLD/problems/P002/models/M001/instances/I038/30
ARNOLD,MPMMine-P002,MPMMine-P002M001,MPMMine-P002M001I038,50,50,0,5,,,200.0,0.0,1000,1.0,0.0,"Failed to run:
	bash -c 'python /app/code/run.py --var maxCars n_classes optionsRequired setup blockSize carQuantities slot n_options n_cars --input_var maxCars carQuantities n_classes optionsRequired n_options n_cars blockSize --example n_cars=200 n...,0,1,0,0,0,0,0,1,0,0,0,0,0,1,0,0,0,0,0,0,1,0,0,0,0,1,0]] 2>&1 | sed ""s/^/% /"" ; cat -u /app/model.mzn 2>/dev/null ; rm -f /app/model.mzn'
	in container ARNOLD_MPMMine-P002M001_92266:
	exit code: 255
	error: exec /usr/bin/bash: argument list too long
, Failed to run:
	bash -c 'python /app/code/run.py --var maxCars n_classes optionsRequired setup blockSize carQuantities slot n_options n_cars --input_var maxCars carQuantities n_classes optionsRequired n_options n_cars blockSize --example n_cars=200 n...,1,0,0,0,0,0,1,0,0,0,0,0,0,0,1,0,0,0,0,0,1,0,0,0,0,1,0]] 2>&1 | sed ""s/^/% /"" ; cat -u /app/model.mzn 2>/dev/null ; rm -f /app/model.mzn'
	in container ARNOLD_MPMMine-P002M001_92266:
	exit code: 255
	error: exec /usr/bin/bash: argument list too long
, Failed to run:
	bash -c 'python /app/code/run.py --var maxCars n_classes optionsRequired setup blockSize carQuantities slot n_options n_cars --input_var maxCars carQuantities n_classes optionsRequired n_options n_cars blockSize --example n_cars=200 n...,0,1,0,0,0,0,0,1,0,0,0,0,0,1,0,0,0,0,1,0,0,0,0,0,0,1,0]] 2>&1 | sed ""s/^/% /"" ; cat -u /app/model.mzn 2>/dev/null ; rm -f /app/model.mzn'
	in container ARNOLD_MPMMine-P002M001_92266:
	exit code: 255
	error: exec /usr/bin/bash: argument list too long
, Failed to run:
	bash -c 'python /app/code/run.py --var maxCars n_classes optionsRequired setup blockSize carQuantities slot n_options n_cars --input_var maxCars carQuantities n_classes optionsRequired n_options n_cars blockSize --example n_cars=200 n...,1,0,0,0,0,0,1,0,0,0,0,0,1,0,0,0,0,0,0,0,0,0,0,1,0,0,0]] 2>&1 | sed ""s/^/% /"" ; cat -u /app/model.mzn 2>/dev/null ; rm -f /app/model.mzn'
	in container ARNOLD_MPMMine-P002M001_92266:
	exit code: 255
	error: exec /usr/bin/bash: argument list too long
, Failed to run:
	bash -c 'python /app/code/run.py --var maxCars n_classes optionsRequired setup blockSize carQuantities slot n_options n_cars --input_var maxCars carQuantities n_classes optionsRequired n_options n_cars blockSize --example n_cars=200 n...,0,0,0,1,0,0,0,0,0,0,1,0,0,0,0,1,0,0,0,0,0,0,0,1,0,0,0]] 2>&1 | sed ""s/^/% /"" ; cat -u /app/model.mzn 2>/dev/null ; rm -f /app/model.mzn'
	in container ARNOLD_MPMMine-P002M001_92266:
	exit code: 255
	error: exec /usr/bin/bash: argument list too long
",0.0,0.0,,800596.6328952332,2.0809036525729496,0.0,0.0,MPMMine-P002M001I038,ARNOLD/problems/P002/models/M001/instances/I038/50
ARNOLD,MPMMine-P002,MPMMine-P002M001,MPMMine-P002M001I038,75,75,0,5,,,200.0,0.0,1000,1.0,0.0,"Failed to run:
	bash -c 'python /app/code/run.py --var maxCars n_classes optionsRequired setup blockSize carQuantities slot n_options n_cars --input_var maxCars carQuantities n_classes optionsRequired n_options n_cars blockSize --example n_cars=200 n...,0,0,1,0,0,0,0,1,0,0,0,0,0,0,1,0,0,0,0,1,0,0,0,0,1,0,0]] 2>&1 | sed ""s/^/% /"" ; cat -u /app/model.mzn 2>/dev/null ; rm -f /app/model.mzn'
	in container ARNOLD_MPMMine-P002M001_92266:
	exit code: 255
	error: exec /usr/bin/bash: argument list too long
, Failed to run:
	bash -c 'python /app/code/run.py --var maxCars n_classes optionsRequired setup blockSize carQuantities slot n_options n_cars --input_var maxCars carQuantities n_classes optionsRequired n_options n_cars blockSize --example n_cars=200 n...,0,0,0,1,0,0,0,0,0,0,0,0,0,1,0,0,0,0,0,1,0,0,0,0,1,0,0]] 2>&1 | sed ""s/^/% /"" ; cat -u /app/model.mzn 2>/dev/null ; rm -f /app/model.mzn'
	in container ARNOLD_MPMMine-P002M001_92266:
	exit code: 255
	error: exec /usr/bin/bash: argument list too long
, Failed to run:
	bash -c 'python /app/code/run.py --var maxCars n_classes optionsRequired setup blockSize carQuantities slot n_options n_cars --input_var maxCars carQuantities n_classes optionsRequired n_options n_cars blockSize --example n_cars=200 n...,0,0,0,0,0,1,0,0,0,0,0,1,0,0,0,0,1,0,0,0,0,1,0,0,0,0,1]] 2>&1 | sed ""s/^/% /"" ; cat -u /app/model.mzn 2>/dev/null ; rm -f /app/model.mzn'
	in container ARNOLD_MPMMine-P002M001_92266:
	exit code: 255
	error: exec /usr/bin/bash: argument list too long
, Failed to run:
	bash -c 'python /app/code/run.py --var maxCars n_classes optionsRequired setup blockSize carQuantities slot n_options n_cars --input_var maxCars carQuantities n_classes optionsRequired n_options n_cars blockSize --example n_cars=200 n...,0,1,0,0,0,0,0,1,0,0,0,0,0,0,1,0,0,0,0,0,1,0,0,0,0,0,1]] 2>&1 | sed ""s/^/% /"" ; cat -u /app/model.mzn 2>/dev/null ; rm -f /app/model.mzn'
	in container ARNOLD_MPMMine-P002M001_92266:
	exit code: 255
	error: exec /usr/bin/bash: argument list too long
, Failed to run:
	bash -c 'python /app/code/run.py --var maxCars n_classes optionsRequired setup blockSize carQuantities slot n_options n_cars --input_var maxCars carQuantities n_classes optionsRequired n_options n_cars blockSize --example n_cars=200 n...,0,0,0,1,0,0,0,0,0,0,0,1,0,0,0,0,1,0,0,0,0,1,0,0,0,0,1]] 2>&1 | sed ""s/^/% /"" ; cat -u /app/model.mzn 2>/dev/null ; rm -f /app/model.mzn'
	in container ARNOLD_MPMMine-P002M001_92266:
	exit code: 255
	error: exec /usr/bin/bash: argument list too long
",0.0,0.0,,800606.4572251413,3.301609273515369,0.0,0.0,MPMMine-P002M001I038,ARNOLD/problems/P002/models/M001/instances/I038/75
ARNOLD,MPMMine-P002,MPMMine-P002M001,MPMMine-P002M001I038,100,100,0,5,,,200.0,0.0,1000,1.0,0.0,"Failed to run:
	bash -c 'python /app/code/run.py --var maxCars n_classes optionsRequired setup blockSize carQuantities slot n_options n_cars --input_var maxCars carQuantities n_classes optionsRequired n_options n_cars blockSize --example n_cars=200 n...,0,0,0,1,0,0,0,0,0,0,0,1,0,0,0,0,0,0,1,0,0,0,0,0,1,0,0]] 2>&1 | sed ""s/^/% /"" ; cat -u /app/model.mzn 2>/dev/null ; rm -f /app/model.mzn'
	in container ARNOLD_MPMMine-P002M001_92266:
	exit code: 255
	error: exec /usr/bin/bash: argument list too long
, Failed to run:
	bash -c 'python /app/code/run.py --var maxCars n_classes optionsRequired setup blockSize carQuantities slot n_options n_cars --input_var maxCars carQuantities n_classes optionsRequired n_options n_cars blockSize --example n_cars=200 n...,0,0,0,0,1,0,0,0,0,1,0,0,0,0,1,0,0,0,0,1,0,0,0,0,1,0,0]] 2>&1 | sed ""s/^/% /"" ; cat -u /app/model.mzn 2>/dev/null ; rm -f /app/model.mzn'
	in container ARNOLD_MPMMine-P002M001_92266:
	exit code: 255
	error: exec /usr/bin/bash: argument list too long
, Failed to run:
	bash -c 'python /app/code/run.py --var maxCars n_classes optionsRequired setup blockSize carQuantities slot n_options n_cars --input_var maxCars carQuantities n_classes optionsRequired n_options n_cars blockSize --example n_cars=200 n...,0,0,0,0,0,0,1,0,0,0,0,0,1,0,0,0,0,0,0,0,1,0,0,0,0,0,0]] 2>&1 | sed ""s/^/% /"" ; cat -u /app/model.mzn 2>/dev/null ; rm -f /app/model.mzn'
	in container ARNOLD_MPMMine-P002M001_92266:
	exit code: 255
	error: exec /usr/bin/bash: argument list too long
, Failed to run:
	bash -c 'python /app/code/run.py --var maxCars n_classes optionsRequired setup blockSize carQuantities slot n_options n_cars --input_var maxCars carQuantities n_classes optionsRequired n_options n_cars blockSize --example n_cars=200 n...,0,0,1,0,0,0,0,1,0,0,0,0,1,0,0,0,0,0,0,1,0,0,0,0,0,1,0]] 2>&1 | sed ""s/^/% /"" ; cat -u /app/model.mzn 2>/dev/null ; rm -f /app/model.mzn'
	in container ARNOLD_MPMMine-P002M001_92266:
	exit code: 255
	error: exec /usr/bin/bash: argument list too long
, Failed to run:
	bash -c 'python /app/code/run.py --var maxCars n_classes optionsRequired setup blockSize carQuantities slot n_options n_cars --input_var maxCars carQuantities n_classes optionsRequired n_options n_cars blockSize --example n_cars=200 n...,0,0,0,1,0,0,0,0,0,0,0,0,1,0,0,0,0,0,0,1,0,0,0,0,0,0,1]] 2>&1 | sed ""s/^/% /"" ; cat -u /app/model.mzn 2>/dev/null ; rm -f /app/model.mzn'
	in container ARNOLD_MPMMine-P002M001_92266:
	exit code: 255
	error: exec /usr/bin/bash: argument list too long
",0.0,0.0,,800619.3746332164,4.501919645540785,0.0,0.0,MPMMine-P002M001I038,ARNOLD/problems/P002/models/M001/instances/I038/100
ARNOLD,MPMMine-P002,MPMMine-P002M001,MPMMine-P002M001I039,2,2,0,5,1.0,0.0,200.0,0.0,1000,0.0,0.0,,0.9369999999999999,0.017994072849454163,Timeout while verifying an example,29.088218250032515,0.5911272572317925,1131961.7466866411,21549.209180797254,MPMMine-P002M001I039,ARNOLD/problems/P002/models/M001/instances/I039/2
ARNOLD,MPMMine-P002,MPMMine-P002M001,MPMMine-P002M001I039,10,10,0,5,1.0,0.0,200.0,0.0,1000,0.0,0.0,,0.9369999999999999,0.017994072849454163,Timeout while verifying an example,130.85348101658747,0.566978921900051,1131978.7857633224,21555.99905688707,MPMMine-P002M001I039,ARNOLD/problems/P002/models/M001/instances/I039/10
ARNOLD,MPMMine-P002,MPMMine-P002M001,MPMMine-P002M001I039,30,30,0,5,1.0,0.0,200.0,0.0,1000,0.0,0.0,,0.9369999999999999,0.017994072849454163,Timeout while verifying an example,383.8382405502256,9.455034830094139,1131993.6828883179,21509.8886156831,MPMMine-P002M001I039,ARNOLD/problems/P002/models/M001/instances/I039/30
ARNOLD,MPMMine-P002,MPMMine-P002M001,MPMMine-P002M001I039,50,50,0,5,,,200.0,0.0,1000,1.0,0.0,"Failed to run:
	bash -c 'python /app/code/run.py --var optionsRequired maxCars n_cars carQuantities n_options slot blockSize setup n_classes --input_var optionsRequired maxCars n_cars carQuantities n_options blockSize n_classes --example n_cars=200 n...,0,0,0,0,1,0,0,0,0,0,1,0,0,0,0,1,0,0,0,0,0,0,0,0,0,0,0]] 2>&1 | sed ""s/^/% /"" ; cat -u /app/model.mzn 2>/dev/null ; rm -f /app/model.mzn'
	in container ARNOLD_MPMMine-P002M001_92274:
	exit code: 255
	error: exec /usr/bin/bash: argument list too long
, Failed to run:
	bash -c 'python /app/code/run.py --var optionsRequired maxCars n_cars carQuantities n_options slot blockSize setup n_classes --input_var optionsRequired maxCars n_cars carQuantities n_options blockSize n_classes --example n_cars=200 n...,0,0,0,0,1,0,0,0,0,0,0,0,0,0,0,0,0,0,1,0,0,0,0,0,0,0,1]] 2>&1 | sed ""s/^/% /"" ; cat -u /app/model.mzn 2>/dev/null ; rm -f /app/model.mzn'
	in container ARNOLD_MPMMine-P002M001_92274:
	exit code: 255
	error: exec /usr/bin/bash: argument list too long
, Failed to run:
	bash -c 'python /app/code/run.py --var optionsRequired maxCars n_cars carQuantities n_options slot blockSize setup n_classes --input_var optionsRequired maxCars n_cars carQuantities n_options blockSize n_classes --example n_cars=200 n...,0,1,0,0,0,0,0,1,0,0,0,0,0,0,1,0,0,0,0,0,1,0,0,0,0,0,1]] 2>&1 | sed ""s/^/% /"" ; cat -u /app/model.mzn 2>/dev/null ; rm -f /app/model.mzn'
	in container ARNOLD_MPMMine-P002M001_92274:
	exit code: 255
	error: exec /usr/bin/bash: argument list too long
, Failed to run:
	bash -c 'python /app/code/run.py --var optionsRequired maxCars n_cars carQuantities n_options slot blockSize setup n_classes --input_var optionsRequired maxCars n_cars carQuantities n_options blockSize n_classes --example n_cars=200 n...,0,0,0,0,0,0,0,1,0,0,0,0,1,0,0,0,0,0,0,0,1,0,0,0,0,0,0]] 2>&1 | sed ""s/^/% /"" ; cat -u /app/model.mzn 2>/dev/null ; rm -f /app/model.mzn'
	in container ARNOLD_MPMMine-P002M001_92274:
	exit code: 255
	error: exec /usr/bin/bash: argument list too long
, Failed to run:
	bash -c 'python /app/code/run.py --var optionsRequired maxCars n_cars carQuantities n_options slot blockSize setup n_classes --input_var optionsRequired maxCars n_cars carQuantities n_options blockSize n_classes --example n_cars=200 n...,0,0,0,0,1,0,0,0,0,0,0,0,0,0,0,0,0,0,0,0,1,0,0,0,0,0,0]] 2>&1 | sed ""s/^/% /"" ; cat -u /app/model.mzn 2>/dev/null ; rm -f /app/model.mzn'
	in container ARNOLD_MPMMine-P002M001_92274:
	exit code: 255
	error: exec /usr/bin/bash: argument list too long
",0.0,0.0,,803456.2082239579,2.10627110476121,0.0,0.0,MPMMine-P002M001I039,ARNOLD/problems/P002/models/M001/instances/I039/50
ARNOLD,MPMMine-P002,MPMMine-P002M001,MPMMine-P002M001I039,75,75,0,5,,,200.0,0.0,1000,1.0,0.0,"Failed to run:
	bash -c 'python /app/code/run.py --var optionsRequired maxCars n_cars carQuantities n_options slot blockSize setup n_classes --input_var optionsRequired maxCars n_cars carQuantities n_options blockSize n_classes --example n_cars=200 n...,0,1,0,0,0,0,0,0,0,0,0,1,0,0,0,0,1,0,0,0,0,1,0,0,0,0,0]] 2>&1 | sed ""s/^/% /"" ; cat -u /app/model.mzn 2>/dev/null ; rm -f /app/model.mzn'
	in container ARNOLD_MPMMine-P002M001_92274:
	exit code: 255
	error: exec /usr/bin/bash: argument list too long
, Failed to run:
	bash -c 'python /app/code/run.py --var optionsRequired maxCars n_cars carQuantities n_options slot blockSize setup n_classes --input_var optionsRequired maxCars n_cars carQuantities n_options blockSize n_classes --example n_cars=200 n...,0,0,0,0,0,0,0,1,0,0,0,0,0,0,0,0,0,0,1,0,0,0,0,0,0,1,0]] 2>&1 | sed ""s/^/% /"" ; cat -u /app/model.mzn 2>/dev/null ; rm -f /app/model.mzn'
	in container ARNOLD_MPMMine-P002M001_92274:
	exit code: 255
	error: exec /usr/bin/bash: argument list too long
, Failed to run:
	bash -c 'python /app/code/run.py --var optionsRequired maxCars n_cars carQuantities n_options slot blockSize setup n_classes --input_var optionsRequired maxCars n_cars carQuantities n_options blockSize n_classes --example n_cars=200 n...,0,0,0,0,0,0,0,1,0,0,0,0,0,0,0,0,0,0,0,0,1,0,0,0,0,0,1]] 2>&1 | sed ""s/^/% /"" ; cat -u /app/model.mzn 2>/dev/null ; rm -f /app/model.mzn'
	in container ARNOLD_MPMMine-P002M001_92274:
	exit code: 255
	error: exec /usr/bin/bash: argument list too long
, Failed to run:
	bash -c 'python /app/code/run.py --var optionsRequired maxCars n_cars carQuantities n_options slot blockSize setup n_classes --input_var optionsRequired maxCars n_cars carQuantities n_options blockSize n_classes --example n_cars=200 n...,0,0,0,0,0,0,0,0,0,0,0,0,1,0,0,0,0,0,1,0,0,0,0,0,0,0,1]] 2>&1 | sed ""s/^/% /"" ; cat -u /app/model.mzn 2>/dev/null ; rm -f /app/model.mzn'
	in container ARNOLD_MPMMine-P002M001_92274:
	exit code: 255
	error: exec /usr/bin/bash: argument list too long
, Failed to run:
	bash -c 'python /app/code/run.py --var optionsRequired maxCars n_cars carQuantities n_options slot blockSize setup n_classes --input_var optionsRequired maxCars n_cars carQuantities n_options blockSize n_classes --example n_cars=200 n...,0,1,0,0,0,0,0,1,0,0,0,0,0,1,0,0,0,0,0,0,1,0,0,0,0,0,1]] 2>&1 | sed ""s/^/% /"" ; cat -u /app/model.mzn 2>/dev/null ; rm -f /app/model.mzn'
	in container ARNOLD_MPMMine-P002M001_92274:
	exit code: 255
	error: exec /usr/bin/bash: argument list too long
",0.0,0.0,,803465.0792872995,3.006483217367199,0.0,0.0,MPMMine-P002M001I039,ARNOLD/problems/P002/models/M001/instances/I039/75
ARNOLD,MPMMine-P002,MPMMine-P002M001,MPMMine-P002M001I039,100,100,0,5,,,200.0,0.0,1000,1.0,0.0,"Failed to run:
	bash -c 'python /app/code/run.py --var optionsRequired maxCars n_cars carQuantities n_options slot blockSize setup n_classes --input_var optionsRequired maxCars n_cars carQuantities n_options blockSize n_classes --example n_cars=200 n...,0,0,0,0,0,1,0,0,0,0,1,0,0,0,0,0,0,0,0,1,0,0,0,0,0,0,0]] 2>&1 | sed ""s/^/% /"" ; cat -u /app/model.mzn 2>/dev/null ; rm -f /app/model.mzn'
	in container ARNOLD_MPMMine-P002M001_92274:
	exit code: 255
	error: exec /usr/bin/bash: argument list too long
, Failed to run:
	bash -c 'python /app/code/run.py --var optionsRequired maxCars n_cars carQuantities n_options slot blockSize setup n_classes --input_var optionsRequired maxCars n_cars carQuantities n_options blockSize n_classes --example n_cars=200 n...,1,0,0,0,0,0,0,0,0,0,1,0,0,0,0,0,0,0,0,1,0,0,0,0,0,1,0]] 2>&1 | sed ""s/^/% /"" ; cat -u /app/model.mzn 2>/dev/null ; rm -f /app/model.mzn'
	in container ARNOLD_MPMMine-P002M001_92274:
	exit code: 255
	error: exec /usr/bin/bash: argument list too long
, Failed to run:
	bash -c 'python /app/code/run.py --var optionsRequired maxCars n_cars carQuantities n_options slot blockSize setup n_classes --input_var optionsRequired maxCars n_cars carQuantities n_options blockSize n_classes --example n_cars=200 n...,0,0,1,0,0,0,0,0,0,0,0,0,1,0,0,0,0,0,0,0,0,0,0,1,0,0,0]] 2>&1 | sed ""s/^/% /"" ; cat -u /app/model.mzn 2>/dev/null ; rm -f /app/model.mzn'
	in container ARNOLD_MPMMine-P002M001_92274:
	exit code: 255
	error: exec /usr/bin/bash: argument list too long
, Failed to run:
	bash -c 'python /app/code/run.py --var optionsRequired maxCars n_cars carQuantities n_options slot blockSize setup n_classes --input_var optionsRequired maxCars n_cars carQuantities n_options blockSize n_classes --example n_cars=200 n...,0,0,0,1,0,0,0,0,0,0,0,0,1,0,0,0,0,1,0,0,0,0,0,1,0,0,0]] 2>&1 | sed ""s/^/% /"" ; cat -u /app/model.mzn 2>/dev/null ; rm -f /app/model.mzn'
	in container ARNOLD_MPMMine-P002M001_92274:
	exit code: 255
	error: exec /usr/bin/bash: argument list too long
, Failed to run:
	bash -c 'python /app/code/run.py --var optionsRequired maxCars n_cars carQuantities n_options slot blockSize setup n_classes --input_var optionsRequired maxCars n_cars carQuantities n_options blockSize n_classes --example n_cars=200 n...,1,0,0,0,0,1,0,0,0,0,0,1,0,0,0,0,0,0,0,0,0,1,0,0,0,0,0]] 2>&1 | sed ""s/^/% /"" ; cat -u /app/model.mzn 2>/dev/null ; rm -f /app/model.mzn'
	in container ARNOLD_MPMMine-P002M001_92274:
	exit code: 255
	error: exec /usr/bin/bash: argument list too long
",0.0,0.0,,803477.223337058,4.2799647184802865,0.0,0.0,MPMMine-P002M001I039,ARNOLD/problems/P002/models/M001/instances/I039/100
ARNOLD,MPMMine-P002,MPMMine-P002M001,MPMMine-P002M001I040,2,2,0,5,1.0,0.0,200.0,0.0,1000,0.0,0.0,,0.925,0.028159313145820895,Timeout while verifying an example,32.265576358581896,0.25938761696522494,1117671.8906283611,33665.223389782404,MPMMine-P002M001I040,ARNOLD/problems/P002/models/M001/instances/I040/2
ARNOLD,MPMMine-P002,MPMMine-P002M001,MPMMine-P002M001I040,10,10,0,5,1.0,0.0,200.0,0.0,1000,0.0,0.0,,0.925,0.028159313145820895,Timeout while verifying an example,148.7984827000182,5.014818911178221,1117693.6498250486,33642.22966148507,MPMMine-P002M001I040,ARNOLD/problems/P002/models/M001/instances/I040/10
ARNOLD,MPMMine-P002,MPMMine-P002M001,MPMMine-P002M001I040,30,30,0,5,1.0,0.0,200.0,0.0,1000,0.0,0.0,,0.925,0.028159313145820895,Timeout while verifying an example,451.0093718665885,38.7927049430689,1117657.0470133144,33748.44909889178,MPMMine-P002M001I040,ARNOLD/problems/P002/models/M001/instances/I040/30
ARNOLD,MPMMine-P002,MPMMine-P002M001,MPMMine-P002M001I040,50,50,0,5,,,200.0,0.0,1000,1.0,0.0,"Failed to run:
	bash -c 'python /app/code/run.py --var maxCars n_classes slot blockSize optionsRequired n_cars setup carQuantities n_options --input_var carQuantities maxCars blockSize optionsRequired n_cars n_classes n_options --example n_cars=200 n...,0,0,0,0,1,0,0,0,0,0,0,0,0,0,1,0,0,0,0,1,0,0,0,0,1,0,0]] 2>&1 | sed ""s/^/% /"" ; cat -u /app/model.mzn 2>/dev/null ; rm -f /app/model.mzn'
	in container ARNOLD_MPMMine-P002M001_92256:
	exit code: 255
	error: exec /usr/bin/bash: argument list too long
, Failed to run:
	bash -c 'python /app/code/run.py --var maxCars n_classes slot blockSize optionsRequired n_cars setup carQuantities n_options --input_var carQuantities maxCars blockSize optionsRequired n_cars n_classes n_options --example n_cars=200 n...,0,0,0,0,1,0,0,0,0,1,0,0,0,0,0,1,0,0,0,0,1,0,0,0,0,1,0]] 2>&1 | sed ""s/^/% /"" ; cat -u /app/model.mzn 2>/dev/null ; rm -f /app/model.mzn'
	in container ARNOLD_MPMMine-P002M001_92256:
	exit code: 255
	error: exec /usr/bin/bash: argument list too long
, Failed to run:
	bash -c 'python /app/code/run.py --var maxCars n_classes slot blockSize optionsRequired n_cars setup carQuantities n_options --input_var carQuantities maxCars blockSize optionsRequired n_cars n_classes n_options --example n_cars=200 n...,1,0,0,0,0,1,0,0,0,0,1,0,0,0,0,0,1,0,0,0,0,0,0,1,0,0,0]] 2>&1 | sed ""s/^/% /"" ; cat -u /app/model.mzn 2>/dev/null ; rm -f /app/model.mzn'
	in container ARNOLD_MPMMine-P002M001_92256:
	exit code: 255
	error: exec /usr/bin/bash: argument list too long
, Failed to run:
	bash -c 'python /app/code/run.py --var maxCars n_classes slot blockSize optionsRequired n_cars setup carQuantities n_options --input_var carQuantities maxCars blockSize optionsRequired n_cars n_classes n_options --example n_cars=200 n...,0,0,0,1,0,0,0,0,0,0,0,0,1,0,0,0,0,1,0,0,0,0,0,0,0,1,0]] 2>&1 | sed ""s/^/% /"" ; cat -u /app/model.mzn 2>/dev/null ; rm -f /app/model.mzn'
	in container ARNOLD_MPMMine-P002M001_92256:
	exit code: 255
	error: exec /usr/bin/bash: argument list too long
, Failed to run:
	bash -c 'python /app/code/run.py --var maxCars n_classes slot blockSize optionsRequired n_cars setup carQuantities n_options --input_var carQuantities maxCars blockSize optionsRequired n_cars n_classes n_options --example n_cars=200 n...,0,0,0,0,0,0,1,0,0,0,0,0,0,0,0,1,0,0,0,0,0,0,0,0,1,0,0]] 2>&1 | sed ""s/^/% /"" ; cat -u /app/model.mzn 2>/dev/null ; rm -f /app/model.mzn'
	in container ARNOLD_MPMMine-P002M001_92256:
	exit code: 255
	error: exec /usr/bin/bash: argument list too long
",0.0,0.0,,818449.1107164581,2.187574476619424,0.0,0.0,MPMMine-P002M001I040,ARNOLD/problems/P002/models/M001/instances/I040/50
ARNOLD,MPMMine-P002,MPMMine-P002M001,MPMMine-P002M001I040,75,75,0,5,,,200.0,0.0,1000,1.0,0.0,"Failed to run:
	bash -c 'python /app/code/run.py --var maxCars n_classes slot blockSize optionsRequired n_cars setup carQuantities n_options --input_var carQuantities maxCars blockSize optionsRequired n_cars n_classes n_options --example n_cars=200 n...,0,0,0,0,1,0,0,0,0,1,0,0,0,0,0,0,1,0,0,0,0,0,1,0,0,0,0]] 2>&1 | sed ""s/^/% /"" ; cat -u /app/model.mzn 2>/dev/null ; rm -f /app/model.mzn'
	in container ARNOLD_MPMMine-P002M001_92256:
	exit code: 255
	error: exec /usr/bin/bash: argument list too long
, Failed to run:
	bash -c 'python /app/code/run.py --var maxCars n_classes slot blockSize optionsRequired n_cars setup carQuantities n_options --input_var carQuantities maxCars blockSize optionsRequired n_cars n_classes n_options --example n_cars=200 n...,0,0,0,0,1,0,0,0,0,0,0,0,0,1,0,0,0,0,0,0,0,0,1,0,0,0,0]] 2>&1 | sed ""s/^/% /"" ; cat -u /app/model.mzn 2>/dev/null ; rm -f /app/model.mzn'
	in container ARNOLD_MPMMine-P002M001_92256:
	exit code: 255
	error: exec /usr/bin/bash: argument list too long
, Failed to run:
	bash -c 'python /app/code/run.py --var maxCars n_classes slot blockSize optionsRequired n_cars setup carQuantities n_options --input_var carQuantities maxCars blockSize optionsRequired n_cars n_classes n_options --example n_cars=200 n...,0,0,1,0,0,0,0,0,1,0,0,0,0,0,0,1,0,0,0,0,0,0,0,1,0,0,0]] 2>&1 | sed ""s/^/% /"" ; cat -u /app/model.mzn 2>/dev/null ; rm -f /app/model.mzn'
	in container ARNOLD_MPMMine-P002M001_92256:
	exit code: 255
	error: exec /usr/bin/bash: argument list too long
, Failed to run:
	bash -c 'python /app/code/run.py --var maxCars n_classes slot blockSize optionsRequired n_cars setup carQuantities n_options --input_var carQuantities maxCars blockSize optionsRequired n_cars n_classes n_options --example n_cars=200 n...,0,0,0,0,0,0,1,0,0,0,0,0,0,1,0,0,0,0,0,1,0,0,0,0,1,0,0]] 2>&1 | sed ""s/^/% /"" ; cat -u /app/model.mzn 2>/dev/null ; rm -f /app/model.mzn'
	in container ARNOLD_MPMMine-P002M001_92256:
	exit code: 255
	error: exec /usr/bin/bash: argument list too long
, Failed to run:
	bash -c 'python /app/code/run.py --var maxCars n_classes slot blockSize optionsRequired n_cars setup carQuantities n_options --input_var carQuantities maxCars blockSize optionsRequired n_cars n_classes n_options --example n_cars=200 n...,0,0,0,0,0,1,0,0,0,0,1,0,0,0,0,1,0,0,0,0,0,0,1,0,0,0,0]] 2>&1 | sed ""s/^/% /"" ; cat -u /app/model.mzn 2>/dev/null ; rm -f /app/model.mzn'
	in container ARNOLD_MPMMine-P002M001_92256:
	exit code: 255
	error: exec /usr/bin/bash: argument list too long
",0.0,0.0,,818459.0627601997,3.419522291943733,0.0,0.0,MPMMine-P002M001I040,ARNOLD/problems/P002/models/M001/instances/I040/75
ARNOLD,MPMMine-P002,MPMMine-P002M001,MPMMine-P002M001I040,100,100,0,5,,,200.0,0.0,1000,1.0,0.0,"Failed to run:
	bash -c 'python /app/code/run.py --var maxCars n_classes slot blockSize optionsRequired n_cars setup carQuantities n_options --input_var carQuantities maxCars blockSize optionsRequired n_cars n_classes n_options --example n_cars=200 n...,0,0,0,0,1,0,0,0,0,0,0,0,1,0,0,0,0,1,0,0,0,0,0,1,0,0,0]] 2>&1 | sed ""s/^/% /"" ; cat -u /app/model.mzn 2>/dev/null ; rm -f /app/model.mzn'
	in container ARNOLD_MPMMine-P002M001_92256:
	exit code: 255
	error: exec /usr/bin/bash: argument list too long
, Failed to run:
	bash -c 'python /app/code/run.py --var maxCars n_classes slot blockSize optionsRequired n_cars setup carQuantities n_options --input_var carQuantities maxCars blockSize optionsRequired n_cars n_classes n_options --example n_cars=200 n...,0,0,0,0,0,0,0,1,0,0,0,0,0,0,1,0,0,0,0,0,1,0,0,0,0,1,0]] 2>&1 | sed ""s/^/% /"" ; cat -u /app/model.mzn 2>/dev/null ; rm -f /app/model.mzn'
	in container ARNOLD_MPMMine-P002M001_92256:
	exit code: 255
	error: exec /usr/bin/bash: argument list too long
, Failed to run:
	bash -c 'python /app/code/run.py --var maxCars n_classes slot blockSize optionsRequired n_cars setup carQuantities n_options --input_var carQuantities maxCars blockSize optionsRequired n_cars n_classes n_options --example n_cars=200 n...,0,0,0,0,0,1,0,0,0,0,0,1,0,0,0,0,0,0,0,0,0,0,1,0,0,0,0]] 2>&1 | sed ""s/^/% /"" ; cat -u /app/model.mzn 2>/dev/null ; rm -f /app/model.mzn'
	in container ARNOLD_MPMMine-P002M001_92256:
	exit code: 255
	error: exec /usr/bin/bash: argument list too long
, Failed to run:
	bash -c 'python /app/code/run.py --var maxCars n_classes slot blockSize optionsRequired n_cars setup carQuantities n_options --input_var carQuantities maxCars blockSize optionsRequired n_cars n_classes n_options --example n_cars=200 n...,0,0,0,0,0,0,0,0,0,1,0,0,0,0,0,1,0,0,0,0,0,0,1,0,0,0,0]] 2>&1 | sed ""s/^/% /"" ; cat -u /app/model.mzn 2>/dev/null ; rm -f /app/model.mzn'
	in container ARNOLD_MPMMine-P002M001_92256:
	exit code: 255
	error: exec /usr/bin/bash: argument list too long
, Failed to run:
	bash -c 'python /app/code/run.py --var maxCars n_classes slot blockSize optionsRequired n_cars setup carQuantities n_options --input_var carQuantities maxCars blockSize optionsRequired n_cars n_classes n_options --example n_cars=200 n...,0,1,0,0,0,0,0,1,0,0,0,0,1,0,0,0,0,0,0,1,0,0,0,0,0,0,0]] 2>&1 | sed ""s/^/% /"" ; cat -u /app/model.mzn 2>/dev/null ; rm -f /app/model.mzn'
	in container ARNOLD_MPMMine-P002M001_92256:
	exit code: 255
	error: exec /usr/bin/bash: argument list too long
",0.0,0.0,,818472.2155078916,4.611976784757491,0.0,0.0,MPMMine-P002M001I040,ARNOLD/problems/P002/models/M001/instances/I040/100
ARNOLD,MPMMine-P002,MPMMine-P002M001,MPMMine-P002M001I041,2,2,0,5,1.0,0.0,200.0,0.0,1000,0.0,0.0,,0.9410000000000001,0.017902030952509588,Timeout while verifying an example,32.55898854976986,0.42377294638517554,1136789.1179499961,21386.979547294497,MPMMine-P002M001I041,ARNOLD/problems/P002/models/M001/instances/I041/2
ARNOLD,MPMMine-P002,MPMMine-P002M001,MPMMine-P002M001I041,10,10,0,5,1.0,0.0,200.0,0.0,1000,0.0,0.0,,0.9410000000000001,0.017902030952509588,Timeout while verifying an example,147.5791931833839,2.0777335533128407,1136764.5893383212,21424.822398433836,MPMMine-P002M001I041,ARNOLD/problems/P002/models/M001/instances/I041/10
ARNOLD,MPMMine-P002,MPMMine-P002M001,MPMMine-P002M001I041,30,30,0,5,1.0,0.0,200.0,0.0,1000,0.0,0.0,,0.9410000000000001,0.017902030952509588,Timeout while verifying an example,427.58361522499473,3.0212605866280318,1136806.5184767172,21346.186038511667,MPMMine-P002M001I041,ARNOLD/problems/P002/models/M001/instances/I041/30
ARNOLD,MPMMine-P002,MPMMine-P002M001,MPMMine-P002M001I041,50,50,0,5,,,200.0,0.0,1000,1.0,0.0,"Failed to run:
	bash -c 'python /app/code/run.py --var setup slot n_classes n_options n_cars maxCars blockSize carQuantities optionsRequired --input_var n_classes n_options n_cars maxCars blockSize carQuantities optionsRequired --example n_cars=200 n...,0,0,0,0,0,0,0,0,0,1,0,0,0,0,0,0,0,0,0,0,0,0,0,0,0,0,1]] 2>&1 | sed ""s/^/% /"" ; cat -u /app/model.mzn 2>/dev/null ; rm -f /app/model.mzn'
	in container ARNOLD_MPMMine-P002M001_92253:
	exit code: 255
	error: exec /usr/bin/bash: argument list too long
, Failed to run:
	bash -c 'python /app/code/run.py --var setup slot n_classes n_options n_cars maxCars blockSize carQuantities optionsRequired --input_var n_classes n_options n_cars maxCars blockSize carQuantities optionsRequired --example n_cars=200 n...,1,0,0,0,0,0,0,0,0,0,0,0,1,0,0,0,0,0,0,1,0,0,0,0,0,1,0]] 2>&1 | sed ""s/^/% /"" ; cat -u /app/model.mzn 2>/dev/null ; rm -f /app/model.mzn'
	in container ARNOLD_MPMMine-P002M001_92253:
	exit code: 255
	error: exec /usr/bin/bash: argument list too long
, Failed to run:
	bash -c 'python /app/code/run.py --var setup slot n_classes n_options n_cars maxCars blockSize carQuantities optionsRequired --input_var n_classes n_options n_cars maxCars blockSize carQuantities optionsRequired --example n_cars=200 n...,0,0,0,0,0,0,0,1,0,0,0,0,0,0,1,0,0,0,0,1,0,0,0,0,0,0,0]] 2>&1 | sed ""s/^/% /"" ; cat -u /app/model.mzn 2>/dev/null ; rm -f /app/model.mzn'
	in container ARNOLD_MPMMine-P002M001_92253:
	exit code: 255
	error: exec /usr/bin/bash: argument list too long
, Failed to run:
	bash -c 'python /app/code/run.py --var setup slot n_classes n_options n_cars maxCars blockSize carQuantities optionsRequired --input_var n_classes n_options n_cars maxCars blockSize carQuantities optionsRequired --example n_cars=200 n...,0,0,0,0,0,0,1,0,0,0,0,1,0,0,0,0,0,0,1,0,0,0,0,1,0,0,0]] 2>&1 | sed ""s/^/% /"" ; cat -u /app/model.mzn 2>/dev/null ; rm -f /app/model.mzn'
	in container ARNOLD_MPMMine-P002M001_92253:
	exit code: 255
	error: exec /usr/bin/bash: argument list too long
, Failed to run:
	bash -c 'python /app/code/run.py --var setup slot n_classes n_options n_cars maxCars blockSize carQuantities optionsRequired --input_var n_classes n_options n_cars maxCars blockSize carQuantities optionsRequired --example n_cars=200 n...,0,1,0,0,0,0,0,0,1,0,0,0,0,0,0,0,1,0,0,0,0,0,0,0,0,1,0]] 2>&1 | sed ""s/^/% /"" ; cat -u /app/model.mzn 2>/dev/null ; rm -f /app/model.mzn'
	in container ARNOLD_MPMMine-P002M001_92253:
	exit code: 255
	error: exec /usr/bin/bash: argument list too long
",0.0,0.0,,821431.9048162745,2.022678709975366,0.0,0.0,MPMMine-P002M001I041,ARNOLD/problems/P002/models/M001/instances/I041/50
ARNOLD,MPMMine-P002,MPMMine-P002M001,MPMMine-P002M001I041,75,75,0,5,,,200.0,0.0,1000,1.0,0.0,"Failed to run:
	bash -c 'python /app/code/run.py --var setup slot n_classes n_options n_cars maxCars blockSize carQuantities optionsRequired --input_var n_classes n_options n_cars maxCars blockSize carQuantities optionsRequired --example n_cars=200 n...,0,1,0,0,0,0,0,0,0,0,0,1,0,0,0,0,1,0,0,0,0,0,0,0,1,0,0]] 2>&1 | sed ""s/^/% /"" ; cat -u /app/model.mzn 2>/dev/null ; rm -f /app/model.mzn'
	in container ARNOLD_MPMMine-P002M001_92253:
	exit code: 255
	error: exec /usr/bin/bash: argument list too long
, Failed to run:
	bash -c 'python /app/code/run.py --var setup slot n_classes n_options n_cars maxCars blockSize carQuantities optionsRequired --input_var n_classes n_options n_cars maxCars blockSize carQuantities optionsRequired --example n_cars=200 n...,0,0,0,0,0,0,1,0,0,0,0,0,0,1,0,0,0,0,0,0,0,0,0,1,0,0,0]] 2>&1 | sed ""s/^/% /"" ; cat -u /app/model.mzn 2>/dev/null ; rm -f /app/model.mzn'
	in container ARNOLD_MPMMine-P002M001_92253:
	exit code: 255
	error: exec /usr/bin/bash: argument list too long
, Failed to run:
	bash -c 'python /app/code/run.py --var setup slot n_classes n_options n_cars maxCars blockSize carQuantities optionsRequired --input_var n_classes n_options n_cars maxCars blockSize carQuantities optionsRequired --example n_cars=200 n...,1,0,0,0,0,0,1,0,0,0,0,0,0,1,0,0,0,0,0,0,0,0,0,0,0,0,0]] 2>&1 | sed ""s/^/% /"" ; cat -u /app/model.mzn 2>/dev/null ; rm -f /app/model.mzn'
	in container ARNOLD_MPMMine-P002M001_92253:
	exit code: 255
	error: exec /usr/bin/bash: argument list too long
, Failed to run:
	bash -c 'python /app/code/run.py --var setup slot n_classes n_options n_cars maxCars blockSize carQuantities optionsRequired --input_var n_classes n_options n_cars maxCars blockSize carQuantities optionsRequired --example n_cars=200 n...,0,0,0,0,0,0,1,0,0,0,0,0,0,0,0,0,0,1,0,0,0,0,0,0,1,0,0]] 2>&1 | sed ""s/^/% /"" ; cat -u /app/model.mzn 2>/dev/null ; rm -f /app/model.mzn'
	in container ARNOLD_MPMMine-P002M001_92253:
	exit code: 255
	error: exec /usr/bin/bash: argument list too long
, Failed to run:
	bash -c 'python /app/code/run.py --var setup slot n_classes n_options n_cars maxCars blockSize carQuantities optionsRequired --input_var n_classes n_options n_cars maxCars blockSize carQuantities optionsRequired --example n_cars=200 n...,0,1,0,0,0,0,0,0,1,0,0,0,0,1,0,0,0,0,0,0,0,1,0,0,0,0,0]] 2>&1 | sed ""s/^/% /"" ; cat -u /app/model.mzn 2>/dev/null ; rm -f /app/model.mzn'
	in container ARNOLD_MPMMine-P002M001_92253:
	exit code: 255
	error: exec /usr/bin/bash: argument list too long
",0.0,0.0,,821441.104517683,3.2306719167059197,0.0,0.0,MPMMine-P002M001I041,ARNOLD/problems/P002/models/M001/instances/I041/75
ARNOLD,MPMMine-P002,MPMMine-P002M001,MPMMine-P002M001I041,100,100,0,5,,,200.0,0.0,1000,1.0,0.0,"Failed to run:
	bash -c 'python /app/code/run.py --var setup slot n_classes n_options n_cars maxCars blockSize carQuantities optionsRequired --input_var n_classes n_options n_cars maxCars blockSize carQuantities optionsRequired --example n_cars=200 n...,0,1,0,0,0,0,1,0,0,0,0,0,0,1,0,0,0,0,0,1,0,0,0,0,0,0,0]] 2>&1 | sed ""s/^/% /"" ; cat -u /app/model.mzn 2>/dev/null ; rm -f /app/model.mzn'
	in container ARNOLD_MPMMine-P002M001_92253:
	exit code: 255
	error: exec /usr/bin/bash: argument list too long
, Failed to run:
	bash -c 'python /app/code/run.py --var setup slot n_classes n_options n_cars maxCars blockSize carQuantities optionsRequired --input_var n_classes n_options n_cars maxCars blockSize carQuantities optionsRequired --example n_cars=200 n...,0,0,0,0,1,0,0,0,0,0,1,0,0,0,0,0,0,0,0,0,0,0,0,0,0,0,1]] 2>&1 | sed ""s/^/% /"" ; cat -u /app/model.mzn 2>/dev/null ; rm -f /app/model.mzn'
	in container ARNOLD_MPMMine-P002M001_92253:
	exit code: 255
	error: exec /usr/bin/bash: argument list too long
, Failed to run:
	bash -c 'python /app/code/run.py --var setup slot n_classes n_options n_cars maxCars blockSize carQuantities optionsRequired --input_var n_classes n_options n_cars maxCars blockSize carQuantities optionsRequired --example n_cars=200 n...,0,1,0,0,0,0,0,0,0,0,0,1,0,0,0,0,1,0,0,0,0,0,0,0,1,0,0]] 2>&1 | sed ""s/^/% /"" ; cat -u /app/model.mzn 2>/dev/null ; rm -f /app/model.mzn'
	in container ARNOLD_MPMMine-P002M001_92253:
	exit code: 255
	error: exec /usr/bin/bash: argument list too long
, Failed to run:
	bash -c 'python /app/code/run.py --var setup slot n_classes n_options n_cars maxCars blockSize carQuantities optionsRequired --input_var n_classes n_options n_cars maxCars blockSize carQuantities optionsRequired --example n_cars=200 n...,0,0,0,0,0,0,0,0,1,0,0,0,0,0,0,1,0,0,0,0,1,0,0,0,0,1,0]] 2>&1 | sed ""s/^/% /"" ; cat -u /app/model.mzn 2>/dev/null ; rm -f /app/model.mzn'
	in container ARNOLD_MPMMine-P002M001_92253:
	exit code: 255
	error: exec /usr/bin/bash: argument list too long
, Failed to run:
	bash -c 'python /app/code/run.py --var setup slot n_classes n_options n_cars maxCars blockSize carQuantities optionsRequired --input_var n_classes n_options n_cars maxCars blockSize carQuantities optionsRequired --example n_cars=200 n...,0,0,1,0,0,0,0,1,0,0,0,0,0,1,0,0,0,0,0,0,0,0,0,0,0,0,0]] 2>&1 | sed ""s/^/% /"" ; cat -u /app/model.mzn 2>/dev/null ; rm -f /app/model.mzn'
	in container ARNOLD_MPMMine-P002M001_92253:
	exit code: 255
	error: exec /usr/bin/bash: argument list too long
",0.0,0.0,,821453.4006147331,4.370065008748872,0.0,0.0,MPMMine-P002M001I041,ARNOLD/problems/P002/models/M001/instances/I041/100
ARNOLD,MPMMine-P002,MPMMine-P002M001,MPMMine-P002M001I042,2,2,0,5,1.0,0.0,200.0,0.0,1000,0.0,0.0,,0.9349999999999999,0.011495991452417927,Timeout while verifying an example,32.27985292479862,0.5188077435020046,1129583.7684950419,13753.801182310362,MPMMine-P002M001I042,ARNOLD/problems/P002/models/M001/instances/I042/2
ARNOLD,MPMMine-P002,MPMMine-P002M001,MPMMine-P002M001I042,10,10,0,5,1.0,0.0,200.0,0.0,1000,0.0,0.0,,0.9349999999999999,0.011495991452417927,Timeout while verifying an example,141.80057628322393,1.2183528089571267,1129519.5489282813,13776.467835107964,MPMMine-P002M001I042,ARNOLD/problems/P002/models/M001/instances/I042/10
ARNOLD,MPMMine-P002,MPMMine-P002M001,MPMMine-P002M001I042,30,30,0,5,1.0,0.0,200.0,0.0,1000,0.0,0.0,,0.9349999999999999,0.011495991452417927,Timeout while verifying an example,424.79298900840803,20.44229469036288,1129660.017218287,13805.741606081394,MPMMine-P002M001I042,ARNOLD/problems/P002/models/M001/instances/I042/30
ARNOLD,MPMMine-P002,MPMMine-P002M001,MPMMine-P002M001I042,50,50,0,5,,,200.0,0.0,1000,1.0,0.0,"Failed to run:
	bash -c 'python /app/code/run.py --var optionsRequired n_cars n_options blockSize carQuantities maxCars slot setup n_classes --input_var carQuantities n_classes maxCars optionsRequired n_cars n_options blockSize --example n_cars=200 n...,0,0,1,0,0,0,0,1,0,0,0,0,1,0,0,0,0,1,0,0,0,0,1,0,0,0,0]] 2>&1 | sed ""s/^/% /"" ; cat -u /app/model.mzn 2>/dev/null ; rm -f /app/model.mzn'
	in container ARNOLD_MPMMine-P002M001_92276:
	exit code: 255
	error: exec /usr/bin/bash: argument list too long
, Failed to run:
	bash -c 'python /app/code/run.py --var optionsRequired n_cars n_options blockSize carQuantities maxCars slot setup n_classes --input_var carQuantities n_classes maxCars optionsRequired n_cars n_options blockSize --example n_cars=200 n...,1,0,0,0,0,1,0,0,0,0,1,0,0,0,0,1,0,0,0,0,1,0,0,0,0,0,1]] 2>&1 | sed ""s/^/% /"" ; cat -u /app/model.mzn 2>/dev/null ; rm -f /app/model.mzn'
	in container ARNOLD_MPMMine-P002M001_92276:
	exit code: 255
	error: exec /usr/bin/bash: argument list too long
, Failed to run:
	bash -c 'python /app/code/run.py --var optionsRequired n_cars n_options blockSize carQuantities maxCars slot setup n_classes --input_var carQuantities n_classes maxCars optionsRequired n_cars n_options blockSize --example n_cars=200 n...,0,0,1,0,0,0,0,1,0,0,0,0,0,1,0,0,0,0,0,1,0,0,0,0,0,0,1]] 2>&1 | sed ""s/^/% /"" ; cat -u /app/model.mzn 2>/dev/null ; rm -f /app/model.mzn'
	in container ARNOLD_MPMMine-P002M001_92276:
	exit code: 255
	error: exec /usr/bin/bash: argument list too long
, Failed to run:
	bash -c 'python /app/code/run.py --var optionsRequired n_cars n_options blockSize carQuantities maxCars slot setup n_classes --input_var carQuantities n_classes maxCars optionsRequired n_cars n_options blockSize --example n_cars=200 n...,1,0,0,0,0,1,0,0,0,0,0,0,1,0,0,0,0,1,0,0,0,0,0,0,1,0,0]] 2>&1 | sed ""s/^/% /"" ; cat -u /app/model.mzn 2>/dev/null ; rm -f /app/model.mzn'
	in container ARNOLD_MPMMine-P002M001_92276:
	exit code: 255
	error: exec /usr/bin/bash: argument list too long
, Failed to run:
	bash -c 'python /app/code/run.py --var optionsRequired n_cars n_options blockSize carQuantities maxCars slot setup n_classes --input_var carQuantities n_classes maxCars optionsRequired n_cars n_options blockSize --example n_cars=200 n...,1,0,0,0,0,1,0,0,0,0,1,0,0,0,0,1,0,0,0,0,0,1,0,0,0,0,1]] 2>&1 | sed ""s/^/% /"" ; cat -u /app/model.mzn 2>/dev/null ; rm -f /app/model.mzn'
	in container ARNOLD_MPMMine-P002M001_92276:
	exit code: 255
	error: exec /usr/bin/bash: argument list too long
",0.0,0.0,,824457.832473258,2.0225389491622523,0.0,0.0,MPMMine-P002M001I042,ARNOLD/problems/P002/models/M001/instances/I042/50
ARNOLD,MPMMine-P002,MPMMine-P002M001,MPMMine-P002M001I042,75,75,0,5,,,200.0,0.0,1000,1.0,0.0,"Failed to run:
	bash -c 'python /app/code/run.py --var optionsRequired n_cars n_options blockSize carQuantities maxCars slot setup n_classes --input_var carQuantities n_classes maxCars optionsRequired n_cars n_options blockSize --example n_cars=200 n...,0,1,0,0,0,0,1,0,0,0,0,1,0,0,0,0,0,1,0,0,0,0,0,1,0,0,0]] 2>&1 | sed ""s/^/% /"" ; cat -u /app/model.mzn 2>/dev/null ; rm -f /app/model.mzn'
	in container ARNOLD_MPMMine-P002M001_92276:
	exit code: 255
	error: exec /usr/bin/bash: argument list too long
, Failed to run:
	bash -c 'python /app/code/run.py --var optionsRequired n_cars n_options blockSize carQuantities maxCars slot setup n_classes --input_var carQuantities n_classes maxCars optionsRequired n_cars n_options blockSize --example n_cars=200 n...,0,0,0,0,1,0,0,0,0,1,0,0,0,0,0,0,1,0,0,0,0,1,0,0,0,0,1]] 2>&1 | sed ""s/^/% /"" ; cat -u /app/model.mzn 2>/dev/null ; rm -f /app/model.mzn'
	in container ARNOLD_MPMMine-P002M001_92276:
	exit code: 255
	error: exec /usr/bin/bash: argument list too long
, Failed to run:
	bash -c 'python /app/code/run.py --var optionsRequired n_cars n_options blockSize carQuantities maxCars slot setup n_classes --input_var carQuantities n_classes maxCars optionsRequired n_cars n_options blockSize --example n_cars=200 n...,0,1,0,0,0,0,0,1,0,0,0,0,0,0,1,0,0,0,0,1,0,0,0,0,0,0,1]] 2>&1 | sed ""s/^/% /"" ; cat -u /app/model.mzn 2>/dev/null ; rm -f /app/model.mzn'
	in container ARNOLD_MPMMine-P002M001_92276:
	exit code: 255
	error: exec /usr/bin/bash: argument list too long
, Failed to run:
	bash -c 'python /app/code/run.py --var optionsRequired n_cars n_options blockSize carQuantities maxCars slot setup n_classes --input_var carQuantities n_classes maxCars optionsRequired n_cars n_options blockSize --example n_cars=200 n...,0,1,0,0,0,0,0,0,1,0,0,0,0,0,1,0,0,0,0,1,0,0,0,0,1,0,0]] 2>&1 | sed ""s/^/% /"" ; cat -u /app/model.mzn 2>/dev/null ; rm -f /app/model.mzn'
	in container ARNOLD_MPMMine-P002M001_92276:
	exit code: 255
	error: exec /usr/bin/bash: argument list too long
, Failed to run:
	bash -c 'python /app/code/run.py --var optionsRequired n_cars n_options blockSize carQuantities maxCars slot setup n_classes --input_var carQuantities n_classes maxCars optionsRequired n_cars n_options blockSize --example n_cars=200 n...,0,0,1,0,0,0,0,1,0,0,0,0,0,0,1,0,0,0,0,0,1,0,0,0,0,0,1]] 2>&1 | sed ""s/^/% /"" ; cat -u /app/model.mzn 2>/dev/null ; rm -f /app/model.mzn'
	in container ARNOLD_MPMMine-P002M001_92276:
	exit code: 255
	error: exec /usr/bin/bash: argument list too long
",0.0,0.0,,824467.0084962496,3.1839739428752685,0.0,0.0,MPMMine-P002M001I042,ARNOLD/problems/P002/models/M001/instances/I042/75
ARNOLD,MPMMine-P002,MPMMine-P002M001,MPMMine-P002M001I042,100,100,0,5,,,200.0,0.0,1000,1.0,0.0,"Failed to run:
	bash -c 'python /app/code/run.py --var optionsRequired n_cars n_options blockSize carQuantities maxCars slot setup n_classes --input_var carQuantities n_classes maxCars optionsRequired n_cars n_options blockSize --example n_cars=200 n...,1,0,0,0,0,1,0,0,0,0,1,0,0,0,0,1,0,0,0,0,1,0,0,0,0,1,0]] 2>&1 | sed ""s/^/% /"" ; cat -u /app/model.mzn 2>/dev/null ; rm -f /app/model.mzn'
	in container ARNOLD_MPMMine-P002M001_92276:
	exit code: 255
	error: exec /usr/bin/bash: argument list too long
, Failed to run:
	bash -c 'python /app/code/run.py --var optionsRequired n_cars n_options blockSize carQuantities maxCars slot setup n_classes --input_var carQuantities n_classes maxCars optionsRequired n_cars n_options blockSize --example n_cars=200 n...,0,0,0,1,0,0,0,0,1,0,0,0,0,0,1,0,0,0,0,0,0,1,0,0,0,0,1]] 2>&1 | sed ""s/^/% /"" ; cat -u /app/model.mzn 2>/dev/null ; rm -f /app/model.mzn'
	in container ARNOLD_MPMMine-P002M001_92276:
	exit code: 255
	error: exec /usr/bin/bash: argument list too long
, Failed to run:
	bash -c 'python /app/code/run.py --var optionsRequired n_cars n_options blockSize carQuantities maxCars slot setup n_classes --input_var carQuantities n_classes maxCars optionsRequired n_cars n_options blockSize --example n_cars=200 n...,0,0,0,0,0,1,0,0,0,0,1,0,0,0,0,0,1,0,0,0,0,1,0,0,0,0,1]] 2>&1 | sed ""s/^/% /"" ; cat -u /app/model.mzn 2>/dev/null ; rm -f /app/model.mzn'
	in container ARNOLD_MPMMine-P002M001_92276:
	exit code: 255
	error: exec /usr/bin/bash: argument list too long
, Failed to run:
	bash -c 'python /app/code/run.py --var optionsRequired n_cars n_options blockSize carQuantities maxCars slot setup n_classes --input_var carQuantities n_classes maxCars optionsRequired n_cars n_options blockSize --example n_cars=200 n...,0,0,0,0,0,0,1,0,0,0,0,1,0,0,0,0,1,0,0,0,0,1,0,0,0,0,1]] 2>&1 | sed ""s/^/% /"" ; cat -u /app/model.mzn 2>/dev/null ; rm -f /app/model.mzn'
	in container ARNOLD_MPMMine-P002M001_92276:
	exit code: 255
	error: exec /usr/bin/bash: argument list too long
, Failed to run:
	bash -c 'python /app/code/run.py --var optionsRequired n_cars n_options blockSize carQuantities maxCars slot setup n_classes --input_var carQuantities n_classes maxCars optionsRequired n_cars n_options blockSize --example n_cars=200 n...,0,0,1,0,0,0,0,0,1,0,0,0,0,1,0,0,0,0,0,0,1,0,0,0,0,1,0]] 2>&1 | sed ""s/^/% /"" ; cat -u /app/model.mzn 2>/dev/null ; rm -f /app/model.mzn'
	in container ARNOLD_MPMMine-P002M001_92276:
	exit code: 255
	error: exec /usr/bin/bash: argument list too long
",0.0,0.0,,824479.5853106745,4.689038694283344,0.0,0.0,MPMMine-P002M001I042,ARNOLD/problems/P002/models/M001/instances/I042/100
ARNOLD,MPMMine-P002,MPMMine-P002M001,MPMMine-P002M001I043,2,2,0,5,1.0,0.0,200.0,0.0,1000,0.0,0.0,,0.951,0.022038148437815628,Timeout while verifying an example,34.294901416730134,0.7471067132653556,1148854.5094499597,26385.578354781162,MPMMine-P002M001I043,ARNOLD/problems/P002/models/M001/instances/I043/2
ARNOLD,MPMMine-P002,MPMMine-P002M001,MPMMine-P002M001I043,10,10,0,5,1.0,0.0,200.0,0.0,1000,0.0,0.0,,0.951,0.022038148437815628,Timeout while verifying an example,154.8950133581646,0.8032683795034085,1148810.7610333618,26342.653419897364,MPMMine-P002M001I043,ARNOLD/problems/P002/models/M001/instances/I043/10
ARNOLD,MPMMine-P002,MPMMine-P002M001,MPMMine-P002M001I043,30,30,0,5,1.0,0.0,200.0,0.0,1000,0.0,0.0,,0.951,0.022038148437815628,Timeout while verifying an example,469.01064464156514,10.953403173389336,1148837.6994617237,26357.632718297384,MPMMine-P002M001I043,ARNOLD/problems/P002/models/M001/instances/I043/30
ARNOLD,MPMMine-P002,MPMMine-P002M001,MPMMine-P002M001I043,50,50,0,5,,,200.0,0.0,1000,1.0,0.0,"Failed to run:
	bash -c 'python /app/code/run.py --var setup n_cars slot n_classes n_options optionsRequired blockSize carQuantities maxCars --input_var n_classes optionsRequired blockSize n_cars carQuantities n_options maxCars --example n_cars=200 n...,0,0,0,0,0,0,0,0,0,0,0,0,0,0,1,0,0,0,0,1,0,0,0,0,0,1,0]] 2>&1 | sed ""s/^/% /"" ; cat -u /app/model.mzn 2>/dev/null ; rm -f /app/model.mzn'
	in container ARNOLD_MPMMine-P002M001_92275:
	exit code: 255
	error: exec /usr/bin/bash: argument list too long
, Failed to run:
	bash -c 'python /app/code/run.py --var setup n_cars slot n_classes n_options optionsRequired blockSize carQuantities maxCars --input_var n_classes optionsRequired blockSize n_cars carQuantities n_options maxCars --example n_cars=200 n...,1,0,0,0,0,0,1,0,0,0,0,0,0,0,0,0,0,1,0,0,0,0,0,0,0,0,1]] 2>&1 | sed ""s/^/% /"" ; cat -u /app/model.mzn 2>/dev/null ; rm -f /app/model.mzn'
	in container ARNOLD_MPMMine-P002M001_92275:
	exit code: 255
	error: exec /usr/bin/bash: argument list too long
, Failed to run:
	bash -c 'python /app/code/run.py --var setup n_cars slot n_classes n_options optionsRequired blockSize carQuantities maxCars --input_var n_classes optionsRequired blockSize n_cars carQuantities n_options maxCars --example n_cars=200 n...,0,1,0,0,0,0,1,0,0,0,0,0,0,0,1,0,0,0,0,1,0,0,0,0,0,1,0]] 2>&1 | sed ""s/^/% /"" ; cat -u /app/model.mzn 2>/dev/null ; rm -f /app/model.mzn'
	in container ARNOLD_MPMMine-P002M001_92275:
	exit code: 255
	error: exec /usr/bin/bash: argument list too long
, Failed to run:
	bash -c 'python /app/code/run.py --var setup n_cars slot n_classes n_options optionsRequired blockSize carQuantities maxCars --input_var n_classes optionsRequired blockSize n_cars carQuantities n_options maxCars --example n_cars=200 n...,0,0,0,0,1,0,0,0,0,0,1,0,0,0,0,0,0,1,0,0,0,0,0,0,1,0,0]] 2>&1 | sed ""s/^/% /"" ; cat -u /app/model.mzn 2>/dev/null ; rm -f /app/model.mzn'
	in container ARNOLD_MPMMine-P002M001_92275:
	exit code: 255
	error: exec /usr/bin/bash: argument list too long
, Failed to run:
	bash -c 'python /app/code/run.py --var setup n_cars slot n_classes n_options optionsRequired blockSize carQuantities maxCars --input_var n_classes optionsRequired blockSize n_cars carQuantities n_options maxCars --example n_cars=200 n...,0,0,0,1,0,0,0,0,0,0,0,0,0,0,0,1,0,0,0,0,1,0,0,0,0,0,1]] 2>&1 | sed ""s/^/% /"" ; cat -u /app/model.mzn 2>/dev/null ; rm -f /app/model.mzn'
	in container ARNOLD_MPMMine-P002M001_92275:
	exit code: 255
	error: exec /usr/bin/bash: argument list too long
",0.0,0.0,,827585.0445521248,2.0147964448036135,0.0,0.0,MPMMine-P002M001I043,ARNOLD/problems/P002/models/M001/instances/I043/50
ARNOLD,MPMMine-P002,MPMMine-P002M001,MPMMine-P002M001I043,75,75,0,5,,,200.0,0.0,1000,1.0,0.0,"Failed to run:
	bash -c 'python /app/code/run.py --var setup n_cars slot n_classes n_options optionsRequired blockSize carQuantities maxCars --input_var n_classes optionsRequired blockSize n_cars carQuantities n_options maxCars --example n_cars=200 n...,0,0,0,0,1,0,0,0,0,0,0,1,0,0,0,0,0,0,0,1,0,0,0,0,1,0,0]] 2>&1 | sed ""s/^/% /"" ; cat -u /app/model.mzn 2>/dev/null ; rm -f /app/model.mzn'
	in container ARNOLD_MPMMine-P002M001_92275:
	exit code: 255
	error: exec /usr/bin/bash: argument list too long
, Failed to run:
	bash -c 'python /app/code/run.py --var setup n_cars slot n_classes n_options optionsRequired blockSize carQuantities maxCars --input_var n_classes optionsRequired blockSize n_cars carQuantities n_options maxCars --example n_cars=200 n...,0,1,0,0,0,0,0,0,0,0,1,0,0,0,0,0,1,0,0,0,0,1,0,0,0,0,0]] 2>&1 | sed ""s/^/% /"" ; cat -u /app/model.mzn 2>/dev/null ; rm -f /app/model.mzn'
	in container ARNOLD_MPMMine-P002M001_92275:
	exit code: 255
	error: exec /usr/bin/bash: argument list too long
, Failed to run:
	bash -c 'python /app/code/run.py --var setup n_cars slot n_classes n_options optionsRequired blockSize carQuantities maxCars --input_var n_classes optionsRequired blockSize n_cars carQuantities n_options maxCars --example n_cars=200 n...,0,0,0,1,0,0,0,0,0,0,0,1,0,0,0,0,1,0,0,0,0,0,0,0,0,1,0]] 2>&1 | sed ""s/^/% /"" ; cat -u /app/model.mzn 2>/dev/null ; rm -f /app/model.mzn'
	in container ARNOLD_MPMMine-P002M001_92275:
	exit code: 255
	error: exec /usr/bin/bash: argument list too long
, Failed to run:
	bash -c 'python /app/code/run.py --var setup n_cars slot n_classes n_options optionsRequired blockSize carQuantities maxCars --input_var n_classes optionsRequired blockSize n_cars carQuantities n_options maxCars --example n_cars=200 n...,0,0,0,0,0,0,0,1,0,0,0,0,0,0,0,1,0,0,0,0,0,1,0,0,0,0,1]] 2>&1 | sed ""s/^/% /"" ; cat -u /app/model.mzn 2>/dev/null ; rm -f /app/model.mzn'
	in container ARNOLD_MPMMine-P002M001_92275:
	exit code: 255
	error: exec /usr/bin/bash: argument list too long
, Failed to run:
	bash -c 'python /app/code/run.py --var setup n_cars slot n_classes n_options optionsRequired blockSize carQuantities maxCars --input_var n_classes optionsRequired blockSize n_cars carQuantities n_options maxCars --example n_cars=200 n...,1,0,0,0,0,0,0,0,1,0,0,0,0,1,0,0,0,0,0,1,0,0,0,0,1,0,0]] 2>&1 | sed ""s/^/% /"" ; cat -u /app/model.mzn 2>/dev/null ; rm -f /app/model.mzn'
	in container ARNOLD_MPMMine-P002M001_92275:
	exit code: 255
	error: exec /usr/bin/bash: argument list too long
",0.0,0.0,,827594.1413213912,3.2067479552372595,0.0,0.0,MPMMine-P002M001I043,ARNOLD/problems/P002/models/M001/instances/I043/75
ARNOLD,MPMMine-P002,MPMMine-P002M001,MPMMine-P002M001I043,100,100,0,5,,,200.0,0.0,1000,1.0,0.0,"Failed to run:
	bash -c 'python /app/code/run.py --var setup n_cars slot n_classes n_options optionsRequired blockSize carQuantities maxCars --input_var n_classes optionsRequired blockSize n_cars carQuantities n_options maxCars --example n_cars=200 n...,0,0,0,1,0,0,0,0,0,0,1,0,0,0,0,0,0,1,0,0,0,0,0,0,0,0,1]] 2>&1 | sed ""s/^/% /"" ; cat -u /app/model.mzn 2>/dev/null ; rm -f /app/model.mzn'
	in container ARNOLD_MPMMine-P002M001_92275:
	exit code: 255
	error: exec /usr/bin/bash: argument list too long
, Failed to run:
	bash -c 'python /app/code/run.py --var setup n_cars slot n_classes n_options optionsRequired blockSize carQuantities maxCars --input_var n_classes optionsRequired blockSize n_cars carQuantities n_options maxCars --example n_cars=200 n...,1,0,0,0,0,1,0,0,0,0,0,1,0,0,0,0,0,1,0,0,0,0,0,0,0,1,0]] 2>&1 | sed ""s/^/% /"" ; cat -u /app/model.mzn 2>/dev/null ; rm -f /app/model.mzn'
	in container ARNOLD_MPMMine-P002M001_92275:
	exit code: 255
	error: exec /usr/bin/bash: argument list too long
, Failed to run:
	bash -c 'python /app/code/run.py --var setup n_cars slot n_classes n_options optionsRequired blockSize carQuantities maxCars --input_var n_classes optionsRequired blockSize n_cars carQuantities n_options maxCars --example n_cars=200 n...,0,0,0,0,0,0,0,1,0,0,0,0,0,1,0,0,0,0,0,1,0,0,0,0,0,0,1]] 2>&1 | sed ""s/^/% /"" ; cat -u /app/model.mzn 2>/dev/null ; rm -f /app/model.mzn'
	in container ARNOLD_MPMMine-P002M001_92275:
	exit code: 255
	error: exec /usr/bin/bash: argument list too long
, Failed to run:
	bash -c 'python /app/code/run.py --var setup n_cars slot n_classes n_options optionsRequired blockSize carQuantities maxCars --input_var n_classes optionsRequired blockSize n_cars carQuantities n_options maxCars --example n_cars=200 n...,0,0,0,0,0,0,1,0,0,0,0,0,0,0,1,0,0,0,0,0,0,1,0,0,0,0,1]] 2>&1 | sed ""s/^/% /"" ; cat -u /app/model.mzn 2>/dev/null ; rm -f /app/model.mzn'
	in container ARNOLD_MPMMine-P002M001_92275:
	exit code: 255
	error: exec /usr/bin/bash: argument list too long
, Failed to run:
	bash -c 'python /app/code/run.py --var setup n_cars slot n_classes n_options optionsRequired blockSize carQuantities maxCars --input_var n_classes optionsRequired blockSize n_cars carQuantities n_options maxCars --example n_cars=200 n...,0,0,0,0,0,0,0,1,0,0,0,0,1,0,0,0,0,0,1,0,0,0,0,1,0,0,0]] 2>&1 | sed ""s/^/% /"" ; cat -u /app/model.mzn 2>/dev/null ; rm -f /app/model.mzn'
	in container ARNOLD_MPMMine-P002M001_92275:
	exit code: 255
	error: exec /usr/bin/bash: argument list too long
",0.0,0.0,,827606.7698131913,4.531141260704972,0.0,0.0,MPMMine-P002M001I043,ARNOLD/problems/P002/models/M001/instances/I043/100
ARNOLD,MPMMine-P002,MPMMine-P002M001,MPMMine-P002M001I044,2,2,0,5,1.0,0.0,200.0,0.0,1000,0.0,0.0,,0.931,0.015950040830279344,Timeout while verifying an example,30.253234591614454,0.512451922851427,1124770.3277450055,19090.573581136352,MPMMine-P002M001I044,ARNOLD/problems/P002/models/M001/instances/I044/2
ARNOLD,MPMMine-P002,MPMMine-P002M001,MPMMine-P002M001I044,10,10,0,5,1.0,0.0,200.0,0.0,1000,0.0,0.0,,0.931,0.015950040830279344,Timeout while verifying an example,137.81753365038895,1.7194074388648455,1124795.5795883574,19100.465336160014,MPMMine-P002M001I044,ARNOLD/problems/P002/models/M001/instances/I044/10
ARNOLD,MPMMine-P002,MPMMine-P002M001,MPMMine-P002M001I044,30,30,0,5,1.0,0.0,200.0,0.0,1000,0.0,0.0,,0.931,0.015950040830279344,Timeout while verifying an example,396.51054731681944,5.73231669387611,1124756.980905002,19072.50800641391,MPMMine-P002M001I044,ARNOLD/problems/P002/models/M001/instances/I044/30
ARNOLD,MPMMine-P002,MPMMine-P002M001,MPMMine-P002M001I044,50,50,0,5,,,200.0,0.0,1000,1.0,0.0,"Failed to run:
	bash -c 'python /app/code/run.py --var optionsRequired maxCars n_cars carQuantities n_options slot blockSize setup n_classes --input_var optionsRequired maxCars n_cars carQuantities n_options blockSize n_classes --example n_cars=200 n...,0,0,0,0,1,0,0,0,0,1,0,0,0,0,1,0,0,0,0,0,1,0,0,0,0,0,1]] 2>&1 | sed ""s/^/% /"" ; cat -u /app/model.mzn 2>/dev/null ; rm -f /app/model.mzn'
	in container ARNOLD_MPMMine-P002M001_92274:
	exit code: 255
	error: exec /usr/bin/bash: argument list too long
, Failed to run:
	bash -c 'python /app/code/run.py --var optionsRequired maxCars n_cars carQuantities n_options slot blockSize setup n_classes --input_var optionsRequired maxCars n_cars carQuantities n_options blockSize n_classes --example n_cars=200 n...,0,0,0,0,1,0,0,0,0,1,0,0,0,0,0,1,0,0,0,0,1,0,0,0,0,1,0]] 2>&1 | sed ""s/^/% /"" ; cat -u /app/model.mzn 2>/dev/null ; rm -f /app/model.mzn'
	in container ARNOLD_MPMMine-P002M001_92274:
	exit code: 255
	error: exec /usr/bin/bash: argument list too long
, Failed to run:
	bash -c 'python /app/code/run.py --var optionsRequired maxCars n_cars carQuantities n_options slot blockSize setup n_classes --input_var optionsRequired maxCars n_cars carQuantities n_options blockSize n_classes --example n_cars=200 n...,0,0,0,1,0,0,0,0,0,0,1,0,0,0,0,1,0,0,0,0,1,0,0,0,0,1,0]] 2>&1 | sed ""s/^/% /"" ; cat -u /app/model.mzn 2>/dev/null ; rm -f /app/model.mzn'
	in container ARNOLD_MPMMine-P002M001_92274:
	exit code: 255
	error: exec /usr/bin/bash: argument list too long
, Failed to run:
	bash -c 'python /app/code/run.py --var optionsRequired maxCars n_cars carQuantities n_options slot blockSize setup n_classes --input_var optionsRequired maxCars n_cars carQuantities n_options blockSize n_classes --example n_cars=200 n...,0,0,1,0,0,0,0,1,0,0,0,0,1,0,0,0,0,0,1,0,0,0,0,1,0,0,0]] 2>&1 | sed ""s/^/% /"" ; cat -u /app/model.mzn 2>/dev/null ; rm -f /app/model.mzn'
	in container ARNOLD_MPMMine-P002M001_92274:
	exit code: 255
	error: exec /usr/bin/bash: argument list too long
, Failed to run:
	bash -c 'python /app/code/run.py --var optionsRequired maxCars n_cars carQuantities n_options slot blockSize setup n_classes --input_var optionsRequired maxCars n_cars carQuantities n_options blockSize n_classes --example n_cars=200 n...,0,0,0,1,0,0,0,0,0,1,0,0,0,0,0,1,0,0,0,0,1,0,0,0,0,1,0]] 2>&1 | sed ""s/^/% /"" ; cat -u /app/model.mzn 2>/dev/null ; rm -f /app/model.mzn'
	in container ARNOLD_MPMMine-P002M001_92274:
	exit code: 255
	error: exec /usr/bin/bash: argument list too long
",0.0,0.0,,831596.815086108,1.9481229477045097,0.0,0.0,MPMMine-P002M001I044,ARNOLD/problems/P002/models/M001/instances/I044/50
ARNOLD,MPMMine-P002,MPMMine-P002M001,MPMMine-P002M001I044,75,75,0,5,,,200.0,0.0,1000,1.0,0.0,"Failed to run:
	bash -c 'python /app/code/run.py --var optionsRequired maxCars n_cars carQuantities n_options slot blockSize setup n_classes --input_var optionsRequired maxCars n_cars carQuantities n_options blockSize n_classes --example n_cars=200 n...,1,0,0,0,0,1,0,0,0,0,1,0,0,0,0,1,0,0,0,0,1,0,0,0,0,1,0]] 2>&1 | sed ""s/^/% /"" ; cat -u /app/model.mzn 2>/dev/null ; rm -f /app/model.mzn'
	in container ARNOLD_MPMMine-P002M001_92274:
	exit code: 255
	error: exec /usr/bin/bash: argument list too long
, Failed to run:
	bash -c 'python /app/code/run.py --var optionsRequired maxCars n_cars carQuantities n_options slot blockSize setup n_classes --input_var optionsRequired maxCars n_cars carQuantities n_options blockSize n_classes --example n_cars=200 n...,0,0,0,0,0,1,0,0,0,0,1,0,0,0,0,0,1,0,0,0,0,1,0,0,0,0,1]] 2>&1 | sed ""s/^/% /"" ; cat -u /app/model.mzn 2>/dev/null ; rm -f /app/model.mzn'
	in container ARNOLD_MPMMine-P002M001_92274:
	exit code: 255
	error: exec /usr/bin/bash: argument list too long
, Failed to run:
	bash -c 'python /app/code/run.py --var optionsRequired maxCars n_cars carQuantities n_options slot blockSize setup n_classes --input_var optionsRequired maxCars n_cars carQuantities n_options blockSize n_classes --example n_cars=200 n...,0,0,1,0,0,0,0,0,0,1,0,0,0,0,1,0,0,0,0,0,1,0,0,0,0,0,1]] 2>&1 | sed ""s/^/% /"" ; cat -u /app/model.mzn 2>/dev/null ; rm -f /app/model.mzn'
	in container ARNOLD_MPMMine-P002M001_92274:
	exit code: 255
	error: exec /usr/bin/bash: argument list too long
",0.0,0.0,,831605.8131120164,3.2114160032566708,0.0,0.0,MPMMine-P002M001I044,ARNOLD/problems/P002/models/M001/instances/I044/75
ARNOLD,MPMMine-P002,MPMMine-P002M001,MPMMine-P002M001I044,100,100,0,5,,,200.0,0.0,1000,1.0,0.0,"Failed to run:
	bash -c 'python /app/code/run.py --var optionsRequired maxCars n_cars carQuantities n_options slot blockSize setup n_classes --input_var optionsRequired maxCars n_cars carQuantities n_options blockSize n_classes --example n_cars=200 n...,0,0,0,0,0,1,0,0,0,0,1,0,0,0,0,0,1,0,0,0,0,0,0,1,0,0,0]] 2>&1 | sed ""s/^/% /"" ; cat -u /app/model.mzn 2>/dev/null ; rm -f /app/model.mzn'
	in container ARNOLD_MPMMine-P002M001_92274:
	exit code: 255
	error: exec /usr/bin/bash: argument list too long
, Failed to run:
	bash -c 'python /app/code/run.py --var optionsRequired maxCars n_cars carQuantities n_options slot blockSize setup n_classes --input_var optionsRequired maxCars n_cars carQuantities n_options blockSize n_classes --example n_cars=200 n...,0,0,0,1,0,0,0,0,1,0,0,0,0,1,0,0,0,0,0,1,0,0,0,0,0,1,0]] 2>&1 | sed ""s/^/% /"" ; cat -u /app/model.mzn 2>/dev/null ; rm -f /app/model.mzn'
	in container ARNOLD_MPMMine-P002M001_92274:
	exit code: 255
	error: exec /usr/bin/bash: argument list too long
, Failed to run:
	bash -c 'python /app/code/run.py --var optionsRequired maxCars n_cars carQuantities n_options slot blockSize setup n_classes --input_var optionsRequired maxCars n_cars carQuantities n_options blockSize n_classes --example n_cars=200 n...,0,0,0,1,0,0,0,0,1,0,0,0,0,1,0,0,0,0,0,1,0,0,0,0,0,0,1]] 2>&1 | sed ""s/^/% /"" ; cat -u /app/model.mzn 2>/dev/null ; rm -f /app/model.mzn'
	in container ARNOLD_MPMMine-P002M001_92274:
	exit code: 255
	error: exec /usr/bin/bash: argument list too long
, Failed to run:
	bash -c 'python /app/code/run.py --var optionsRequired maxCars n_cars carQuantities n_options slot blockSize setup n_classes --input_var optionsRequired maxCars n_cars carQuantities n_options blockSize n_classes --example n_cars=200 n...,0,0,0,1,0,0,0,0,1,0,0,0,0,1,0,0,0,0,1,0,0,0,0,1,0,0,0]] 2>&1 | sed ""s/^/% /"" ; cat -u /app/model.mzn 2>/dev/null ; rm -f /app/model.mzn'
	in container ARNOLD_MPMMine-P002M001_92274:
	exit code: 255
	error: exec /usr/bin/bash: argument list too long
, Failed to run:
	bash -c 'python /app/code/run.py --var optionsRequired maxCars n_cars carQuantities n_options slot blockSize setup n_classes --input_var optionsRequired maxCars n_cars carQuantities n_options blockSize n_classes --example n_cars=200 n...,0,0,0,1,0,0,0,0,1,0,0,0,0,0,1,0,0,0,0,1,0,0,0,0,1,0,0]] 2>&1 | sed ""s/^/% /"" ; cat -u /app/model.mzn 2>/dev/null ; rm -f /app/model.mzn'
	in container ARNOLD_MPMMine-P002M001_92274:
	exit code: 255
	error: exec /usr/bin/bash: argument list too long
",0.0,0.0,,831618.247895483,4.405167151355665,0.0,0.0,MPMMine-P002M001I044,ARNOLD/problems/P002/models/M001/instances/I044/100
ARNOLD,MPMMine-P002,MPMMine-P002M001,MPMMine-P002M001I045,2,2,0,5,1.0,0.0,200.0,0.0,1000,0.0,0.0,,0.944,0.022409812895279914,Timeout while verifying an example,32.27607020002324,0.6695947518358548,1140329.5871266816,26752.620277550363,MPMMine-P002M001I045,ARNOLD/problems/P002/models/M001/instances/I045/2
ARNOLD,MPMMine-P002,MPMMine-P002M001,MPMMine-P002M001I045,10,10,0,5,1.0,0.0,200.0,0.0,1000,0.0,0.0,,0.944,0.022409812895279914,Timeout while verifying an example,143.05447053301614,2.543191650442479,1140357.1713250037,26804.344493087792,MPMMine-P002M001I045,ARNOLD/problems/P002/models/M001/instances/I045/10
ARNOLD,MPMMine-P002,MPMMine-P002M001,MPMMine-P002M001I045,30,30,0,5,1.0,0.0,200.0,0.0,1000,0.0,0.0,,0.944,0.022409812895279914,Timeout while verifying an example,406.2674231163692,30.95056506700104,1141230.53636997,28299.542209964264,MPMMine-P002M001I045,ARNOLD/problems/P002/models/M001/instances/I045/30
ARNOLD,MPMMine-P002,MPMMine-P002M001,MPMMine-P002M001I045,50,50,0,5,,,200.0,0.0,1000,1.0,0.0,"Failed to run:
	bash -c 'python /app/code/run.py --var optionsRequired slot n_classes carQuantities n_options blockSize maxCars setup n_cars --input_var n_options optionsRequired carQuantities maxCars n_classes n_cars blockSize --example n_cars=200 n...,0,0,0,0,0,0,1,0,0,0,0,1,0,0,0,0,1,0,0,0,0,1,0,0,0,0,0]] 2>&1 | sed ""s/^/% /"" ; cat -u /app/model.mzn 2>/dev/null ; rm -f /app/model.mzn'
	in container ARNOLD_MPMMine-P002M001_92255:
	exit code: 255
	error: exec /usr/bin/bash: argument list too long
, Failed to run:
	bash -c 'python /app/code/run.py --var optionsRequired slot n_classes carQuantities n_options blockSize maxCars setup n_cars --input_var n_options optionsRequired carQuantities maxCars n_classes n_cars blockSize --example n_cars=200 n...,0,0,0,0,1,0,0,0,0,1,0,0,0,0,0,0,0,0,0,1,0,0,0,0,1,0,0]] 2>&1 | sed ""s/^/% /"" ; cat -u /app/model.mzn 2>/dev/null ; rm -f /app/model.mzn'
	in container ARNOLD_MPMMine-P002M001_92255:
	exit code: 255
	error: exec /usr/bin/bash: argument list too long
, Failed to run:
	bash -c 'python /app/code/run.py --var optionsRequired slot n_classes carQuantities n_options blockSize maxCars setup n_cars --input_var n_options optionsRequired carQuantities maxCars n_classes n_cars blockSize --example n_cars=200 n...,0,0,0,0,0,0,0,0,0,1,0,0,0,0,0,0,0,1,0,0,0,0,0,0,0,1,0]] 2>&1 | sed ""s/^/% /"" ; cat -u /app/model.mzn 2>/dev/null ; rm -f /app/model.mzn'
	in container ARNOLD_MPMMine-P002M001_92255:
	exit code: 255
	error: exec /usr/bin/bash: argument list too long
, Failed to run:
	bash -c 'python /app/code/run.py --var optionsRequired slot n_classes carQuantities n_options blockSize maxCars setup n_cars --input_var n_options optionsRequired carQuantities maxCars n_classes n_cars blockSize --example n_cars=200 n...,0,0,0,0,0,0,1,0,0,0,0,1,0,0,0,0,1,0,0,0,0,1,0,0,0,0,1]] 2>&1 | sed ""s/^/% /"" ; cat -u /app/model.mzn 2>/dev/null ; rm -f /app/model.mzn'
	in container ARNOLD_MPMMine-P002M001_92255:
	exit code: 255
	error: exec /usr/bin/bash: argument list too long
, Failed to run:
	bash -c 'python /app/code/run.py --var optionsRequired slot n_classes carQuantities n_options blockSize maxCars setup n_cars --input_var n_options optionsRequired carQuantities maxCars n_classes n_cars blockSize --example n_cars=200 n...,0,0,0,0,0,0,0,0,0,1,0,0,0,0,1,0,0,0,0,1,0,0,0,0,0,1,0]] 2>&1 | sed ""s/^/% /"" ; cat -u /app/model.mzn 2>/dev/null ; rm -f /app/model.mzn'
	in container ARNOLD_MPMMine-P002M001_92255:
	exit code: 255
	error: exec /usr/bin/bash: argument list too long
",0.0,0.0,,846697.3584880162,2.0645796037973843,0.0,0.0,MPMMine-P002M001I045,ARNOLD/problems/P002/models/M001/instances/I045/50
ARNOLD,MPMMine-P002,MPMMine-P002M001,MPMMine-P002M001I045,75,75,0,5,,,200.0,0.0,1000,1.0,0.0,"Failed to run:
	bash -c 'python /app/code/run.py --var optionsRequired slot n_classes carQuantities n_options blockSize maxCars setup n_cars --input_var n_options optionsRequired carQuantities maxCars n_classes n_cars blockSize --example n_cars=200 n...,1,0,0,0,0,1,0,0,0,0,1,0,0,0,0,1,0,0,0,0,1,0,0,0,0,0,0]] 2>&1 | sed ""s/^/% /"" ; cat -u /app/model.mzn 2>/dev/null ; rm -f /app/model.mzn'
	in container ARNOLD_MPMMine-P002M001_92255:
	exit code: 255
	error: exec /usr/bin/bash: argument list too long
, Failed to run:
	bash -c 'python /app/code/run.py --var optionsRequired slot n_classes carQuantities n_options blockSize maxCars setup n_cars --input_var n_options optionsRequired carQuantities maxCars n_classes n_cars blockSize --example n_cars=200 n...,0,1,0,0,0,0,1,0,0,0,0,0,0,0,0,1,0,0,0,0,0,0,0,0,1,0,0]] 2>&1 | sed ""s/^/% /"" ; cat -u /app/model.mzn 2>/dev/null ; rm -f /app/model.mzn'
	in container ARNOLD_MPMMine-P002M001_92255:
	exit code: 255
	error: exec /usr/bin/bash: argument list too long
, Failed to run:
	bash -c 'python /app/code/run.py --var optionsRequired slot n_classes carQuantities n_options blockSize maxCars setup n_cars --input_var n_options optionsRequired carQuantities maxCars n_classes n_cars blockSize --example n_cars=200 n...,0,0,0,0,0,1,0,0,0,0,0,0,1,0,0,0,0,0,1,0,0,0,0,0,0,0,1]] 2>&1 | sed ""s/^/% /"" ; cat -u /app/model.mzn 2>/dev/null ; rm -f /app/model.mzn'
	in container ARNOLD_MPMMine-P002M001_92255:
	exit code: 255
	error: exec /usr/bin/bash: argument list too long
, Failed to run:
	bash -c 'python /app/code/run.py --var optionsRequired slot n_classes carQuantities n_options blockSize maxCars setup n_cars --input_var n_options optionsRequired carQuantities maxCars n_classes n_cars blockSize --example n_cars=200 n...,0,0,0,0,1,0,0,0,0,0,1,0,0,0,0,1,0,0,0,0,0,1,0,0,0,0,1]] 2>&1 | sed ""s/^/% /"" ; cat -u /app/model.mzn 2>/dev/null ; rm -f /app/model.mzn'
	in container ARNOLD_MPMMine-P002M001_92255:
	exit code: 255
	error: exec /usr/bin/bash: argument list too long
, Failed to run:
	bash -c 'python /app/code/run.py --var optionsRequired slot n_classes carQuantities n_options blockSize maxCars setup n_cars --input_var n_options optionsRequired carQuantities maxCars n_classes n_cars blockSize --example n_cars=200 n...,0,0,0,0,0,0,1,0,0,0,0,1,0,0,0,0,0,0,0,0,0,1,0,0,0,0,1]] 2>&1 | sed ""s/^/% /"" ; cat -u /app/model.mzn 2>/dev/null ; rm -f /app/model.mzn'
	in container ARNOLD_MPMMine-P002M001_92255:
	exit code: 255
	error: exec /usr/bin/bash: argument list too long
",0.0,0.0,,846706.9979207581,3.2774079652179995,0.0,0.0,MPMMine-P002M001I045,ARNOLD/problems/P002/models/M001/instances/I045/75
ARNOLD,MPMMine-P002,MPMMine-P002M001,MPMMine-P002M001I045,100,100,0,5,,,200.0,0.0,1000,1.0,0.0,"Failed to run:
	bash -c 'python /app/code/run.py --var optionsRequired slot n_classes carQuantities n_options blockSize maxCars setup n_cars --input_var n_options optionsRequired carQuantities maxCars n_classes n_cars blockSize --example n_cars=200 n...,0,0,0,0,0,0,0,0,1,0,0,0,0,1,0,0,0,0,1,0,0,0,0,0,1,0,0]] 2>&1 | sed ""s/^/% /"" ; cat -u /app/model.mzn 2>/dev/null ; rm -f /app/model.mzn'
	in container ARNOLD_MPMMine-P002M001_92255:
	exit code: 255
	error: exec /usr/bin/bash: argument list too long
, Failed to run:
	bash -c 'python /app/code/run.py --var optionsRequired slot n_classes carQuantities n_options blockSize maxCars setup n_cars --input_var n_options optionsRequired carQuantities maxCars n_classes n_cars blockSize --example n_cars=200 n...,1,0,0,0,0,1,0,0,0,0,0,1,0,0,0,0,0,0,1,0,0,0,0,0,0,0,1]] 2>&1 | sed ""s/^/% /"" ; cat -u /app/model.mzn 2>/dev/null ; rm -f /app/model.mzn'
	in container ARNOLD_MPMMine-P002M001_92255:
	exit code: 255
	error: exec /usr/bin/bash: argument list too long
, Failed to run:
	bash -c 'python /app/code/run.py --var optionsRequired slot n_classes carQuantities n_options blockSize maxCars setup n_cars --input_var n_options optionsRequired carQuantities maxCars n_classes n_cars blockSize --example n_cars=200 n...,0,0,0,1,0,0,0,0,0,1,0,0,0,0,0,0,1,0,0,0,0,1,0,0,0,0,0]] 2>&1 | sed ""s/^/% /"" ; cat -u /app/model.mzn 2>/dev/null ; rm -f /app/model.mzn'
	in container ARNOLD_MPMMine-P002M001_92255:
	exit code: 255
	error: exec /usr/bin/bash: argument list too long
, Failed to run:
	bash -c 'python /app/code/run.py --var optionsRequired slot n_classes carQuantities n_options blockSize maxCars setup n_cars --input_var n_options optionsRequired carQuantities maxCars n_classes n_cars blockSize --example n_cars=200 n...,0,0,0,0,0,0,0,1,0,0,0,0,0,0,1,0,0,0,0,1,0,0,0,0,0,1,0]] 2>&1 | sed ""s/^/% /"" ; cat -u /app/model.mzn 2>/dev/null ; rm -f /app/model.mzn'
	in container ARNOLD_MPMMine-P002M001_92255:
	exit code: 255
	error: exec /usr/bin/bash: argument list too long
, Failed to run:
	bash -c 'python /app/code/run.py --var optionsRequired slot n_classes carQuantities n_options blockSize maxCars setup n_cars --input_var n_options optionsRequired carQuantities maxCars n_classes n_cars blockSize --example n_cars=200 n...,0,1,0,0,0,0,1,0,0,0,0,1,0,0,0,0,0,1,0,0,0,0,0,0,1,0,0]] 2>&1 | sed ""s/^/% /"" ; cat -u /app/model.mzn 2>/dev/null ; rm -f /app/model.mzn'
	in container ARNOLD_MPMMine-P002M001_92255:
	exit code: 255
	error: exec /usr/bin/bash: argument list too long
",0.0,0.0,,846720.022801033,4.483239473569108,0.0,0.0,MPMMine-P002M001I045,ARNOLD/problems/P002/models/M001/instances/I045/100
ARNOLD,MPMMine-P002,MPMMine-P002M001,MPMMine-P002M001I046,2,2,0,5,1.0,0.0,200.0,0.0,1000,0.0,0.0,,0.954,0.012461357786454465,Timeout while verifying an example,32.20269304180984,2.988856760572974,1153514.566906644,14582.406268904511,MPMMine-P002M001I046,ARNOLD/problems/P002/models/M001/instances/I046/2
ARNOLD,MPMMine-P002,MPMMine-P002M001,MPMMine-P002M001I046,10,10,0,5,1.0,0.0,200.0,0.0,1000,0.0,0.0,,0.954,0.012461357786454465,Timeout while verifying an example,169.13641493320466,56.54995745935855,1153407.479903358,14487.913477929014,MPMMine-P002M001I046,ARNOLD/problems/P002/models/M001/instances/I046/10
ARNOLD,MPMMine-P002,MPMMine-P002M001,MPMMine-P002M001I046,30,30,0,5,1.0,0.0,200.0,0.0,1000,0.0,0.0,,0.954,0.012461357786454465,Timeout while verifying an example,421.636383799999,27.79548672644999,1153644.1059316834,14559.325162717083,MPMMine-P002M001I046,ARNOLD/problems/P002/models/M001/instances/I046/30
ARNOLD,MPMMine-P002,MPMMine-P002M001,MPMMine-P002M001I046,50,50,0,5,,,200.0,0.0,1000,1.0,0.0,"Failed to run:
	bash -c 'python /app/code/run.py --var setup slot n_classes n_options n_cars maxCars blockSize carQuantities optionsRequired --input_var n_classes n_options n_cars maxCars blockSize carQuantities optionsRequired --example n_cars=200 n...,0,0,0,0,0,0,1,0,0,0,0,0,1,0,0,0,0,0,1,0,0,0,0,0,0,1,0]] 2>&1 | sed ""s/^/% /"" ; cat -u /app/model.mzn 2>/dev/null ; rm -f /app/model.mzn'
	in container ARNOLD_MPMMine-P002M001_92253:
	exit code: 255
	error: exec /usr/bin/bash: argument list too long
, Failed to run:
	bash -c 'python /app/code/run.py --var setup slot n_classes n_options n_cars maxCars blockSize carQuantities optionsRequired --input_var n_classes n_options n_cars maxCars blockSize carQuantities optionsRequired --example n_cars=200 n...,0,0,0,0,1,0,0,0,0,0,0,0,0,0,0,1,0,0,0,0,1,0,0,0,0,1,0]] 2>&1 | sed ""s/^/% /"" ; cat -u /app/model.mzn 2>/dev/null ; rm -f /app/model.mzn'
	in container ARNOLD_MPMMine-P002M001_92253:
	exit code: 255
	error: exec /usr/bin/bash: argument list too long
, Failed to run:
	bash -c 'python /app/code/run.py --var setup slot n_classes n_options n_cars maxCars blockSize carQuantities optionsRequired --input_var n_classes n_options n_cars maxCars blockSize carQuantities optionsRequired --example n_cars=200 n...,0,1,0,0,0,0,0,1,0,0,0,0,1,0,0,0,0,0,0,0,1,0,0,0,0,1,0]] 2>&1 | sed ""s/^/% /"" ; cat -u /app/model.mzn 2>/dev/null ; rm -f /app/model.mzn'
	in container ARNOLD_MPMMine-P002M001_92253:
	exit code: 255
	error: exec /usr/bin/bash: argument list too long
, Failed to run:
	bash -c 'python /app/code/run.py --var setup slot n_classes n_options n_cars maxCars blockSize carQuantities optionsRequired --input_var n_classes n_options n_cars maxCars blockSize carQuantities optionsRequired --example n_cars=200 n...,0,0,0,0,0,0,1,0,0,0,0,0,0,0,0,0,0,0,1,0,0,0,0,0,0,1,0]] 2>&1 | sed ""s/^/% /"" ; cat -u /app/model.mzn 2>/dev/null ; rm -f /app/model.mzn'
	in container ARNOLD_MPMMine-P002M001_92253:
	exit code: 255
	error: exec /usr/bin/bash: argument list too long
, Failed to run:
	bash -c 'python /app/code/run.py --var setup slot n_classes n_options n_cars maxCars blockSize carQuantities optionsRequired --input_var n_classes n_options n_cars maxCars blockSize carQuantities optionsRequired --example n_cars=200 n...,0,0,0,1,0,0,0,0,0,0,1,0,0,0,0,1,0,0,0,0,1,0,0,0,0,0,1]] 2>&1 | sed ""s/^/% /"" ; cat -u /app/model.mzn 2>/dev/null ; rm -f /app/model.mzn'
	in container ARNOLD_MPMMine-P002M001_92253:
	exit code: 255
	error: exec /usr/bin/bash: argument list too long
",0.0,0.0,,849870.7108350579,1.9930831489782048,0.0,0.0,MPMMine-P002M001I046,ARNOLD/problems/P002/models/M001/instances/I046/50
ARNOLD,MPMMine-P002,MPMMine-P002M001,MPMMine-P002M001I046,75,75,0,5,,,200.0,0.0,1000,1.0,0.0,"Failed to run:
	bash -c 'python /app/code/run.py --var setup slot n_classes n_options n_cars maxCars blockSize carQuantities optionsRequired --input_var n_classes n_options n_cars maxCars blockSize carQuantities optionsRequired --example n_cars=200 n...,0,0,0,0,0,1,0,0,0,0,0,1,0,0,0,0,0,1,0,0,0,0,0,1,0,0,0]] 2>&1 | sed ""s/^/% /"" ; cat -u /app/model.mzn 2>/dev/null ; rm -f /app/model.mzn'
	in container ARNOLD_MPMMine-P002M001_92253:
	exit code: 255
	error: exec /usr/bin/bash: argument list too long
, Failed to run:
	bash -c 'python /app/code/run.py --var setup slot n_classes n_options n_cars maxCars blockSize carQuantities optionsRequired --input_var n_classes n_options n_cars maxCars blockSize carQuantities optionsRequired --example n_cars=200 n...,0,0,0,1,0,0,0,0,1,0,0,0,0,0,0,0,0,1,0,0,0,0,1,0,0,0,0]] 2>&1 | sed ""s/^/% /"" ; cat -u /app/model.mzn 2>/dev/null ; rm -f /app/model.mzn'
	in container ARNOLD_MPMMine-P002M001_92253:
	exit code: 255
	error: exec /usr/bin/bash: argument list too long
, Failed to run:
	bash -c 'python /app/code/run.py --var setup slot n_classes n_options n_cars maxCars blockSize carQuantities optionsRequired --input_var n_classes n_options n_cars maxCars blockSize carQuantities optionsRequired --example n_cars=200 n...,0,0,0,1,0,0,0,0,0,0,1,0,0,0,0,0,0,1,0,0,0,0,0,1,0,0,0]] 2>&1 | sed ""s/^/% /"" ; cat -u /app/model.mzn 2>/dev/null ; rm -f /app/model.mzn'
	in container ARNOLD_MPMMine-P002M001_92253:
	exit code: 255
	error: exec /usr/bin/bash: argument list too long
, Failed to run:
	bash -c 'python /app/code/run.py --var setup slot n_classes n_options n_cars maxCars blockSize carQuantities optionsRequired --input_var n_classes n_options n_cars maxCars blockSize carQuantities optionsRequired --example n_cars=200 n...,0,0,0,0,0,0,0,1,0,0,0,0,0,0,1,0,0,0,0,1,0,0,0,0,1,0,0]] 2>&1 | sed ""s/^/% /"" ; cat -u /app/model.mzn 2>/dev/null ; rm -f /app/model.mzn'
	in container ARNOLD_MPMMine-P002M001_92253:
	exit code: 255
	error: exec /usr/bin/bash: argument list too long
, Failed to run:
	bash -c 'python /app/code/run.py --var setup slot n_classes n_options n_cars maxCars blockSize carQuantities optionsRequired --input_var n_classes n_options n_cars maxCars blockSize carQuantities optionsRequired --example n_cars=200 n...,0,1,0,0,0,0,1,0,0,0,0,1,0,0,0,0,0,1,0,0,0,0,0,1,0,0,0]] 2>&1 | sed ""s/^/% /"" ; cat -u /app/model.mzn 2>/dev/null ; rm -f /app/model.mzn'
	in container ARNOLD_MPMMine-P002M001_92253:
	exit code: 255
	error: exec /usr/bin/bash: argument list too long
",0.0,0.0,,849879.7988524329,3.133919017908067,0.0,0.0,MPMMine-P002M001I046,ARNOLD/problems/P002/models/M001/instances/I046/75
ARNOLD,MPMMine-P002,MPMMine-P002M001,MPMMine-P002M001I046,100,100,0,5,,,200.0,0.0,1000,1.0,0.0,"Failed to run:
	bash -c 'python /app/code/run.py --var setup slot n_classes n_options n_cars maxCars blockSize carQuantities optionsRequired --input_var n_classes n_options n_cars maxCars blockSize carQuantities optionsRequired --example n_cars=200 n...,0,0,0,1,0,0,0,0,0,1,0,0,0,0,0,0,1,0,0,0,0,0,1,0,0,0,0]] 2>&1 | sed ""s/^/% /"" ; cat -u /app/model.mzn 2>/dev/null ; rm -f /app/model.mzn'
	in container ARNOLD_MPMMine-P002M001_92253:
	exit code: 255
	error: exec /usr/bin/bash: argument list too long
, Failed to run:
	bash -c 'python /app/code/run.py --var setup slot n_classes n_options n_cars maxCars blockSize carQuantities optionsRequired --input_var n_classes n_options n_cars maxCars blockSize carQuantities optionsRequired --example n_cars=200 n...,0,0,1,0,0,0,0,0,1,0,0,0,0,0,0,0,0,1,0,0,0,0,1,0,0,0,0]] 2>&1 | sed ""s/^/% /"" ; cat -u /app/model.mzn 2>/dev/null ; rm -f /app/model.mzn'
	in container ARNOLD_MPMMine-P002M001_92253:
	exit code: 255
	error: exec /usr/bin/bash: argument list too long
, Failed to run:
	bash -c 'python /app/code/run.py --var setup slot n_classes n_options n_cars maxCars blockSize carQuantities optionsRequired --input_var n_classes n_options n_cars maxCars blockSize carQuantities optionsRequired --example n_cars=200 n...,1,0,0,0,0,1,0,0,0,0,1,0,0,0,0,1,0,0,0,0,0,0,0,1,0,0,0]] 2>&1 | sed ""s/^/% /"" ; cat -u /app/model.mzn 2>/dev/null ; rm -f /app/model.mzn'
	in container ARNOLD_MPMMine-P002M001_92253:
	exit code: 255
	error: exec /usr/bin/bash: argument list too long
, Failed to run:
	bash -c 'python /app/code/run.py --var setup slot n_classes n_options n_cars maxCars blockSize carQuantities optionsRequired --input_var n_classes n_options n_cars maxCars blockSize carQuantities optionsRequired --example n_cars=200 n...,0,0,0,0,0,1,0,0,0,0,1,0,0,0,0,0,1,0,0,0,0,0,1,0,0,0,0]] 2>&1 | sed ""s/^/% /"" ; cat -u /app/model.mzn 2>/dev/null ; rm -f /app/model.mzn'
	in container ARNOLD_MPMMine-P002M001_92253:
	exit code: 255
	error: exec /usr/bin/bash: argument list too long
, Failed to run:
	bash -c 'python /app/code/run.py --var setup slot n_classes n_options n_cars maxCars blockSize carQuantities optionsRequired --input_var n_classes n_options n_cars maxCars blockSize carQuantities optionsRequired --example n_cars=200 n...,0,0,0,0,1,0,0,0,0,1,0,0,0,0,0,0,0,1,0,0,0,0,0,1,0,0,0]] 2>&1 | sed ""s/^/% /"" ; cat -u /app/model.mzn 2>/dev/null ; rm -f /app/model.mzn'
	in container ARNOLD_MPMMine-P002M001_92253:
	exit code: 255
	error: exec /usr/bin/bash: argument list too long
",0.0,0.0,,849892.1562447746,4.4842435069567514,0.0,0.0,MPMMine-P002M001I046,ARNOLD/problems/P002/models/M001/instances/I046/100
ARNOLD,MPMMine-P002,MPMMine-P002M001,MPMMine-P002M001I047,2,2,0,5,1.0,0.0,200.0,0.0,1000,0.0,0.0,,0.9390000000000001,0.01372315170616956,Timeout while verifying an example,31.755482317018323,1.8447641951764067,1135855.1300916448,13276.870192862434,MPMMine-P002M001I047,ARNOLD/problems/P002/models/M001/instances/I047/2
ARNOLD,MPMMine-P002,MPMMine-P002M001,MPMMine-P002M001I047,10,10,0,5,1.0,0.0,200.0,0.0,1000,0.0,0.0,,0.9390000000000001,0.01372315170616956,Timeout while verifying an example,142.47407398377544,10.038268518479853,1135600.0307699945,13688.001731182954,MPMMine-P002M001I047,ARNOLD/problems/P002/models/M001/instances/I047/10
ARNOLD,MPMMine-P002,MPMMine-P002M001,MPMMine-P002M001I047,30,30,0,5,1.0,0.0,200.0,0.0,1000,0.0,0.0,,0.9390000000000001,0.01372315170616956,Timeout while verifying an example,419.01634864981753,27.629758709247405,1135543.240351677,14017.226394020605,MPMMine-P002M001I047,ARNOLD/problems/P002/models/M001/instances/I047/30
ARNOLD,MPMMine-P002,MPMMine-P002M001,MPMMine-P002M001I047,50,50,0,5,,,200.0,0.0,1000,1.0,0.0,"Failed to run:
	bash -c 'python /app/code/run.py --var carQuantities optionsRequired n_classes blockSize maxCars n_cars setup slot n_options --input_var carQuantities optionsRequired n_classes n_options blockSize maxCars n_cars --example n_cars=200 n...,0,0,0,0,0,0,1,0,0,0,0,1,0,0,0,0,1,0,0,0,0,1,0,0,0,0,1]] 2>&1 | sed ""s/^/% /"" ; cat -u /app/model.mzn 2>/dev/null ; rm -f /app/model.mzn'
	in container ARNOLD_MPMMine-P002M001_92269:
	exit code: 255
	error: exec /usr/bin/bash: argument list too long
, Failed to run:
	bash -c 'python /app/code/run.py --var carQuantities optionsRequired n_classes blockSize maxCars n_cars setup slot n_options --input_var carQuantities optionsRequired n_classes n_options blockSize maxCars n_cars --example n_cars=200 n...,0,0,1,0,0,0,0,0,1,0,0,0,0,0,1,0,0,0,0,0,0,1,0,0,0,0,1]] 2>&1 | sed ""s/^/% /"" ; cat -u /app/model.mzn 2>/dev/null ; rm -f /app/model.mzn'
	in container ARNOLD_MPMMine-P002M001_92269:
	exit code: 255
	error: exec /usr/bin/bash: argument list too long
, Failed to run:
	bash -c 'python /app/code/run.py --var carQuantities optionsRequired n_classes blockSize maxCars n_cars setup slot n_options --input_var carQuantities optionsRequired n_classes n_options blockSize maxCars n_cars --example n_cars=200 n...,0,0,0,0,0,1,0,0,0,0,0,0,0,1,0,0,0,0,1,0,0,0,0,0,0,0,1]] 2>&1 | sed ""s/^/% /"" ; cat -u /app/model.mzn 2>/dev/null ; rm -f /app/model.mzn'
	in container ARNOLD_MPMMine-P002M001_92269:
	exit code: 255
	error: exec /usr/bin/bash: argument list too long
, Failed to run:
	bash -c 'python /app/code/run.py --var carQuantities optionsRequired n_classes blockSize maxCars n_cars setup slot n_options --input_var carQuantities optionsRequired n_classes n_options blockSize maxCars n_cars --example n_cars=200 n...,0,0,0,1,0,0,0,0,0,0,1,0,0,0,0,0,1,0,0,0,0,1,0,0,0,0,1]] 2>&1 | sed ""s/^/% /"" ; cat -u /app/model.mzn 2>/dev/null ; rm -f /app/model.mzn'
	in container ARNOLD_MPMMine-P002M001_92269:
	exit code: 255
	error: exec /usr/bin/bash: argument list too long
, Failed to run:
	bash -c 'python /app/code/run.py --var carQuantities optionsRequired n_classes blockSize maxCars n_cars setup slot n_options --input_var carQuantities optionsRequired n_classes n_options blockSize maxCars n_cars --example n_cars=200 n...,1,0,0,0,0,1,0,0,0,0,1,0,0,0,0,0,1,0,0,0,0,0,0,0,0,1,0]] 2>&1 | sed ""s/^/% /"" ; cat -u /app/model.mzn 2>/dev/null ; rm -f /app/model.mzn'
	in container ARNOLD_MPMMine-P002M001_92269:
	exit code: 255
	error: exec /usr/bin/bash: argument list too long
",0.0,0.0,,852367.0768593412,1.899518151589918,0.0,0.0,MPMMine-P002M001I047,ARNOLD/problems/P002/models/M001/instances/I047/50
ARNOLD,MPMMine-P002,MPMMine-P002M001,MPMMine-P002M001I047,75,75,0,5,,,200.0,0.0,1000,1.0,0.0,"Failed to run:
	bash -c 'python /app/code/run.py --var carQuantities optionsRequired n_classes blockSize maxCars n_cars setup slot n_options --input_var carQuantities optionsRequired n_classes n_options blockSize maxCars n_cars --example n_cars=200 n...,1,0,0,0,0,1,0,0,0,0,0,1,0,0,0,0,0,1,0,0,0,0,0,1,0,0,0]] 2>&1 | sed ""s/^/% /"" ; cat -u /app/model.mzn 2>/dev/null ; rm -f /app/model.mzn'
	in container ARNOLD_MPMMine-P002M001_92269:
	exit code: 255
	error: exec /usr/bin/bash: argument list too long
, Failed to run:
	bash -c 'python /app/code/run.py --var carQuantities optionsRequired n_classes blockSize maxCars n_cars setup slot n_options --input_var carQuantities optionsRequired n_classes n_options blockSize maxCars n_cars --example n_cars=200 n...,0,0,0,0,0,1,0,0,0,0,0,1,0,0,0,0,0,0,0,1,0,0,0,0,0,1,0]] 2>&1 | sed ""s/^/% /"" ; cat -u /app/model.mzn 2>/dev/null ; rm -f /app/model.mzn'
	in container ARNOLD_MPMMine-P002M001_92269:
	exit code: 255
	error: exec /usr/bin/bash: argument list too long
, Failed to run:
	bash -c 'python /app/code/run.py --var carQuantities optionsRequired n_classes blockSize maxCars n_cars setup slot n_options --input_var carQuantities optionsRequired n_classes n_options blockSize maxCars n_cars --example n_cars=200 n...,0,0,0,1,0,0,0,0,0,0,0,1,0,0,0,0,0,1,0,0,0,0,0,0,1,0,0]] 2>&1 | sed ""s/^/% /"" ; cat -u /app/model.mzn 2>/dev/null ; rm -f /app/model.mzn'
	in container ARNOLD_MPMMine-P002M001_92269:
	exit code: 255
	error: exec /usr/bin/bash: argument list too long
, Failed to run:
	bash -c 'python /app/code/run.py --var carQuantities optionsRequired n_classes blockSize maxCars n_cars setup slot n_options --input_var carQuantities optionsRequired n_classes n_options blockSize maxCars n_cars --example n_cars=200 n...,0,0,1,0,0,0,0,1,0,0,0,0,0,1,0,0,0,0,1,0,0,0,0,1,0,0,0]] 2>&1 | sed ""s/^/% /"" ; cat -u /app/model.mzn 2>/dev/null ; rm -f /app/model.mzn'
	in container ARNOLD_MPMMine-P002M001_92269:
	exit code: 255
	error: exec /usr/bin/bash: argument list too long
, Failed to run:
	bash -c 'python /app/code/run.py --var carQuantities optionsRequired n_classes blockSize maxCars n_cars setup slot n_options --input_var carQuantities optionsRequired n_classes n_options blockSize maxCars n_cars --example n_cars=200 n...,0,0,0,0,0,0,0,1,0,0,0,0,0,1,0,0,0,0,0,1,0,0,0,0,1,0,0]] 2>&1 | sed ""s/^/% /"" ; cat -u /app/model.mzn 2>/dev/null ; rm -f /app/model.mzn'
	in container ARNOLD_MPMMine-P002M001_92269:
	exit code: 255
	error: exec /usr/bin/bash: argument list too long
",0.0,0.0,,852376.0448538412,3.210731782077239,0.0,0.0,MPMMine-P002M001I047,ARNOLD/problems/P002/models/M001/instances/I047/75
ARNOLD,MPMMine-P002,MPMMine-P002M001,MPMMine-P002M001I047,100,100,0,5,,,200.0,0.0,1000,1.0,0.0,"Failed to run:
	bash -c 'python /app/code/run.py --var carQuantities optionsRequired n_classes blockSize maxCars n_cars setup slot n_options --input_var carQuantities optionsRequired n_classes n_options blockSize maxCars n_cars --example n_cars=200 n...,0,0,0,0,1,0,0,0,0,1,0,0,0,0,0,0,1,0,0,0,0,1,0,0,0,0,0]] 2>&1 | sed ""s/^/% /"" ; cat -u /app/model.mzn 2>/dev/null ; rm -f /app/model.mzn'
	in container ARNOLD_MPMMine-P002M001_92269:
	exit code: 255
	error: exec /usr/bin/bash: argument list too long
, Failed to run:
	bash -c 'python /app/code/run.py --var carQuantities optionsRequired n_classes blockSize maxCars n_cars setup slot n_options --input_var carQuantities optionsRequired n_classes n_options blockSize maxCars n_cars --example n_cars=200 n...,0,0,1,0,0,0,0,1,0,0,0,0,1,0,0,0,0,1,0,0,0,0,0,1,0,0,0]] 2>&1 | sed ""s/^/% /"" ; cat -u /app/model.mzn 2>/dev/null ; rm -f /app/model.mzn'
	in container ARNOLD_MPMMine-P002M001_92269:
	exit code: 255
	error: exec /usr/bin/bash: argument list too long
, Failed to run:
	bash -c 'python /app/code/run.py --var carQuantities optionsRequired n_classes blockSize maxCars n_cars setup slot n_options --input_var carQuantities optionsRequired n_classes n_options blockSize maxCars n_cars --example n_cars=200 n...,0,0,0,1,0,0,0,0,0,1,0,0,0,0,1,0,0,0,0,1,0,0,0,0,0,1,0]] 2>&1 | sed ""s/^/% /"" ; cat -u /app/model.mzn 2>/dev/null ; rm -f /app/model.mzn'
	in container ARNOLD_MPMMine-P002M001_92269:
	exit code: 255
	error: exec /usr/bin/bash: argument list too long
, Failed to run:
	bash -c 'python /app/code/run.py --var carQuantities optionsRequired n_classes blockSize maxCars n_cars setup slot n_options --input_var carQuantities optionsRequired n_classes n_options blockSize maxCars n_cars --example n_cars=200 n...,0,0,0,1,0,0,0,0,1,0,0,0,0,0,0,0,1,0,0,0,0,0,0,0,0,0,1]] 2>&1 | sed ""s/^/% /"" ; cat -u /app/model.mzn 2>/dev/null ; rm -f /app/model.mzn'
	in container ARNOLD_MPMMine-P002M001_92269:
	exit code: 255
	error: exec /usr/bin/bash: argument list too long
, Failed to run:
	bash -c 'python /app/code/run.py --var carQuantities optionsRequired n_classes blockSize maxCars n_cars setup slot n_options --input_var carQuantities optionsRequired n_classes n_options blockSize maxCars n_cars --example n_cars=200 n...,0,0,0,0,0,0,1,0,0,0,0,0,1,0,0,0,0,0,1,0,0,0,0,0,0,0,1]] 2>&1 | sed ""s/^/% /"" ; cat -u /app/model.mzn 2>/dev/null ; rm -f /app/model.mzn'
	in container ARNOLD_MPMMine-P002M001_92269:
	exit code: 255
	error: exec /usr/bin/bash: argument list too long
",0.0,0.0,,852388.1936201829,4.31429839318175,0.0,0.0,MPMMine-P002M001I047,ARNOLD/problems/P002/models/M001/instances/I047/100
ARNOLD,MPMMine-P002,MPMMine-P002M001,MPMMine-P002M001I048,2,2,0,5,1.0,0.0,200.0,0.0,1000,0.0,0.0,,0.9559999999999998,0.011056490537847552,Timeout while verifying an example,29.713936791801824,1.8195113316554452,1155786.5993433679,14023.748923755424,MPMMine-P002M001I048,ARNOLD/problems/P002/models/M001/instances/I048/2
ARNOLD,MPMMine-P002,MPMMine-P002M001,MPMMine-P002M001I048,10,10,0,5,1.0,0.0,200.0,0.0,1000,0.0,0.0,,0.9559999999999998,0.011056490537847552,Timeout while verifying an example,157.3679523000028,52.98015483568513,1155774.4772566296,13436.24943751542,MPMMine-P002M001I048,ARNOLD/problems/P002/models/M001/instances/I048/10
ARNOLD,MPMMine-P002,MPMMine-P002M001,MPMMine-P002M001I048,30,30,0,5,1.0,0.0,200.0,0.0,1000,0.0,0.0,,0.9559999999999998,0.011056490537847552,Timeout while verifying an example,388.5239214750007,19.93615424494372,1155984.1814716766,13428.661487110252,MPMMine-P002M001I048,ARNOLD/problems/P002/models/M001/instances/I048/30
ARNOLD,MPMMine-P002,MPMMine-P002M001,MPMMine-P002M001I048,50,50,0,5,,,200.0,0.0,1000,1.0,0.0,"Failed to run:
	bash -c 'python /app/code/run.py --var setup n_cars slot n_classes n_options optionsRequired blockSize carQuantities maxCars --input_var n_classes optionsRequired blockSize n_cars carQuantities n_options maxCars --example n_cars=200 n...,0,1,0,0,0,0,0,0,0,1,0,0,0,0,0,1,0,0,0,0,0,0,0,0,1,0,0]] 2>&1 | sed ""s/^/% /"" ; cat -u /app/model.mzn 2>/dev/null ; rm -f /app/model.mzn'
	in container ARNOLD_MPMMine-P002M001_92275:
	exit code: 255
	error: exec /usr/bin/bash: argument list too long
, Failed to run:
	bash -c 'python /app/code/run.py --var setup n_cars slot n_classes n_options optionsRequired blockSize carQuantities maxCars --input_var n_classes optionsRequired blockSize n_cars carQuantities n_options maxCars --example n_cars=200 n...,0,0,1,0,0,0,0,1,0,0,0,0,1,0,0,0,0,1,0,0,0,0,1,0,0,0,0]] 2>&1 | sed ""s/^/% /"" ; cat -u /app/model.mzn 2>/dev/null ; rm -f /app/model.mzn'
	in container ARNOLD_MPMMine-P002M001_92275:
	exit code: 255
	error: exec /usr/bin/bash: argument list too long
, Failed to run:
	bash -c 'python /app/code/run.py --var setup n_cars slot n_classes n_options optionsRequired blockSize carQuantities maxCars --input_var n_classes optionsRequired blockSize n_cars carQuantities n_options maxCars --example n_cars=200 n...,0,1,0,0,0,0,0,1,0,0,0,0,1,0,0,0,0,0,0,0,1,0,0,0,0,0,1]] 2>&1 | sed ""s/^/% /"" ; cat -u /app/model.mzn 2>/dev/null ; rm -f /app/model.mzn'
	in container ARNOLD_MPMMine-P002M001_92275:
	exit code: 255
	error: exec /usr/bin/bash: argument list too long
, Failed to run:
	bash -c 'python /app/code/run.py --var setup n_cars slot n_classes n_options optionsRequired blockSize carQuantities maxCars --input_var n_classes optionsRequired blockSize n_cars carQuantities n_options maxCars --example n_cars=200 n...,0,0,0,0,1,0,0,0,0,0,1,0,0,0,0,1,0,0,0,0,0,0,1,0,0,0,0]] 2>&1 | sed ""s/^/% /"" ; cat -u /app/model.mzn 2>/dev/null ; rm -f /app/model.mzn'
	in container ARNOLD_MPMMine-P002M001_92275:
	exit code: 255
	error: exec /usr/bin/bash: argument list too long
, Failed to run:
	bash -c 'python /app/code/run.py --var setup n_cars slot n_classes n_options optionsRequired blockSize carQuantities maxCars --input_var n_classes optionsRequired blockSize n_cars carQuantities n_options maxCars --example n_cars=200 n...,0,1,0,0,0,0,0,0,1,0,0,0,0,0,1,0,0,0,0,1,0,0,0,0,0,0,1]] 2>&1 | sed ""s/^/% /"" ; cat -u /app/model.mzn 2>/dev/null ; rm -f /app/model.mzn'
	in container ARNOLD_MPMMine-P002M001_92275:
	exit code: 255
	error: exec /usr/bin/bash: argument list too long
",0.0,0.0,,855894.3458150662,2.0906408009645823,0.0,0.0,MPMMine-P002M001I048,ARNOLD/problems/P002/models/M001/instances/I048/50
ARNOLD,MPMMine-P002,MPMMine-P002M001,MPMMine-P002M001I048,75,75,0,5,,,200.0,0.0,1000,1.0,0.0,"Failed to run:
	bash -c 'python /app/code/run.py --var setup n_cars slot n_classes n_options optionsRequired blockSize carQuantities maxCars --input_var n_classes optionsRequired blockSize n_cars carQuantities n_options maxCars --example n_cars=200 n...,0,0,0,0,1,0,0,0,0,1,0,0,0,0,1,0,0,0,0,1,0,0,0,0,0,1,0]] 2>&1 | sed ""s/^/% /"" ; cat -u /app/model.mzn 2>/dev/null ; rm -f /app/model.mzn'
	in container ARNOLD_MPMMine-P002M001_92275:
	exit code: 255
	error: exec /usr/bin/bash: argument list too long
, Failed to run:
	bash -c 'python /app/code/run.py --var setup n_cars slot n_classes n_options optionsRequired blockSize carQuantities maxCars --input_var n_classes optionsRequired blockSize n_cars carQuantities n_options maxCars --example n_cars=200 n...,0,0,0,0,0,1,0,0,0,0,1,0,0,0,0,0,1,0,0,0,0,0,1,0,0,0,0]] 2>&1 | sed ""s/^/% /"" ; cat -u /app/model.mzn 2>/dev/null ; rm -f /app/model.mzn'
	in container ARNOLD_MPMMine-P002M001_92275:
	exit code: 255
	error: exec /usr/bin/bash: argument list too long
, Failed to run:
	bash -c 'python /app/code/run.py --var setup n_cars slot n_classes n_options optionsRequired blockSize carQuantities maxCars --input_var n_classes optionsRequired blockSize n_cars carQuantities n_options maxCars --example n_cars=200 n...,0,0,0,0,1,0,0,0,0,0,0,1,0,0,0,0,1,0,0,0,0,1,0,0,0,0,1]] 2>&1 | sed ""s/^/% /"" ; cat -u /app/model.mzn 2>/dev/null ; rm -f /app/model.mzn'
	in container ARNOLD_MPMMine-P002M001_92275:
	exit code: 255
	error: exec /usr/bin/bash: argument list too long
, Failed to run:
	bash -c 'python /app/code/run.py --var setup n_cars slot n_classes n_options optionsRequired blockSize carQuantities maxCars --input_var n_classes optionsRequired blockSize n_cars carQuantities n_options maxCars --example n_cars=200 n...,0,0,0,1,0,0,0,0,1,0,0,0,0,1,0,0,0,0,1,0,0,0,0,0,0,1,0]] 2>&1 | sed ""s/^/% /"" ; cat -u /app/model.mzn 2>/dev/null ; rm -f /app/model.mzn'
	in container ARNOLD_MPMMine-P002M001_92275:
	exit code: 255
	error: exec /usr/bin/bash: argument list too long
, Failed to run:
	bash -c 'python /app/code/run.py --var setup n_cars slot n_classes n_options optionsRequired blockSize carQuantities maxCars --input_var n_classes optionsRequired blockSize n_cars carQuantities n_options maxCars --example n_cars=200 n...,0,0,0,1,0,0,0,0,0,0,1,0,0,0,0,1,0,0,0,0,0,0,0,0,1,0,0]] 2>&1 | sed ""s/^/% /"" ; cat -u /app/model.mzn 2>/dev/null ; rm -f /app/model.mzn'
	in container ARNOLD_MPMMine-P002M001_92275:
	exit code: 255
	error: exec /usr/bin/bash: argument list too long
",0.0,0.0,,855903.9431195746,3.3296998742461996,0.0,0.0,MPMMine-P002M001I048,ARNOLD/problems/P002/models/M001/instances/I048/75
ARNOLD,MPMMine-P002,MPMMine-P002M001,MPMMine-P002M001I048,100,100,0,5,,,200.0,0.0,1000,1.0,0.0,"Failed to run:
	bash -c 'python /app/code/run.py --var setup n_cars slot n_classes n_options optionsRequired blockSize carQuantities maxCars --input_var n_classes optionsRequired blockSize n_cars carQuantities n_options maxCars --example n_cars=200 n...,0,1,0,0,0,0,1,0,0,0,0,0,0,0,0,1,0,0,0,0,1,0,0,0,0,0,1]] 2>&1 | sed ""s/^/% /"" ; cat -u /app/model.mzn 2>/dev/null ; rm -f /app/model.mzn'
	in container ARNOLD_MPMMine-P002M001_92275:
	exit code: 255
	error: exec /usr/bin/bash: argument list too long
, Failed to run:
	bash -c 'python /app/code/run.py --var setup n_cars slot n_classes n_options optionsRequired blockSize carQuantities maxCars --input_var n_classes optionsRequired blockSize n_cars carQuantities n_options maxCars --example n_cars=200 n...,0,0,0,0,0,1,0,0,0,0,0,1,0,0,0,0,0,0,1,0,0,0,0,0,1,0,0]] 2>&1 | sed ""s/^/% /"" ; cat -u /app/model.mzn 2>/dev/null ; rm -f /app/model.mzn'
	in container ARNOLD_MPMMine-P002M001_92275:
	exit code: 255
	error: exec /usr/bin/bash: argument list too long
, Failed to run:
	bash -c 'python /app/code/run.py --var setup n_cars slot n_classes n_options optionsRequired blockSize carQuantities maxCars --input_var n_classes optionsRequired blockSize n_cars carQuantities n_options maxCars --example n_cars=200 n...,0,1,0,0,0,0,0,0,0,0,1,0,0,0,0,0,0,0,0,0,1,0,0,0,0,0,1]] 2>&1 | sed ""s/^/% /"" ; cat -u /app/model.mzn 2>/dev/null ; rm -f /app/model.mzn'
	in container ARNOLD_MPMMine-P002M001_92275:
	exit code: 255
	error: exec /usr/bin/bash: argument list too long
, Failed to run:
	bash -c 'python /app/code/run.py --var setup n_cars slot n_classes n_options optionsRequired blockSize carQuantities maxCars --input_var n_classes optionsRequired blockSize n_cars carQuantities n_options maxCars --example n_cars=200 n...,0,0,0,0,1,0,0,0,0,0,0,1,0,0,0,0,1,0,0,0,0,1,0,0,0,0,1]] 2>&1 | sed ""s/^/% /"" ; cat -u /app/model.mzn 2>/dev/null ; rm -f /app/model.mzn'
	in container ARNOLD_MPMMine-P002M001_92275:
	exit code: 255
	error: exec /usr/bin/bash: argument list too long
, Failed to run:
	bash -c 'python /app/code/run.py --var setup n_cars slot n_classes n_options optionsRequired blockSize carQuantities maxCars --input_var n_classes optionsRequired blockSize n_cars carQuantities n_options maxCars --example n_cars=200 n...,0,0,0,1,0,0,0,0,0,0,0,1,0,0,0,0,1,0,0,0,0,1,0,0,0,0,1]] 2>&1 | sed ""s/^/% /"" ; cat -u /app/model.mzn 2>/dev/null ; rm -f /app/model.mzn'
	in container ARNOLD_MPMMine-P002M001_92275:
	exit code: 255
	error: exec /usr/bin/bash: argument list too long
",0.0,0.0,,855917.0316144995,4.614488227419314,0.0,0.0,MPMMine-P002M001I048,ARNOLD/problems/P002/models/M001/instances/I048/100
ARNOLD,MPMMine-P002,MPMMine-P002M001,MPMMine-P002M001I049,2,2,0,5,1.0,0.0,200.0,0.0,1000,0.0,0.0,,0.9369999999999999,0.010441752777484454,Timeout while verifying an example,31.534166900231504,1.8923300080323093,1133146.5681116423,13349.421940019203,MPMMine-P002M001I049,ARNOLD/problems/P002/models/M001/instances/I049/2
ARNOLD,MPMMine-P002,MPMMine-P002M001,MPMMine-P002M001I049,10,10,0,5,1.0,0.0,200.0,0.0,1000,0.0,0.0,,0.9369999999999999,0.010441752777484454,Timeout while verifying an example,144.1682037417777,8.94286541395421,1133231.560894996,13361.928760948074,MPMMine-P002M001I049,ARNOLD/problems/P002/models/M001/instances/I049/10
ARNOLD,MPMMine-P002,MPMMine-P002M001,MPMMine-P002M001I049,30,30,0,5,1.0,0.0,200.0,0.0,1000,0.0,0.0,,0.9369999999999999,0.010441752777484454,Timeout while verifying an example,489.76701181677635,120.06381663481878,1132932.0201866748,12999.781064124989,MPMMine-P002M001I049,ARNOLD/problems/P002/models/M001/instances/I049/30
ARNOLD,MPMMine-P002,MPMMine-P002M001,MPMMine-P002M001I049,50,50,0,5,,,200.0,0.0,1000,1.0,0.0,"Failed to run:
	bash -c 'python /app/code/run.py --var optionsRequired carQuantities n_cars maxCars n_classes slot setup blockSize n_options --input_var optionsRequired carQuantities n_cars maxCars blockSize n_options n_classes --example n_cars=200 n...,0,0,0,0,0,0,1,0,0,0,0,0,0,1,0,0,0,0,0,0,1,0,0,0,0,0,1]] 2>&1 | sed ""s/^/% /"" ; cat -u /app/model.mzn 2>/dev/null ; rm -f /app/model.mzn'
	in container ARNOLD_MPMMine-P002M001_92279:
	exit code: 255
	error: exec /usr/bin/bash: argument list too long
, Failed to run:
	bash -c 'python /app/code/run.py --var optionsRequired carQuantities n_cars maxCars n_classes slot setup blockSize n_options --input_var optionsRequired carQuantities n_cars maxCars blockSize n_options n_classes --example n_cars=200 n...,0,0,0,0,1,0,0,0,0,0,0,0,0,1,0,0,0,0,1,0,0,0,0,0,0,1,0]] 2>&1 | sed ""s/^/% /"" ; cat -u /app/model.mzn 2>/dev/null ; rm -f /app/model.mzn'
	in container ARNOLD_MPMMine-P002M001_92279:
	exit code: 255
	error: exec /usr/bin/bash: argument list too long
, Failed to run:
	bash -c 'python /app/code/run.py --var optionsRequired carQuantities n_cars maxCars n_classes slot setup blockSize n_options --input_var optionsRequired carQuantities n_cars maxCars blockSize n_options n_classes --example n_cars=200 n...,0,1,0,0,0,0,0,1,0,0,0,0,0,1,0,0,0,0,0,1,0,0,0,0,0,0,1]] 2>&1 | sed ""s/^/% /"" ; cat -u /app/model.mzn 2>/dev/null ; rm -f /app/model.mzn'
	in container ARNOLD_MPMMine-P002M001_92279:
	exit code: 255
	error: exec /usr/bin/bash: argument list too long
, Failed to run:
	bash -c 'python /app/code/run.py --var optionsRequired carQuantities n_cars maxCars n_classes slot setup blockSize n_options --input_var optionsRequired carQuantities n_cars maxCars blockSize n_options n_classes --example n_cars=200 n...,0,0,0,1,0,0,0,0,0,0,0,0,0,1,0,0,0,0,1,0,0,0,0,0,1,0,0]] 2>&1 | sed ""s/^/% /"" ; cat -u /app/model.mzn 2>/dev/null ; rm -f /app/model.mzn'
	in container ARNOLD_MPMMine-P002M001_92279:
	exit code: 255
	error: exec /usr/bin/bash: argument list too long
, Failed to run:
	bash -c 'python /app/code/run.py --var optionsRequired carQuantities n_cars maxCars n_classes slot setup blockSize n_options --input_var optionsRequired carQuantities n_cars maxCars blockSize n_options n_classes --example n_cars=200 n...,0,0,0,0,0,0,0,0,1,0,0,0,0,1,0,0,0,0,0,0,1,0,0,0,0,0,1]] 2>&1 | sed ""s/^/% /"" ; cat -u /app/model.mzn 2>/dev/null ; rm -f /app/model.mzn'
	in container ARNOLD_MPMMine-P002M001_92279:
	exit code: 255
	error: exec /usr/bin/bash: argument list too long
",0.0,0.0,,859871.8876749331,1.9596276815812357,0.0,0.0,MPMMine-P002M001I049,ARNOLD/problems/P002/models/M001/instances/I049/50
ARNOLD,MPMMine-P002,MPMMine-P002M001,MPMMine-P002M001I049,75,75,0,5,,,200.0,0.0,1000,1.0,0.0,"Failed to run:
	bash -c 'python /app/code/run.py --var optionsRequired carQuantities n_cars maxCars n_classes slot setup blockSize n_options --input_var optionsRequired carQuantities n_cars maxCars blockSize n_options n_classes --example n_cars=200 n...,0,1,0,0,0,0,1,0,0,0,0,0,0,0,0,1,0,0,0,0,1,0,0,0,0,0,0]] 2>&1 | sed ""s/^/% /"" ; cat -u /app/model.mzn 2>/dev/null ; rm -f /app/model.mzn'
	in container ARNOLD_MPMMine-P002M001_92279:
	exit code: 255
	error: exec /usr/bin/bash: argument list too long
, Failed to run:
	bash -c 'python /app/code/run.py --var optionsRequired carQuantities n_cars maxCars n_classes slot setup blockSize n_options --input_var optionsRequired carQuantities n_cars maxCars blockSize n_options n_classes --example n_cars=200 n...,0,0,0,0,1,0,0,0,0,0,0,1,0,0,0,0,0,1,0,0,0,0,0,1,0,0,0]] 2>&1 | sed ""s/^/% /"" ; cat -u /app/model.mzn 2>/dev/null ; rm -f /app/model.mzn'
	in container ARNOLD_MPMMine-P002M001_92279:
	exit code: 255
	error: exec /usr/bin/bash: argument list too long
, Failed to run:
	bash -c 'python /app/code/run.py --var optionsRequired carQuantities n_cars maxCars n_classes slot setup blockSize n_options --input_var optionsRequired carQuantities n_cars maxCars blockSize n_options n_classes --example n_cars=200 n...,1,0,0,0,0,0,0,0,0,1,0,0,0,0,1,0,0,0,0,0,0,0,1,0,0,0,0]] 2>&1 | sed ""s/^/% /"" ; cat -u /app/model.mzn 2>/dev/null ; rm -f /app/model.mzn'
	in container ARNOLD_MPMMine-P002M001_92279:
	exit code: 255
	error: exec /usr/bin/bash: argument list too long
, Failed to run:
	bash -c 'python /app/code/run.py --var optionsRequired carQuantities n_cars maxCars n_classes slot setup blockSize n_options --input_var optionsRequired carQuantities n_cars maxCars blockSize n_options n_classes --example n_cars=200 n...,0,0,0,0,1,0,0,0,0,0,0,0,1,0,0,0,0,0,0,1,0,0,0,0,1,0,0]] 2>&1 | sed ""s/^/% /"" ; cat -u /app/model.mzn 2>/dev/null ; rm -f /app/model.mzn'
	in container ARNOLD_MPMMine-P002M001_92279:
	exit code: 255
	error: exec /usr/bin/bash: argument list too long
, Failed to run:
	bash -c 'python /app/code/run.py --var optionsRequired carQuantities n_cars maxCars n_classes slot setup blockSize n_options --input_var optionsRequired carQuantities n_cars maxCars blockSize n_options n_classes --example n_cars=200 n...,0,0,0,0,0,0,1,0,0,0,0,0,1,0,0,0,0,0,0,1,0,0,0,0,0,0,1]] 2>&1 | sed ""s/^/% /"" ; cat -u /app/model.mzn 2>/dev/null ; rm -f /app/model.mzn'
	in container ARNOLD_MPMMine-P002M001_92279:
	exit code: 255
	error: exec /usr/bin/bash: argument list too long
",0.0,0.0,,859880.865564658,3.092200373016527,0.0,0.0,MPMMine-P002M001I049,ARNOLD/problems/P002/models/M001/instances/I049/75
ARNOLD,MPMMine-P002,MPMMine-P002M001,MPMMine-P002M001I049,100,100,0,5,,,200.0,0.0,1000,1.0,0.0,"Failed to run:
	bash -c 'python /app/code/run.py --var optionsRequired carQuantities n_cars maxCars n_classes slot setup blockSize n_options --input_var optionsRequired carQuantities n_cars maxCars blockSize n_options n_classes --example n_cars=200 n...,0,1,0,0,0,0,1,0,0,0,0,0,0,0,1,0,0,0,0,0,0,0,0,0,1,0,0]] 2>&1 | sed ""s/^/% /"" ; cat -u /app/model.mzn 2>/dev/null ; rm -f /app/model.mzn'
	in container ARNOLD_MPMMine-P002M001_92279:
	exit code: 255
	error: exec /usr/bin/bash: argument list too long
, Failed to run:
	bash -c 'python /app/code/run.py --var optionsRequired carQuantities n_cars maxCars n_classes slot setup blockSize n_options --input_var optionsRequired carQuantities n_cars maxCars blockSize n_options n_classes --example n_cars=200 n...,1,0,0,0,0,0,0,0,0,1,0,0,0,0,1,0,0,0,0,0,1,0,0,0,0,0,1]] 2>&1 | sed ""s/^/% /"" ; cat -u /app/model.mzn 2>/dev/null ; rm -f /app/model.mzn'
	in container ARNOLD_MPMMine-P002M001_92279:
	exit code: 255
	error: exec /usr/bin/bash: argument list too long
, Failed to run:
	bash -c 'python /app/code/run.py --var optionsRequired carQuantities n_cars maxCars n_classes slot setup blockSize n_options --input_var optionsRequired carQuantities n_cars maxCars blockSize n_options n_classes --example n_cars=200 n...,0,0,0,0,0,0,0,0,1,0,0,0,0,0,0,1,0,0,0,0,1,0,0,0,0,0,0]] 2>&1 | sed ""s/^/% /"" ; cat -u /app/model.mzn 2>/dev/null ; rm -f /app/model.mzn'
	in container ARNOLD_MPMMine-P002M001_92279:
	exit code: 255
	error: exec /usr/bin/bash: argument list too long
, Failed to run:
	bash -c 'python /app/code/run.py --var optionsRequired carQuantities n_cars maxCars n_classes slot setup blockSize n_options --input_var optionsRequired carQuantities n_cars maxCars blockSize n_options n_classes --example n_cars=200 n...,0,0,1,0,0,0,0,0,1,0,0,0,0,1,0,0,0,0,0,0,0,0,0,0,1,0,0]] 2>&1 | sed ""s/^/% /"" ; cat -u /app/model.mzn 2>/dev/null ; rm -f /app/model.mzn'
	in container ARNOLD_MPMMine-P002M001_92279:
	exit code: 255
	error: exec /usr/bin/bash: argument list too long
, Failed to run:
	bash -c 'python /app/code/run.py --var optionsRequired carQuantities n_cars maxCars n_classes slot setup blockSize n_options --input_var optionsRequired carQuantities n_cars maxCars blockSize n_options n_classes --example n_cars=200 n...,0,0,0,0,1,0,0,0,0,0,1,0,0,0,0,1,0,0,0,0,0,1,0,0,0,0,1]] 2>&1 | sed ""s/^/% /"" ; cat -u /app/model.mzn 2>/dev/null ; rm -f /app/model.mzn'
	in container ARNOLD_MPMMine-P002M001_92279:
	exit code: 255
	error: exec /usr/bin/bash: argument list too long
",0.0,0.0,,859893.1856317582,4.5495969137445895,0.0,0.0,MPMMine-P002M001I049,ARNOLD/problems/P002/models/M001/instances/I049/100
ARNOLD,MPMMine-P002,MPMMine-P002M001,MPMMine-P002M001I050,2,2,0,5,1.0,0.0,200.0,0.0,1000,0.0,0.0,,0.9560000000000001,0.023135236520726802,Timeout while verifying an example,37.21810510000214,13.22184472287719,1155968.2808350027,27870.717392859864,MPMMine-P002M001I050,ARNOLD/problems/P002/models/M001/instances/I050/2
ARNOLD,MPMMine-P002,MPMMine-P002M001,MPMMine-P002M001I050,10,10,0,5,1.0,0.0,200.0,0.0,1000,0.0,0.0,,0.9560000000000001,0.023135236520726802,Timeout while verifying an example,158.30588805843144,29.786499007779824,1155922.0661384007,27718.806452220793,MPMMine-P002M001I050,ARNOLD/problems/P002/models/M001/instances/I050/10
ARNOLD,MPMMine-P002,MPMMine-P002M001,MPMMine-P002M001I050,30,30,0,5,1.0,0.0,200.0,0.0,1000,0.0,0.0,,0.9560000000000001,0.023135236520726802,Timeout while verifying an example,431.0724103748333,33.06089498513111,1156072.3685616767,27743.335723625976,MPMMine-P002M001I050,ARNOLD/problems/P002/models/M001/instances/I050/30
ARNOLD,MPMMine-P002,MPMMine-P002M001,MPMMine-P002M001I050,50,50,0,5,,,200.0,0.0,1000,1.0,0.0,"Failed to run:
	bash -c 'python /app/code/run.py --var carQuantities setup blockSize optionsRequired n_options n_classes slot maxCars n_cars --input_var n_classes carQuantities blockSize maxCars optionsRequired n_cars n_options --example n_cars=200 n...,0,0,0,0,1,0,0,0,0,0,0,1,0,0,0,0,1,0,0,0,0,0,0,0,0,1,0]] 2>&1 | sed ""s/^/% /"" ; cat -u /app/model.mzn 2>/dev/null ; rm -f /app/model.mzn'
	in container ARNOLD_MPMMine-P002M001_92257:
	exit code: 255
	error: exec /usr/bin/bash: argument list too long
, Failed to run:
	bash -c 'python /app/code/run.py --var carQuantities setup blockSize optionsRequired n_options n_classes slot maxCars n_cars --input_var n_classes carQuantities blockSize maxCars optionsRequired n_cars n_options --example n_cars=200 n...,0,1,0,0,0,0,1,0,0,0,0,0,0,1,0,0,0,0,0,0,0,0,0,1,0,0,0]] 2>&1 | sed ""s/^/% /"" ; cat -u /app/model.mzn 2>/dev/null ; rm -f /app/model.mzn'
	in container ARNOLD_MPMMine-P002M001_92257:
	exit code: 255
	error: exec /usr/bin/bash: argument list too long
, Failed to run:
	bash -c 'python /app/code/run.py --var carQuantities setup blockSize optionsRequired n_options n_classes slot maxCars n_cars --input_var n_classes carQuantities blockSize maxCars optionsRequired n_cars n_options --example n_cars=200 n...,0,0,0,0,0,0,1,0,0,0,0,1,0,0,0,0,0,0,0,0,1,0,0,0,0,0,1]] 2>&1 | sed ""s/^/% /"" ; cat -u /app/model.mzn 2>/dev/null ; rm -f /app/model.mzn'
	in container ARNOLD_MPMMine-P002M001_92257:
	exit code: 255
	error: exec /usr/bin/bash: argument list too long
, Failed to run:
	bash -c 'python /app/code/run.py --var carQuantities setup blockSize optionsRequired n_options n_classes slot maxCars n_cars --input_var n_classes carQuantities blockSize maxCars optionsRequired n_cars n_options --example n_cars=200 n...,0,1,0,0,0,0,1,0,0,0,0,0,0,1,0,0,0,0,0,0,1,0,0,0,0,0,0]] 2>&1 | sed ""s/^/% /"" ; cat -u /app/model.mzn 2>/dev/null ; rm -f /app/model.mzn'
	in container ARNOLD_MPMMine-P002M001_92257:
	exit code: 255
	error: exec /usr/bin/bash: argument list too long
, Failed to run:
	bash -c 'python /app/code/run.py --var carQuantities setup blockSize optionsRequired n_options n_classes slot maxCars n_cars --input_var n_classes carQuantities blockSize maxCars optionsRequired n_cars n_options --example n_cars=200 n...,0,1,0,0,0,0,0,1,0,0,0,0,1,0,0,0,0,1,0,0,0,0,1,0,0,0,0]] 2>&1 | sed ""s/^/% /"" ; cat -u /app/model.mzn 2>/dev/null ; rm -f /app/model.mzn'
	in container ARNOLD_MPMMine-P002M001_92257:
	exit code: 255
	error: exec /usr/bin/bash: argument list too long
",0.0,0.0,,874824.059005733,2.0619633050149018,0.0,0.0,MPMMine-P002M001I050,ARNOLD/problems/P002/models/M001/instances/I050/50
ARNOLD,MPMMine-P002,MPMMine-P002M001,MPMMine-P002M001I050,75,75,0,5,,,200.0,0.0,1000,1.0,0.0,"Failed to run:
	bash -c 'python /app/code/run.py --var carQuantities setup blockSize optionsRequired n_options n_classes slot maxCars n_cars --input_var n_classes carQuantities blockSize maxCars optionsRequired n_cars n_options --example n_cars=200 n...,0,0,0,1,0,0,0,0,0,1,0,0,0,0,0,1,0,0,0,0,0,0,0,0,1,0,0]] 2>&1 | sed ""s/^/% /"" ; cat -u /app/model.mzn 2>/dev/null ; rm -f /app/model.mzn'
	in container ARNOLD_MPMMine-P002M001_92257:
	exit code: 255
	error: exec /usr/bin/bash: argument list too long
, Failed to run:
	bash -c 'python /app/code/run.py --var carQuantities setup blockSize optionsRequired n_options n_classes slot maxCars n_cars --input_var n_classes carQuantities blockSize maxCars optionsRequired n_cars n_options --example n_cars=200 n...,0,0,0,0,0,1,0,0,0,0,1,0,0,0,0,0,0,0,1,0,0,0,0,0,1,0,0]] 2>&1 | sed ""s/^/% /"" ; cat -u /app/model.mzn 2>/dev/null ; rm -f /app/model.mzn'
	in container ARNOLD_MPMMine-P002M001_92257:
	exit code: 255
	error: exec /usr/bin/bash: argument list too long
, Failed to run:
	bash -c 'python /app/code/run.py --var carQuantities setup blockSize optionsRequired n_options n_classes slot maxCars n_cars --input_var n_classes carQuantities blockSize maxCars optionsRequired n_cars n_options --example n_cars=200 n...,0,0,0,0,1,0,0,0,0,1,0,0,0,0,0,0,1,0,0,0,0,1,0,0,0,0,1]] 2>&1 | sed ""s/^/% /"" ; cat -u /app/model.mzn 2>/dev/null ; rm -f /app/model.mzn'
	in container ARNOLD_MPMMine-P002M001_92257:
	exit code: 255
	error: exec /usr/bin/bash: argument list too long
, Failed to run:
	bash -c 'python /app/code/run.py --var carQuantities setup blockSize optionsRequired n_options n_classes slot maxCars n_cars --input_var n_classes carQuantities blockSize maxCars optionsRequired n_cars n_options --example n_cars=200 n...,0,1,0,0,0,0,0,0,0,1,0,0,0,0,1,0,0,0,0,1,0,0,0,0,1,0,0]] 2>&1 | sed ""s/^/% /"" ; cat -u /app/model.mzn 2>/dev/null ; rm -f /app/model.mzn'
	in container ARNOLD_MPMMine-P002M001_92257:
	exit code: 255
	error: exec /usr/bin/bash: argument list too long
, Failed to run:
	bash -c 'python /app/code/run.py --var carQuantities setup blockSize optionsRequired n_options n_classes slot maxCars n_cars --input_var n_classes carQuantities blockSize maxCars optionsRequired n_cars n_options --example n_cars=200 n...,0,0,1,0,0,0,0,0,0,1,0,0,0,0,0,0,1,0,0,0,0,1,0,0,0,0,1]] 2>&1 | sed ""s/^/% /"" ; cat -u /app/model.mzn 2>/dev/null ; rm -f /app/model.mzn'
	in container ARNOLD_MPMMine-P002M001_92257:
	exit code: 255
	error: exec /usr/bin/bash: argument list too long
",0.0,0.0,,874833.328885158,3.262237832023761,0.0,0.0,MPMMine-P002M001I050,ARNOLD/problems/P002/models/M001/instances/I050/75
ARNOLD,MPMMine-P002,MPMMine-P002M001,MPMMine-P002M001I050,100,100,0,5,,,200.0,0.0,1000,1.0,0.0,"Failed to run:
	bash -c 'python /app/code/run.py --var carQuantities setup blockSize optionsRequired n_options n_classes slot maxCars n_cars --input_var n_classes carQuantities blockSize maxCars optionsRequired n_cars n_options --example n_cars=200 n...,0,1,0,0,0,0,0,0,1,0,0,0,0,0,0,0,0,1,0,0,0,0,0,0,1,0,0]] 2>&1 | sed ""s/^/% /"" ; cat -u /app/model.mzn 2>/dev/null ; rm -f /app/model.mzn'
	in container ARNOLD_MPMMine-P002M001_92257:
	exit code: 255
	error: exec /usr/bin/bash: argument list too long
, Failed to run:
	bash -c 'python /app/code/run.py --var carQuantities setup blockSize optionsRequired n_options n_classes slot maxCars n_cars --input_var n_classes carQuantities blockSize maxCars optionsRequired n_cars n_options --example n_cars=200 n...,0,0,1,0,0,0,0,0,0,0,1,0,0,0,0,0,1,0,0,0,0,0,1,0,0,0,0]] 2>&1 | sed ""s/^/% /"" ; cat -u /app/model.mzn 2>/dev/null ; rm -f /app/model.mzn'
	in container ARNOLD_MPMMine-P002M001_92257:
	exit code: 255
	error: exec /usr/bin/bash: argument list too long
, Failed to run:
	bash -c 'python /app/code/run.py --var carQuantities setup blockSize optionsRequired n_options n_classes slot maxCars n_cars --input_var n_classes carQuantities blockSize maxCars optionsRequired n_cars n_options --example n_cars=200 n...,0,0,0,0,0,1,0,0,0,0,0,0,0,1,0,0,0,0,0,0,0,1,0,0,0,0,1]] 2>&1 | sed ""s/^/% /"" ; cat -u /app/model.mzn 2>/dev/null ; rm -f /app/model.mzn'
	in container ARNOLD_MPMMine-P002M001_92257:
	exit code: 255
	error: exec /usr/bin/bash: argument list too long
, Failed to run:
	bash -c 'python /app/code/run.py --var carQuantities setup blockSize optionsRequired n_options n_classes slot maxCars n_cars --input_var n_classes carQuantities blockSize maxCars optionsRequired n_cars n_options --example n_cars=200 n...,0,0,0,1,0,0,0,0,0,0,1,0,0,0,0,0,0,0,0,1,0,0,0,0,0,1,0]] 2>&1 | sed ""s/^/% /"" ; cat -u /app/model.mzn 2>/dev/null ; rm -f /app/model.mzn'
	in container ARNOLD_MPMMine-P002M001_92257:
	exit code: 255
	error: exec /usr/bin/bash: argument list too long
, Failed to run:
	bash -c 'python /app/code/run.py --var carQuantities setup blockSize optionsRequired n_options n_classes slot maxCars n_cars --input_var n_classes carQuantities blockSize maxCars optionsRequired n_cars n_options --example n_cars=200 n...,0,0,0,0,1,0,0,0,0,0,0,1,0,0,0,0,0,0,0,0,1,0,0,0,0,0,1]] 2>&1 | sed ""s/^/% /"" ; cat -u /app/model.mzn 2>/dev/null ; rm -f /app/model.mzn'
	in container ARNOLD_MPMMine-P002M001_92257:
	exit code: 255
	error: exec /usr/bin/bash: argument list too long
",0.0,0.0,,874846.2573459583,4.719520171594111,0.0,0.0,MPMMine-P002M001I050,ARNOLD/problems/P002/models/M001/instances/I050/100
ARNOLD,MPMMine-P002,MPMMine-P002M001,MPMMine-P002M001I051,2,2,0,5,1.0,0.0,200.0,0.0,1000,0.0,0.0,,0.93,0.01862563491855847,Timeout while verifying an example,33.47970864158124,0.3264713732642579,1124801.395816598,20457.29141240378,MPMMine-P002M001I051,ARNOLD/problems/P002/models/M001/instances/I051/2
ARNOLD,MPMMine-P002,MPMMine-P002M001,MPMMine-P002M001I051,10,10,0,5,1.0,0.0,200.0,0.0,1000,0.0,0.0,,0.93,0.01862563491855847,Timeout while verifying an example,153.66475910816808,3.0669130728060545,1124555.2192883193,20805.048843591987,MPMMine-P002M001I051,ARNOLD/problems/P002/models/M001/instances/I051/10
ARNOLD,MPMMine-P002,MPMMine-P002M001,MPMMine-P002M001I051,30,30,0,5,1.0,0.0,200.0,0.0,1000,0.0,0.0,,0.93,0.01862563491855847,Timeout while verifying an example,522.2198979253648,186.43202039199852,1125340.52929,20760.89362945582,MPMMine-P002M001I051,ARNOLD/problems/P002/models/M001/instances/I051/30
ARNOLD,MPMMine-P002,MPMMine-P002M001,MPMMine-P002M001I051,50,50,0,5,,,200.0,0.0,1000,1.0,0.0,"Failed to run:
	bash -c 'python /app/code/run.py --var setup slot n_classes n_options n_cars maxCars blockSize carQuantities optionsRequired --input_var n_classes n_options n_cars maxCars blockSize carQuantities optionsRequired --example n_cars=200 n...,0,0,0,0,1,0,0,0,0,0,0,0,0,0,1,0,0,0,0,0,1,0,0,0,0,0,1]] 2>&1 | sed ""s/^/% /"" ; cat -u /app/model.mzn 2>/dev/null ; rm -f /app/model.mzn'
	in container ARNOLD_MPMMine-P002M001_92253:
	exit code: 255
	error: exec /usr/bin/bash: argument list too long
, Failed to run:
	bash -c 'python /app/code/run.py --var setup slot n_classes n_options n_cars maxCars blockSize carQuantities optionsRequired --input_var n_classes n_options n_cars maxCars blockSize carQuantities optionsRequired --example n_cars=200 n...,0,0,0,0,0,0,0,1,0,0,0,0,1,0,0,0,0,1,0,0,0,0,0,0,1,0,0]] 2>&1 | sed ""s/^/% /"" ; cat -u /app/model.mzn 2>/dev/null ; rm -f /app/model.mzn'
	in container ARNOLD_MPMMine-P002M001_92253:
	exit code: 255
	error: exec /usr/bin/bash: argument list too long
, Failed to run:
	bash -c 'python /app/code/run.py --var setup slot n_classes n_options n_cars maxCars blockSize carQuantities optionsRequired --input_var n_classes n_options n_cars maxCars blockSize carQuantities optionsRequired --example n_cars=200 n...,0,0,0,0,0,0,0,1,0,0,0,0,0,0,1,0,0,0,0,0,0,0,1,0,0,0,0]] 2>&1 | sed ""s/^/% /"" ; cat -u /app/model.mzn 2>/dev/null ; rm -f /app/model.mzn'
	in container ARNOLD_MPMMine-P002M001_92253:
	exit code: 255
	error: exec /usr/bin/bash: argument list too long
, Failed to run:
	bash -c 'python /app/code/run.py --var setup slot n_classes n_options n_cars maxCars blockSize carQuantities optionsRequired --input_var n_classes n_options n_cars maxCars blockSize carQuantities optionsRequired --example n_cars=200 n...,0,0,0,0,0,0,1,0,0,0,0,0,0,0,0,0,1,0,0,0,0,0,0,0,1,0,0]] 2>&1 | sed ""s/^/% /"" ; cat -u /app/model.mzn 2>/dev/null ; rm -f /app/model.mzn'
	in container ARNOLD_MPMMine-P002M001_92253:
	exit code: 255
	error: exec /usr/bin/bash: argument list too long
, Failed to run:
	bash -c 'python /app/code/run.py --var setup slot n_classes n_options n_cars maxCars blockSize carQuantities optionsRequired --input_var n_classes n_options n_cars maxCars blockSize carQuantities optionsRequired --example n_cars=200 n...,0,0,0,0,0,0,0,1,0,0,0,0,0,0,1,0,0,0,0,0,1,0,0,0,0,0,0]] 2>&1 | sed ""s/^/% /"" ; cat -u /app/model.mzn 2>/dev/null ; rm -f /app/model.mzn'
	in container ARNOLD_MPMMine-P002M001_92253:
	exit code: 255
	error: exec /usr/bin/bash: argument list too long
",0.0,0.0,,878464.0207212832,1.949653802560735,0.0,0.0,MPMMine-P002M001I051,ARNOLD/problems/P002/models/M001/instances/I051/50
ARNOLD,MPMMine-P002,MPMMine-P002M001,MPMMine-P002M001I051,75,75,0,5,,,200.0,0.0,1000,1.0,0.0,"Failed to run:
	bash -c 'python /app/code/run.py --var setup slot n_classes n_options n_cars maxCars blockSize carQuantities optionsRequired --input_var n_classes n_options n_cars maxCars blockSize carQuantities optionsRequired --example n_cars=200 n...,0,1,0,0,0,0,0,1,0,0,0,0,0,0,0,0,0,1,0,0,0,0,1,0,0,0,0]] 2>&1 | sed ""s/^/% /"" ; cat -u /app/model.mzn 2>/dev/null ; rm -f /app/model.mzn'
	in container ARNOLD_MPMMine-P002M001_92253:
	exit code: 255
	error: exec /usr/bin/bash: argument list too long
, Failed to run:
	bash -c 'python /app/code/run.py --var setup slot n_classes n_options n_cars maxCars blockSize carQuantities optionsRequired --input_var n_classes n_options n_cars maxCars blockSize carQuantities optionsRequired --example n_cars=200 n...,0,0,0,0,0,0,0,0,0,0,0,0,0,1,0,0,0,0,0,0,1,0,0,0,0,0,0]] 2>&1 | sed ""s/^/% /"" ; cat -u /app/model.mzn 2>/dev/null ; rm -f /app/model.mzn'
	in container ARNOLD_MPMMine-P002M001_92253:
	exit code: 255
	error: exec /usr/bin/bash: argument list too long
, Failed to run:
	bash -c 'python /app/code/run.py --var setup slot n_classes n_options n_cars maxCars blockSize carQuantities optionsRequired --input_var n_classes n_options n_cars maxCars blockSize carQuantities optionsRequired --example n_cars=200 n...,0,0,1,0,0,0,0,0,0,0,1,0,0,0,0,0,0,0,0,0,0,0,0,0,0,0,1]] 2>&1 | sed ""s/^/% /"" ; cat -u /app/model.mzn 2>/dev/null ; rm -f /app/model.mzn'
	in container ARNOLD_MPMMine-P002M001_92253:
	exit code: 255
	error: exec /usr/bin/bash: argument list too long
, Failed to run:
	bash -c 'python /app/code/run.py --var setup slot n_classes n_options n_cars maxCars blockSize carQuantities optionsRequired --input_var n_classes n_options n_cars maxCars blockSize carQuantities optionsRequired --example n_cars=200 n...,0,0,0,0,0,0,1,0,0,0,0,1,0,0,0,0,0,0,0,0,1,0,0,0,0,0,1]] 2>&1 | sed ""s/^/% /"" ; cat -u /app/model.mzn 2>/dev/null ; rm -f /app/model.mzn'
	in container ARNOLD_MPMMine-P002M001_92253:
	exit code: 255
	error: exec /usr/bin/bash: argument list too long
, Failed to run:
	bash -c 'python /app/code/run.py --var setup slot n_classes n_options n_cars maxCars blockSize carQuantities optionsRequired --input_var n_classes n_options n_cars maxCars blockSize carQuantities optionsRequired --example n_cars=200 n...,0,1,0,0,0,0,0,0,1,0,0,0,0,0,0,0,1,0,0,0,0,0,0,0,0,1,0]] 2>&1 | sed ""s/^/% /"" ; cat -u /app/model.mzn 2>/dev/null ; rm -f /app/model.mzn'
	in container ARNOLD_MPMMine-P002M001_92253:
	exit code: 255
	error: exec /usr/bin/bash: argument list too long
",0.0,0.0,,878473.0587622164,3.166608613156934,0.0,0.0,MPMMine-P002M001I051,ARNOLD/problems/P002/models/M001/instances/I051/75
ARNOLD,MPMMine-P002,MPMMine-P002M001,MPMMine-P002M001I051,100,100,0,5,,,200.0,0.0,1000,1.0,0.0,"Failed to run:
	bash -c 'python /app/code/run.py --var setup slot n_classes n_options n_cars maxCars blockSize carQuantities optionsRequired --input_var n_classes n_options n_cars maxCars blockSize carQuantities optionsRequired --example n_cars=200 n...,0,0,1,0,0,0,0,1,0,0,0,0,1,0,0,0,0,0,0,0,0,0,0,0,1,0,0]] 2>&1 | sed ""s/^/% /"" ; cat -u /app/model.mzn 2>/dev/null ; rm -f /app/model.mzn'
	in container ARNOLD_MPMMine-P002M001_92253:
	exit code: 255
	error: exec /usr/bin/bash: argument list too long
, Failed to run:
	bash -c 'python /app/code/run.py --var setup slot n_classes n_options n_cars maxCars blockSize carQuantities optionsRequired --input_var n_classes n_options n_cars maxCars blockSize carQuantities optionsRequired --example n_cars=200 n...,0,0,1,0,0,0,0,0,0,1,0,0,0,0,0,0,1,0,0,0,0,0,0,0,0,0,1]] 2>&1 | sed ""s/^/% /"" ; cat -u /app/model.mzn 2>/dev/null ; rm -f /app/model.mzn'
	in container ARNOLD_MPMMine-P002M001_92253:
	exit code: 255
	error: exec /usr/bin/bash: argument list too long
, Failed to run:
	bash -c 'python /app/code/run.py --var setup slot n_classes n_options n_cars maxCars blockSize carQuantities optionsRequired --input_var n_classes n_options n_cars maxCars blockSize carQuantities optionsRequired --example n_cars=200 n...,1,0,0,0,0,1,0,0,0,0,0,1,0,0,0,0,0,0,1,0,0,0,0,0,0,0,0]] 2>&1 | sed ""s/^/% /"" ; cat -u /app/model.mzn 2>/dev/null ; rm -f /app/model.mzn'
	in container ARNOLD_MPMMine-P002M001_92253:
	exit code: 255
	error: exec /usr/bin/bash: argument list too long
, Failed to run:
	bash -c 'python /app/code/run.py --var setup slot n_classes n_options n_cars maxCars blockSize carQuantities optionsRequired --input_var n_classes n_options n_cars maxCars blockSize carQuantities optionsRequired --example n_cars=200 n...,0,0,0,0,0,1,0,0,0,0,0,0,0,1,0,0,0,0,0,0,0,0,0,0,0,0,1]] 2>&1 | sed ""s/^/% /"" ; cat -u /app/model.mzn 2>/dev/null ; rm -f /app/model.mzn'
	in container ARNOLD_MPMMine-P002M001_92253:
	exit code: 255
	error: exec /usr/bin/bash: argument list too long
, Failed to run:
	bash -c 'python /app/code/run.py --var setup slot n_classes n_options n_cars maxCars blockSize carQuantities optionsRequired --input_var n_classes n_options n_cars maxCars blockSize carQuantities optionsRequired --example n_cars=200 n...,0,0,0,0,0,1,0,0,0,0,0,0,0,1,0,0,0,0,0,0,0,0,0,0,0,1,0]] 2>&1 | sed ""s/^/% /"" ; cat -u /app/model.mzn 2>/dev/null ; rm -f /app/model.mzn'
	in container ARNOLD_MPMMine-P002M001_92253:
	exit code: 255
	error: exec /usr/bin/bash: argument list too long
",0.0,0.0,,878485.4418769833,4.430143739452306,0.0,0.0,MPMMine-P002M001I051,ARNOLD/problems/P002/models/M001/instances/I051/100
ARNOLD,MPMMine-P002,MPMMine-P002M001,MPMMine-P002M001I052,2,2,0,5,1.0,0.0,200.0,0.0,1000,0.0,0.0,,0.9390000000000001,0.01372315170616956,Timeout while verifying an example,37.54265605860856,13.186944000019828,1136467.8912516823,14681.95904422369,MPMMine-P002M001I052,ARNOLD/problems/P002/models/M001/instances/I052/2
ARNOLD,MPMMine-P002,MPMMine-P002M001,MPMMine-P002M001I052,10,10,0,5,1.0,0.0,200.0,0.0,1000,0.0,0.0,,0.9390000000000001,0.01372315170616956,Timeout while verifying an example,145.33947252482176,4.14357622143394,1136456.8642799603,15581.32020572513,MPMMine-P002M001I052,ARNOLD/problems/P002/models/M001/instances/I052/10
ARNOLD,MPMMine-P002,MPMMine-P002M001,MPMMine-P002M001I052,30,30,0,5,1.0,0.0,200.0,0.0,1000,0.0,0.0,,0.9390000000000001,0.01372315170616956,Timeout while verifying an example,503.08146509998477,175.76030430035567,1136283.496700041,15965.14816079996,MPMMine-P002M001I052,ARNOLD/problems/P002/models/M001/instances/I052/30
ARNOLD,MPMMine-P002,MPMMine-P002M001,MPMMine-P002M001I052,50,50,0,5,,,200.0,0.0,1000,1.0,0.0,"Failed to run:
	bash -c 'python /app/code/run.py --var optionsRequired n_classes carQuantities n_cars maxCars n_options setup slot blockSize --input_var optionsRequired n_classes carQuantities n_options n_cars blockSize maxCars --example n_cars=200 n...,0,0,0,0,1,0,0,0,0,0,0,0,0,0,1,0,0,0,0,0,0,1,0,0,0,0,0]] 2>&1 | sed ""s/^/% /"" ; cat -u /app/model.mzn 2>/dev/null ; rm -f /app/model.mzn'
	in container ARNOLD_MPMMine-P002M001_92252:
	exit code: 255
	error: exec /usr/bin/bash: argument list too long
, Failed to run:
	bash -c 'python /app/code/run.py --var optionsRequired n_classes carQuantities n_cars maxCars n_options setup slot blockSize --input_var optionsRequired n_classes carQuantities n_options n_cars blockSize maxCars --example n_cars=200 n...,0,0,0,0,0,0,1,0,0,0,0,0,1,0,0,0,0,0,0,0,1,0,0,0,0,0,1]] 2>&1 | sed ""s/^/% /"" ; cat -u /app/model.mzn 2>/dev/null ; rm -f /app/model.mzn'
	in container ARNOLD_MPMMine-P002M001_92252:
	exit code: 255
	error: exec /usr/bin/bash: argument list too long
, Failed to run:
	bash -c 'python /app/code/run.py --var optionsRequired n_classes carQuantities n_cars maxCars n_options setup slot blockSize --input_var optionsRequired n_classes carQuantities n_options n_cars blockSize maxCars --example n_cars=200 n...,0,0,0,0,1,0,0,0,0,0,1,0,0,0,0,0,1,0,0,0,0,1,0,0,0,0,1]] 2>&1 | sed ""s/^/% /"" ; cat -u /app/model.mzn 2>/dev/null ; rm -f /app/model.mzn'
	in container ARNOLD_MPMMine-P002M001_92252:
	exit code: 255
	error: exec /usr/bin/bash: argument list too long
, Failed to run:
	bash -c 'python /app/code/run.py --var optionsRequired n_classes carQuantities n_cars maxCars n_options setup slot blockSize --input_var optionsRequired n_classes carQuantities n_options n_cars blockSize maxCars --example n_cars=200 n...,0,0,0,0,0,1,0,0,0,0,0,0,1,0,0,0,0,0,0,0,0,1,0,0,0,0,1]] 2>&1 | sed ""s/^/% /"" ; cat -u /app/model.mzn 2>/dev/null ; rm -f /app/model.mzn'
	in container ARNOLD_MPMMine-P002M001_92252:
	exit code: 255
	error: exec /usr/bin/bash: argument list too long
, Failed to run:
	bash -c 'python /app/code/run.py --var optionsRequired n_classes carQuantities n_cars maxCars n_options setup slot blockSize --input_var optionsRequired n_classes carQuantities n_options n_cars blockSize maxCars --example n_cars=200 n...,0,0,0,0,0,1,0,0,0,0,1,0,0,0,0,0,1,0,0,0,0,0,0,0,1,0,0]] 2>&1 | sed ""s/^/% /"" ; cat -u /app/model.mzn 2>/dev/null ; rm -f /app/model.mzn'
	in container ARNOLD_MPMMine-P002M001_92252:
	exit code: 255
	error: exec /usr/bin/bash: argument list too long
",0.0,0.0,,881408.1688486332,1.9297337482067909,0.0,0.0,MPMMine-P002M001I052,ARNOLD/problems/P002/models/M001/instances/I052/50
ARNOLD,MPMMine-P002,MPMMine-P002M001,MPMMine-P002M001I052,75,75,0,5,,,200.0,0.0,1000,1.0,0.0,"Failed to run:
	bash -c 'python /app/code/run.py --var optionsRequired n_classes carQuantities n_cars maxCars n_options setup slot blockSize --input_var optionsRequired n_classes carQuantities n_options n_cars blockSize maxCars --example n_cars=200 n...,0,0,1,0,0,0,0,0,0,0,1,0,0,0,0,0,0,1,0,0,0,0,0,0,0,1,0]] 2>&1 | sed ""s/^/% /"" ; cat -u /app/model.mzn 2>/dev/null ; rm -f /app/model.mzn'
	in container ARNOLD_MPMMine-P002M001_92252:
	exit code: 255
	error: exec /usr/bin/bash: argument list too long
, Failed to run:
	bash -c 'python /app/code/run.py --var optionsRequired n_classes carQuantities n_cars maxCars n_options setup slot blockSize --input_var optionsRequired n_classes carQuantities n_options n_cars blockSize maxCars --example n_cars=200 n...,0,0,0,1,0,0,0,0,0,0,0,0,0,0,0,1,0,0,0,0,1,0,0,0,0,1,0]] 2>&1 | sed ""s/^/% /"" ; cat -u /app/model.mzn 2>/dev/null ; rm -f /app/model.mzn'
	in container ARNOLD_MPMMine-P002M001_92252:
	exit code: 255
	error: exec /usr/bin/bash: argument list too long
, Failed to run:
	bash -c 'python /app/code/run.py --var optionsRequired n_classes carQuantities n_cars maxCars n_options setup slot blockSize --input_var optionsRequired n_classes carQuantities n_options n_cars blockSize maxCars --example n_cars=200 n...,0,0,0,0,0,1,0,0,0,0,0,1,0,0,0,0,1,0,0,0,0,0,0,1,0,0,0]] 2>&1 | sed ""s/^/% /"" ; cat -u /app/model.mzn 2>/dev/null ; rm -f /app/model.mzn'
	in container ARNOLD_MPMMine-P002M001_92252:
	exit code: 255
	error: exec /usr/bin/bash: argument list too long
, Failed to run:
	bash -c 'python /app/code/run.py --var optionsRequired n_classes carQuantities n_cars maxCars n_options setup slot blockSize --input_var optionsRequired n_classes carQuantities n_options n_cars blockSize maxCars --example n_cars=200 n...,0,0,0,0,1,0,0,0,0,0,0,0,0,1,0,0,0,0,1,0,0,0,0,0,1,0,0]] 2>&1 | sed ""s/^/% /"" ; cat -u /app/model.mzn 2>/dev/null ; rm -f /app/model.mzn'
	in container ARNOLD_MPMMine-P002M001_92252:
	exit code: 255
	error: exec /usr/bin/bash: argument list too long
, Failed to run:
	bash -c 'python /app/code/run.py --var optionsRequired n_classes carQuantities n_cars maxCars n_options setup slot blockSize --input_var optionsRequired n_classes carQuantities n_options n_cars blockSize maxCars --example n_cars=200 n...,0,1,0,0,0,0,0,0,0,0,1,0,0,0,0,0,1,0,0,0,0,1,0,0,0,0,1]] 2>&1 | sed ""s/^/% /"" ; cat -u /app/model.mzn 2>/dev/null ; rm -f /app/model.mzn'
	in container ARNOLD_MPMMine-P002M001_92252:
	exit code: 255
	error: exec /usr/bin/bash: argument list too long
",0.0,0.0,,881417.1497415329,3.147482913849186,0.0,0.0,MPMMine-P002M001I052,ARNOLD/problems/P002/models/M001/instances/I052/75
ARNOLD,MPMMine-P002,MPMMine-P002M001,MPMMine-P002M001I052,100,100,0,5,,,200.0,0.0,1000,1.0,0.0,"Failed to run:
	bash -c 'python /app/code/run.py --var optionsRequired n_classes carQuantities n_cars maxCars n_options setup slot blockSize --input_var optionsRequired n_classes carQuantities n_options n_cars blockSize maxCars --example n_cars=200 n...,0,0,0,1,0,0,0,0,1,0,0,0,0,1,0,0,0,0,0,0,1,0,0,0,0,1,0]] 2>&1 | sed ""s/^/% /"" ; cat -u /app/model.mzn 2>/dev/null ; rm -f /app/model.mzn'
	in container ARNOLD_MPMMine-P002M001_92252:
	exit code: 255
	error: exec /usr/bin/bash: argument list too long
, Failed to run:
	bash -c 'python /app/code/run.py --var optionsRequired n_classes carQuantities n_cars maxCars n_options setup slot blockSize --input_var optionsRequired n_classes carQuantities n_options n_cars blockSize maxCars --example n_cars=200 n...,0,0,1,0,0,0,0,0,1,0,0,0,0,1,0,0,0,0,0,0,1,0,0,0,0,0,0]] 2>&1 | sed ""s/^/% /"" ; cat -u /app/model.mzn 2>/dev/null ; rm -f /app/model.mzn'
	in container ARNOLD_MPMMine-P002M001_92252:
	exit code: 255
	error: exec /usr/bin/bash: argument list too long
, Failed to run:
	bash -c 'python /app/code/run.py --var optionsRequired n_classes carQuantities n_cars maxCars n_options setup slot blockSize --input_var optionsRequired n_classes carQuantities n_options n_cars blockSize maxCars --example n_cars=200 n...,0,0,0,1,0,0,0,0,1,0,0,0,0,0,1,0,0,0,0,1,0,0,0,0,0,0,1]] 2>&1 | sed ""s/^/% /"" ; cat -u /app/model.mzn 2>/dev/null ; rm -f /app/model.mzn'
	in container ARNOLD_MPMMine-P002M001_92252:
	exit code: 255
	error: exec /usr/bin/bash: argument list too long
, Failed to run:
	bash -c 'python /app/code/run.py --var optionsRequired n_classes carQuantities n_cars maxCars n_options setup slot blockSize --input_var optionsRequired n_classes carQuantities n_options n_cars blockSize maxCars --example n_cars=200 n...,0,0,0,1,0,0,0,0,0,1,0,0,0,0,0,0,0,1,0,0,0,0,0,1,0,0,0]] 2>&1 | sed ""s/^/% /"" ; cat -u /app/model.mzn 2>/dev/null ; rm -f /app/model.mzn'
	in container ARNOLD_MPMMine-P002M001_92252:
	exit code: 255
	error: exec /usr/bin/bash: argument list too long
, Failed to run:
	bash -c 'python /app/code/run.py --var optionsRequired n_classes carQuantities n_cars maxCars n_options setup slot blockSize --input_var optionsRequired n_classes carQuantities n_options n_cars blockSize maxCars --example n_cars=200 n...,0,0,0,1,0,0,0,0,0,0,0,1,0,0,0,0,0,0,1,0,0,0,0,1,0,0,0]] 2>&1 | sed ""s/^/% /"" ; cat -u /app/model.mzn 2>/dev/null ; rm -f /app/model.mzn'
	in container ARNOLD_MPMMine-P002M001_92252:
	exit code: 255
	error: exec /usr/bin/bash: argument list too long
",0.0,0.0,,881429.6540873162,4.55106068654128,0.0,0.0,MPMMine-P002M001I052,ARNOLD/problems/P002/models/M001/instances/I052/100
ARNOLD,MPMMine-P002,MPMMine-P002M001,MPMMine-P002M001I053,2,2,0,5,1.0,0.0,200.0,0.0,1000,0.0,0.0,,0.9400000000000001,0.025705818356363107,Timeout while verifying an example,40.74747275020927,13.704158818940904,1137513.7995383143,30951.11880796378,MPMMine-P002M001I053,ARNOLD/problems/P002/models/M001/instances/I053/2
ARNOLD,MPMMine-P002,MPMMine-P002M001,MPMMine-P002M001I053,10,10,0,5,1.0,0.0,200.0,0.0,1000,0.0,0.0,,0.9400000000000001,0.025705818356363107,Timeout while verifying an example,189.66813570838423,70.5710261110809,1137952.924408284,31181.20917279702,MPMMine-P002M001I053,ARNOLD/problems/P002/models/M001/instances/I053/10
ARNOLD,MPMMine-P002,MPMMine-P002M001,MPMMine-P002M001I053,30,30,0,5,1.0,0.0,200.0,0.0,1000,0.0,0.0,,0.9400000000000001,0.025705818356363107,Timeout while verifying an example,509.42328665002714,93.59081643289841,1138530.908364961,31653.060003561666,MPMMine-P002M001I053,ARNOLD/problems/P002/models/M001/instances/I053/30
ARNOLD,MPMMine-P002,MPMMine-P002M001,MPMMine-P002M001I053,50,50,0,5,,,200.0,0.0,1000,1.0,0.0,"Failed to run:
	bash -c 'python /app/code/run.py --var setup n_cars slot n_classes n_options optionsRequired blockSize carQuantities maxCars --input_var n_classes optionsRequired blockSize n_cars carQuantities n_options maxCars --example n_cars=200 n...,0,0,0,0,1,0,0,0,0,0,1,0,0,0,0,0,0,0,0,1,0,0,0,0,0,0,0]] 2>&1 | sed ""s/^/% /"" ; cat -u /app/model.mzn 2>/dev/null ; rm -f /app/model.mzn'
	in container ARNOLD_MPMMine-P002M001_92275:
	exit code: 255
	error: exec /usr/bin/bash: argument list too long
, Failed to run:
	bash -c 'python /app/code/run.py --var setup n_cars slot n_classes n_options optionsRequired blockSize carQuantities maxCars --input_var n_classes optionsRequired blockSize n_cars carQuantities n_options maxCars --example n_cars=200 n...,0,0,0,1,0,0,0,0,0,0,1,0,0,0,0,0,1,0,0,0,0,0,0,0,0,1,0]] 2>&1 | sed ""s/^/% /"" ; cat -u /app/model.mzn 2>/dev/null ; rm -f /app/model.mzn'
	in container ARNOLD_MPMMine-P002M001_92275:
	exit code: 255
	error: exec /usr/bin/bash: argument list too long
, Failed to run:
	bash -c 'python /app/code/run.py --var setup n_cars slot n_classes n_options optionsRequired blockSize carQuantities maxCars --input_var n_classes optionsRequired blockSize n_cars carQuantities n_options maxCars --example n_cars=200 n...,0,1,0,0,0,0,0,0,0,0,1,0,0,0,0,1,0,0,0,0,0,0,1,0,0,0,0]] 2>&1 | sed ""s/^/% /"" ; cat -u /app/model.mzn 2>/dev/null ; rm -f /app/model.mzn'
	in container ARNOLD_MPMMine-P002M001_92275:
	exit code: 255
	error: exec /usr/bin/bash: argument list too long
, Failed to run:
	bash -c 'python /app/code/run.py --var setup n_cars slot n_classes n_options optionsRequired blockSize carQuantities maxCars --input_var n_classes optionsRequired blockSize n_cars carQuantities n_options maxCars --example n_cars=200 n...,0,0,0,0,0,1,0,0,0,0,0,0,0,0,1,0,0,0,0,0,0,1,0,0,0,0,1]] 2>&1 | sed ""s/^/% /"" ; cat -u /app/model.mzn 2>/dev/null ; rm -f /app/model.mzn'
	in container ARNOLD_MPMMine-P002M001_92275:
	exit code: 255
	error: exec /usr/bin/bash: argument list too long
, Failed to run:
	bash -c 'python /app/code/run.py --var setup n_cars slot n_classes n_options optionsRequired blockSize carQuantities maxCars --input_var n_classes optionsRequired blockSize n_cars carQuantities n_options maxCars --example n_cars=200 n...,1,0,0,0,0,1,0,0,0,0,0,1,0,0,0,0,0,1,0,0,0,0,0,1,0,0,0]] 2>&1 | sed ""s/^/% /"" ; cat -u /app/model.mzn 2>/dev/null ; rm -f /app/model.mzn'
	in container ARNOLD_MPMMine-P002M001_92275:
	exit code: 255
	error: exec /usr/bin/bash: argument list too long
",0.0,0.0,,884420.410873983,2.0538325097317536,0.0,0.0,MPMMine-P002M001I053,ARNOLD/problems/P002/models/M001/instances/I053/50
ARNOLD,MPMMine-P002,MPMMine-P002M001,MPMMine-P002M001I053,75,75,0,5,,,200.0,0.0,1000,1.0,0.0,"Failed to run:
	bash -c 'python /app/code/run.py --var setup n_cars slot n_classes n_options optionsRequired blockSize carQuantities maxCars --input_var n_classes optionsRequired blockSize n_cars carQuantities n_options maxCars --example n_cars=200 n...,0,0,0,0,0,0,1,0,0,0,0,1,0,0,0,0,0,0,0,1,0,0,0,0,1,0,0]] 2>&1 | sed ""s/^/% /"" ; cat -u /app/model.mzn 2>/dev/null ; rm -f /app/model.mzn'
	in container ARNOLD_MPMMine-P002M001_92275:
	exit code: 255
	error: exec /usr/bin/bash: argument list too long
, Failed to run:
	bash -c 'python /app/code/run.py --var setup n_cars slot n_classes n_options optionsRequired blockSize carQuantities maxCars --input_var n_classes optionsRequired blockSize n_cars carQuantities n_options maxCars --example n_cars=200 n...,0,1,0,0,0,0,0,0,0,0,0,0,0,0,0,1,0,0,0,0,0,1,0,0,0,0,1]] 2>&1 | sed ""s/^/% /"" ; cat -u /app/model.mzn 2>/dev/null ; rm -f /app/model.mzn'
	in container ARNOLD_MPMMine-P002M001_92275:
	exit code: 255
	error: exec /usr/bin/bash: argument list too long
, Failed to run:
	bash -c 'python /app/code/run.py --var setup n_cars slot n_classes n_options optionsRequired blockSize carQuantities maxCars --input_var n_classes optionsRequired blockSize n_cars carQuantities n_options maxCars --example n_cars=200 n...,0,0,0,1,0,0,0,0,1,0,0,0,0,0,0,0,1,0,0,0,0,1,0,0,0,0,0]] 2>&1 | sed ""s/^/% /"" ; cat -u /app/model.mzn 2>/dev/null ; rm -f /app/model.mzn'
	in container ARNOLD_MPMMine-P002M001_92275:
	exit code: 255
	error: exec /usr/bin/bash: argument list too long
, Failed to run:
	bash -c 'python /app/code/run.py --var setup n_cars slot n_classes n_options optionsRequired blockSize carQuantities maxCars --input_var n_classes optionsRequired blockSize n_cars carQuantities n_options maxCars --example n_cars=200 n...,0,0,1,0,0,0,0,0,0,1,0,0,0,0,0,0,0,1,0,0,0,0,1,0,0,0,0]] 2>&1 | sed ""s/^/% /"" ; cat -u /app/model.mzn 2>/dev/null ; rm -f /app/model.mzn'
	in container ARNOLD_MPMMine-P002M001_92275:
	exit code: 255
	error: exec /usr/bin/bash: argument list too long
, Failed to run:
	bash -c 'python /app/code/run.py --var setup n_cars slot n_classes n_options optionsRequired blockSize carQuantities maxCars --input_var n_classes optionsRequired blockSize n_cars carQuantities n_options maxCars --example n_cars=200 n...,0,0,0,0,0,0,1,0,0,0,0,0,1,0,0,0,0,0,1,0,0,0,0,0,0,1,0]] 2>&1 | sed ""s/^/% /"" ; cat -u /app/model.mzn 2>/dev/null ; rm -f /app/model.mzn'
	in container ARNOLD_MPMMine-P002M001_92275:
	exit code: 255
	error: exec /usr/bin/bash: argument list too long
",0.0,0.0,,884429.6125407747,3.2031512082090443,0.0,0.0,MPMMine-P002M001I053,ARNOLD/problems/P002/models/M001/instances/I053/75
ARNOLD,MPMMine-P002,MPMMine-P002M001,MPMMine-P002M001I053,100,100,0,5,,,200.0,0.0,1000,1.0,0.0,"Failed to run:
	bash -c 'python /app/code/run.py --var setup n_cars slot n_classes n_options optionsRequired blockSize carQuantities maxCars --input_var n_classes optionsRequired blockSize n_cars carQuantities n_options maxCars --example n_cars=200 n...,0,0,0,0,1,0,0,0,0,0,0,0,0,0,1,0,0,0,0,1,0,0,0,0,0,0,1]] 2>&1 | sed ""s/^/% /"" ; cat -u /app/model.mzn 2>/dev/null ; rm -f /app/model.mzn'
	in container ARNOLD_MPMMine-P002M001_92275:
	exit code: 255
	error: exec /usr/bin/bash: argument list too long
, Failed to run:
	bash -c 'python /app/code/run.py --var setup n_cars slot n_classes n_options optionsRequired blockSize carQuantities maxCars --input_var n_classes optionsRequired blockSize n_cars carQuantities n_options maxCars --example n_cars=200 n...,0,0,0,0,0,0,1,0,0,0,0,0,0,1,0,0,0,0,0,0,0,1,0,0,0,0,0]] 2>&1 | sed ""s/^/% /"" ; cat -u /app/model.mzn 2>/dev/null ; rm -f /app/model.mzn'
	in container ARNOLD_MPMMine-P002M001_92275:
	exit code: 255
	error: exec /usr/bin/bash: argument list too long
, Failed to run:
	bash -c 'python /app/code/run.py --var setup n_cars slot n_classes n_options optionsRequired blockSize carQuantities maxCars --input_var n_classes optionsRequired blockSize n_cars carQuantities n_options maxCars --example n_cars=200 n...,0,1,0,0,0,0,0,1,0,0,0,0,0,1,0,0,0,0,0,1,0,0,0,0,1,0,0]] 2>&1 | sed ""s/^/% /"" ; cat -u /app/model.mzn 2>/dev/null ; rm -f /app/model.mzn'
	in container ARNOLD_MPMMine-P002M001_92275:
	exit code: 255
	error: exec /usr/bin/bash: argument list too long
, Failed to run:
	bash -c 'python /app/code/run.py --var setup n_cars slot n_classes n_options optionsRequired blockSize carQuantities maxCars --input_var n_classes optionsRequired blockSize n_cars carQuantities n_options maxCars --example n_cars=200 n...,0,0,0,0,0,0,1,0,0,0,0,0,0,1,0,0,0,0,0,0,0,0,0,0,1,0,0]] 2>&1 | sed ""s/^/% /"" ; cat -u /app/model.mzn 2>/dev/null ; rm -f /app/model.mzn'
	in container ARNOLD_MPMMine-P002M001_92275:
	exit code: 255
	error: exec /usr/bin/bash: argument list too long
, Failed to run:
	bash -c 'python /app/code/run.py --var setup n_cars slot n_classes n_options optionsRequired blockSize carQuantities maxCars --input_var n_classes optionsRequired blockSize n_cars carQuantities n_options maxCars --example n_cars=200 n...,0,0,0,0,0,0,0,1,0,0,0,0,1,0,0,0,0,1,0,0,0,0,1,0,0,0,0]] 2>&1 | sed ""s/^/% /"" ; cat -u /app/model.mzn 2>/dev/null ; rm -f /app/model.mzn'
	in container ARNOLD_MPMMine-P002M001_92275:
	exit code: 255
	error: exec /usr/bin/bash: argument list too long
",0.0,0.0,,884442.2984483412,4.658753238026321,0.0,0.0,MPMMine-P002M001I053,ARNOLD/problems/P002/models/M001/instances/I053/100
ARNOLD,MPMMine-P002,MPMMine-P002M001,MPMMine-P002M001I054,2,2,0,5,1.0,0.0,200.0,0.0,1000,0.0,0.0,,0.944,0.012461357786454413,Timeout while verifying an example,38.199775500013494,14.448865080341285,1143170.7041849988,16232.744283547949,MPMMine-P002M001I054,ARNOLD/problems/P002/models/M001/instances/I054/2
ARNOLD,MPMMine-P002,MPMMine-P002M001,MPMMine-P002M001I054,10,10,0,5,1.0,0.0,200.0,0.0,1000,0.0,0.0,,0.944,0.012461357786454413,Timeout while verifying an example,139.15032380823976,9.051921024234408,1143579.535513362,16488.533362788243,MPMMine-P002M001I054,ARNOLD/problems/P002/models/M001/instances/I054/10
ARNOLD,MPMMine-P002,MPMMine-P002M001,MPMMine-P002M001I054,30,30,0,5,1.0,0.0,200.0,0.0,1000,0.0,0.0,,0.944,0.012461357786454413,Timeout while verifying an example,558.7470788249979,212.23850009641856,1142700.6528550014,16544.750872329205,MPMMine-P002M001I054,ARNOLD/problems/P002/models/M001/instances/I054/30
ARNOLD,MPMMine-P002,MPMMine-P002M001,MPMMine-P002M001I054,50,50,0,5,,,200.0,0.0,1000,1.0,0.0,"Failed to run:
	bash -c 'python /app/code/run.py --var maxCars n_classes optionsRequired setup blockSize carQuantities slot n_options n_cars --input_var maxCars carQuantities n_classes optionsRequired n_options n_cars blockSize --example n_cars=200 n...,0,0,0,1,0,0,0,0,0,0,1,0,0,0,0,0,0,1,0,0,0,0,0,1,0,0,0]] 2>&1 | sed ""s/^/% /"" ; cat -u /app/model.mzn 2>/dev/null ; rm -f /app/model.mzn'
	in container ARNOLD_MPMMine-P002M001_92266:
	exit code: 255
	error: exec /usr/bin/bash: argument list too long
, Failed to run:
	bash -c 'python /app/code/run.py --var maxCars n_classes optionsRequired setup blockSize carQuantities slot n_options n_cars --input_var maxCars carQuantities n_classes optionsRequired n_options n_cars blockSize --example n_cars=200 n...,0,0,0,0,1,0,0,0,0,1,0,0,0,0,1,0,0,0,0,0,0,1,0,0,0,0,1]] 2>&1 | sed ""s/^/% /"" ; cat -u /app/model.mzn 2>/dev/null ; rm -f /app/model.mzn'
	in container ARNOLD_MPMMine-P002M001_92266:
	exit code: 255
	error: exec /usr/bin/bash: argument list too long
, Failed to run:
	bash -c 'python /app/code/run.py --var maxCars n_classes optionsRequired setup blockSize carQuantities slot n_options n_cars --input_var maxCars carQuantities n_classes optionsRequired n_options n_cars blockSize --example n_cars=200 n...,1,0,0,0,0,1,0,0,0,0,1,0,0,0,0,1,0,0,0,0,0,1,0,0,0,0,1]] 2>&1 | sed ""s/^/% /"" ; cat -u /app/model.mzn 2>/dev/null ; rm -f /app/model.mzn'
	in container ARNOLD_MPMMine-P002M001_92266:
	exit code: 255
	error: exec /usr/bin/bash: argument list too long
, Failed to run:
	bash -c 'python /app/code/run.py --var maxCars n_classes optionsRequired setup blockSize carQuantities slot n_options n_cars --input_var maxCars carQuantities n_classes optionsRequired n_options n_cars blockSize --example n_cars=200 n...,0,1,0,0,0,0,1,0,0,0,0,1,0,0,0,0,1,0,0,0,0,1,0,0,0,0,1]] 2>&1 | sed ""s/^/% /"" ; cat -u /app/model.mzn 2>/dev/null ; rm -f /app/model.mzn'
	in container ARNOLD_MPMMine-P002M001_92266:
	exit code: 255
	error: exec /usr/bin/bash: argument list too long
, Failed to run:
	bash -c 'python /app/code/run.py --var maxCars n_classes optionsRequired setup blockSize carQuantities slot n_options n_cars --input_var maxCars carQuantities n_classes optionsRequired n_options n_cars blockSize --example n_cars=200 n...,0,0,0,0,1,0,0,0,0,1,0,0,0,0,0,0,1,0,0,0,0,1,0,0,0,0,1]] 2>&1 | sed ""s/^/% /"" ; cat -u /app/model.mzn 2>/dev/null ; rm -f /app/model.mzn'
	in container ARNOLD_MPMMine-P002M001_92266:
	exit code: 255
	error: exec /usr/bin/bash: argument list too long
",0.0,0.0,,888667.2804734912,2.002460779970698,0.0,0.0,MPMMine-P002M001I054,ARNOLD/problems/P002/models/M001/instances/I054/50
ARNOLD,MPMMine-P002,MPMMine-P002M001,MPMMine-P002M001I054,75,75,0,5,,,200.0,0.0,1000,1.0,0.0,"Failed to run:
	bash -c 'python /app/code/run.py --var maxCars n_classes optionsRequired setup blockSize carQuantities slot n_options n_cars --input_var maxCars carQuantities n_classes optionsRequired n_options n_cars blockSize --example n_cars=200 n...,1,0,0,0,0,1,0,0,0,0,0,1,0,0,0,0,1,0,0,0,0,1,0,0,0,0,1]] 2>&1 | sed ""s/^/% /"" ; cat -u /app/model.mzn 2>/dev/null ; rm -f /app/model.mzn'
	in container ARNOLD_MPMMine-P002M001_92266:
	exit code: 255
	error: exec /usr/bin/bash: argument list too long
, Failed to run:
	bash -c 'python /app/code/run.py --var maxCars n_classes optionsRequired setup blockSize carQuantities slot n_options n_cars --input_var maxCars carQuantities n_classes optionsRequired n_options n_cars blockSize --example n_cars=200 n...,0,0,0,1,0,0,0,0,1,0,0,0,0,1,0,0,0,0,1,0,0,0,0,0,0,1,0]] 2>&1 | sed ""s/^/% /"" ; cat -u /app/model.mzn 2>/dev/null ; rm -f /app/model.mzn'
	in container ARNOLD_MPMMine-P002M001_92266:
	exit code: 255
	error: exec /usr/bin/bash: argument list too long
, Failed to run:
	bash -c 'python /app/code/run.py --var maxCars n_classes optionsRequired setup blockSize carQuantities slot n_options n_cars --input_var maxCars carQuantities n_classes optionsRequired n_options n_cars blockSize --example n_cars=200 n...,0,0,1,0,0,0,0,1,0,0,0,0,1,0,0,0,0,0,1,0,0,0,0,1,0,0,0]] 2>&1 | sed ""s/^/% /"" ; cat -u /app/model.mzn 2>/dev/null ; rm -f /app/model.mzn'
	in container ARNOLD_MPMMine-P002M001_92266:
	exit code: 255
	error: exec /usr/bin/bash: argument list too long
, Failed to run:
	bash -c 'python /app/code/run.py --var maxCars n_classes optionsRequired setup blockSize carQuantities slot n_options n_cars --input_var maxCars carQuantities n_classes optionsRequired n_options n_cars blockSize --example n_cars=200 n...,0,1,0,0,0,0,1,0,0,0,0,1,0,0,0,0,0,1,0,0,0,0,1,0,0,0,0]] 2>&1 | sed ""s/^/% /"" ; cat -u /app/model.mzn 2>/dev/null ; rm -f /app/model.mzn'
	in container ARNOLD_MPMMine-P002M001_92266:
	exit code: 255
	error: exec /usr/bin/bash: argument list too long
, Failed to run:
	bash -c 'python /app/code/run.py --var maxCars n_classes optionsRequired setup blockSize carQuantities slot n_options n_cars --input_var maxCars carQuantities n_classes optionsRequired n_options n_cars blockSize --example n_cars=200 n...,0,0,0,1,0,0,0,0,1,0,0,0,0,0,1,0,0,0,0,1,0,0,0,0,0,1,0]] 2>&1 | sed ""s/^/% /"" ; cat -u /app/model.mzn 2>/dev/null ; rm -f /app/model.mzn'
	in container ARNOLD_MPMMine-P002M001_92266:
	exit code: 255
	error: exec /usr/bin/bash: argument list too long
",0.0,0.0,,888676.5405888997,3.21890836168574,0.0,0.0,MPMMine-P002M001I054,ARNOLD/problems/P002/models/M001/instances/I054/75
ARNOLD,MPMMine-P002,MPMMine-P002M001,MPMMine-P002M001I054,100,100,0,5,,,200.0,0.0,1000,1.0,0.0,"Failed to run:
	bash -c 'python /app/code/run.py --var maxCars n_classes optionsRequired setup blockSize carQuantities slot n_options n_cars --input_var maxCars carQuantities n_classes optionsRequired n_options n_cars blockSize --example n_cars=200 n...,0,0,1,0,0,0,0,0,0,1,0,0,0,0,0,1,0,0,0,0,1,0,0,0,0,1,0]] 2>&1 | sed ""s/^/% /"" ; cat -u /app/model.mzn 2>/dev/null ; rm -f /app/model.mzn'
	in container ARNOLD_MPMMine-P002M001_92266:
	exit code: 255
	error: exec /usr/bin/bash: argument list too long
, Failed to run:
	bash -c 'python /app/code/run.py --var maxCars n_classes optionsRequired setup blockSize carQuantities slot n_options n_cars --input_var maxCars carQuantities n_classes optionsRequired n_options n_cars blockSize --example n_cars=200 n...,1,0,0,0,0,1,0,0,0,0,1,0,0,0,0,1,0,0,0,0,1,0,0,0,0,1,0]] 2>&1 | sed ""s/^/% /"" ; cat -u /app/model.mzn 2>/dev/null ; rm -f /app/model.mzn'
	in container ARNOLD_MPMMine-P002M001_92266:
	exit code: 255
	error: exec /usr/bin/bash: argument list too long
, Failed to run:
	bash -c 'python /app/code/run.py --var maxCars n_classes optionsRequired setup blockSize carQuantities slot n_options n_cars --input_var maxCars carQuantities n_classes optionsRequired n_options n_cars blockSize --example n_cars=200 n...,0,0,0,0,1,0,0,0,0,1,0,0,0,0,1,0,0,0,0,0,0,1,0,0,0,0,1]] 2>&1 | sed ""s/^/% /"" ; cat -u /app/model.mzn 2>/dev/null ; rm -f /app/model.mzn'
	in container ARNOLD_MPMMine-P002M001_92266:
	exit code: 255
	error: exec /usr/bin/bash: argument list too long
, Failed to run:
	bash -c 'python /app/code/run.py --var maxCars n_classes optionsRequired setup blockSize carQuantities slot n_options n_cars --input_var maxCars carQuantities n_classes optionsRequired n_options n_cars blockSize --example n_cars=200 n...,0,1,0,0,0,0,1,0,0,0,0,1,0,0,0,0,1,0,0,0,0,1,0,0,0,0,1]] 2>&1 | sed ""s/^/% /"" ; cat -u /app/model.mzn 2>/dev/null ; rm -f /app/model.mzn'
	in container ARNOLD_MPMMine-P002M001_92266:
	exit code: 255
	error: exec /usr/bin/bash: argument list too long
, Failed to run:
	bash -c 'python /app/code/run.py --var maxCars n_classes optionsRequired setup blockSize carQuantities slot n_options n_cars --input_var maxCars carQuantities n_classes optionsRequired n_options n_cars blockSize --example n_cars=200 n...,0,0,1,0,0,0,0,1,0,0,0,0,1,0,0,0,0,0,1,0,0,0,0,0,0,1,0]] 2>&1 | sed ""s/^/% /"" ; cat -u /app/model.mzn 2>/dev/null ; rm -f /app/model.mzn'
	in container ARNOLD_MPMMine-P002M001_92266:
	exit code: 255
	error: exec /usr/bin/bash: argument list too long
",0.0,0.0,,888688.8839769748,4.4717729734568605,0.0,0.0,MPMMine-P002M001I054,ARNOLD/problems/P002/models/M001/instances/I054/100
ARNOLD,MPMMine-P002,MPMMine-P002M001,MPMMine-P002M001I055,2,2,0,5,1.0,0.0,200.0,0.0,1000,0.0,0.0,,0.937,0.01553022924944031,Timeout while verifying an example,41.89412655839696,15.138434945859732,1135025.5885016453,21694.67946309192,MPMMine-P002M001I055,ARNOLD/problems/P002/models/M001/instances/I055/2
ARNOLD,MPMMine-P002,MPMMine-P002M001,MPMMine-P002M001I055,10,10,0,5,1.0,0.0,200.0,0.0,1000,0.0,0.0,,0.937,0.01553022924944031,Timeout while verifying an example,210.73256401657127,67.23549608933521,1134829.3463316793,21972.932310792345,MPMMine-P002M001I055,ARNOLD/problems/P002/models/M001/instances/I055/10
ARNOLD,MPMMine-P002,MPMMine-P002M001,MPMMine-P002M001I055,30,30,0,5,1.0,0.0,200.0,0.0,1000,0.0,0.0,,0.937,0.01553022924944031,Timeout while verifying an example,417.76095348359087,18.145655410854047,1135233.5026566498,21531.498627071487,MPMMine-P002M001I055,ARNOLD/problems/P002/models/M001/instances/I055/30
ARNOLD,MPMMine-P002,MPMMine-P002M001,MPMMine-P002M001I055,50,50,0,5,,,200.0,0.0,1000,1.0,0.0,"Failed to run:
	bash -c 'python /app/code/run.py --var blockSize setup optionsRequired n_classes n_options maxCars carQuantities n_cars slot --input_var n_classes n_options maxCars blockSize carQuantities n_cars optionsRequired --example n_cars=200 n...,0,1,0,0,0,0,1,0,0,0,0,1,0,0,0,0,0,1,0,0,0,0,1,0,0,0,0]] 2>&1 | sed ""s/^/% /"" ; cat -u /app/model.mzn 2>/dev/null ; rm -f /app/model.mzn'
	in container ARNOLD_MPMMine-P002M001_92251:
	exit code: 255
	error: exec /usr/bin/bash: argument list too long
, Failed to run:
	bash -c 'python /app/code/run.py --var blockSize setup optionsRequired n_classes n_options maxCars carQuantities n_cars slot --input_var n_classes n_options maxCars blockSize carQuantities n_cars optionsRequired --example n_cars=200 n...,0,0,0,1,0,0,0,0,1,0,0,0,0,0,1,0,0,0,0,0,1,0,0,0,0,0,1]] 2>&1 | sed ""s/^/% /"" ; cat -u /app/model.mzn 2>/dev/null ; rm -f /app/model.mzn'
	in container ARNOLD_MPMMine-P002M001_92251:
	exit code: 255
	error: exec /usr/bin/bash: argument list too long
, Failed to run:
	bash -c 'python /app/code/run.py --var blockSize setup optionsRequired n_classes n_options maxCars carQuantities n_cars slot --input_var n_classes n_options maxCars blockSize carQuantities n_cars optionsRequired --example n_cars=200 n...,0,0,0,1,0,0,0,0,0,0,1,0,0,0,0,0,0,0,1,0,0,0,0,0,1,0,0]] 2>&1 | sed ""s/^/% /"" ; cat -u /app/model.mzn 2>/dev/null ; rm -f /app/model.mzn'
	in container ARNOLD_MPMMine-P002M001_92251:
	exit code: 255
	error: exec /usr/bin/bash: argument list too long
, Failed to run:
	bash -c 'python /app/code/run.py --var blockSize setup optionsRequired n_classes n_options maxCars carQuantities n_cars slot --input_var n_classes n_options maxCars blockSize carQuantities n_cars optionsRequired --example n_cars=200 n...,0,0,0,0,0,0,1,0,0,0,0,0,0,1,0,0,0,0,0,1,0,0,0,0,0,1,0]] 2>&1 | sed ""s/^/% /"" ; cat -u /app/model.mzn 2>/dev/null ; rm -f /app/model.mzn'
	in container ARNOLD_MPMMine-P002M001_92251:
	exit code: 255
	error: exec /usr/bin/bash: argument list too long
, Failed to run:
	bash -c 'python /app/code/run.py --var blockSize setup optionsRequired n_classes n_options maxCars carQuantities n_cars slot --input_var n_classes n_options maxCars blockSize carQuantities n_cars optionsRequired --example n_cars=200 n...,0,1,0,0,0,0,1,0,0,0,0,0,1,0,0,0,0,0,0,0,0,1,0,0,0,0,1]] 2>&1 | sed ""s/^/% /"" ; cat -u /app/model.mzn 2>/dev/null ; rm -f /app/model.mzn'
	in container ARNOLD_MPMMine-P002M001_92251:
	exit code: 255
	error: exec /usr/bin/bash: argument list too long
",0.0,0.0,,892197.054890983,2.11453230969625,0.0,0.0,MPMMine-P002M001I055,ARNOLD/problems/P002/models/M001/instances/I055/50
ARNOLD,MPMMine-P002,MPMMine-P002M001,MPMMine-P002M001I055,75,75,0,5,,,200.0,0.0,1000,1.0,0.0,"Failed to run:
	bash -c 'python /app/code/run.py --var blockSize setup optionsRequired n_classes n_options maxCars carQuantities n_cars slot --input_var n_classes n_options maxCars blockSize carQuantities n_cars optionsRequired --example n_cars=200 n...,0,0,0,0,0,1,0,0,0,0,1,0,0,0,0,0,0,1,0,0,0,0,1,0,0,0,0]] 2>&1 | sed ""s/^/% /"" ; cat -u /app/model.mzn 2>/dev/null ; rm -f /app/model.mzn'
	in container ARNOLD_MPMMine-P002M001_92251:
	exit code: 255
	error: exec /usr/bin/bash: argument list too long
, Failed to run:
	bash -c 'python /app/code/run.py --var blockSize setup optionsRequired n_classes n_options maxCars carQuantities n_cars slot --input_var n_classes n_options maxCars blockSize carQuantities n_cars optionsRequired --example n_cars=200 n...,0,0,1,0,0,0,0,1,0,0,0,0,0,1,0,0,0,0,0,1,0,0,0,0,1,0,0]] 2>&1 | sed ""s/^/% /"" ; cat -u /app/model.mzn 2>/dev/null ; rm -f /app/model.mzn'
	in container ARNOLD_MPMMine-P002M001_92251:
	exit code: 255
	error: exec /usr/bin/bash: argument list too long
, Failed to run:
	bash -c 'python /app/code/run.py --var blockSize setup optionsRequired n_classes n_options maxCars carQuantities n_cars slot --input_var n_classes n_options maxCars blockSize carQuantities n_cars optionsRequired --example n_cars=200 n...,1,0,0,0,0,0,0,0,0,1,0,0,0,0,0,0,0,1,0,0,0,0,0,0,0,1,0]] 2>&1 | sed ""s/^/% /"" ; cat -u /app/model.mzn 2>/dev/null ; rm -f /app/model.mzn'
	in container ARNOLD_MPMMine-P002M001_92251:
	exit code: 255
	error: exec /usr/bin/bash: argument list too long
, Failed to run:
	bash -c 'python /app/code/run.py --var blockSize setup optionsRequired n_classes n_options maxCars carQuantities n_cars slot --input_var n_classes n_options maxCars blockSize carQuantities n_cars optionsRequired --example n_cars=200 n...,0,0,0,1,0,0,0,0,0,1,0,0,0,0,0,0,0,1,0,0,0,0,0,1,0,0,0]] 2>&1 | sed ""s/^/% /"" ; cat -u /app/model.mzn 2>/dev/null ; rm -f /app/model.mzn'
	in container ARNOLD_MPMMine-P002M001_92251:
	exit code: 255
	error: exec /usr/bin/bash: argument list too long
, Failed to run:
	bash -c 'python /app/code/run.py --var blockSize setup optionsRequired n_classes n_options maxCars carQuantities n_cars slot --input_var n_classes n_options maxCars blockSize carQuantities n_cars optionsRequired --example n_cars=200 n...,0,0,0,0,0,0,0,0,1,0,0,0,0,1,0,0,0,0,0,1,0,0,0,0,0,1,0]] 2>&1 | sed ""s/^/% /"" ; cat -u /app/model.mzn 2>/dev/null ; rm -f /app/model.mzn'
	in container ARNOLD_MPMMine-P002M001_92251:
	exit code: 255
	error: exec /usr/bin/bash: argument list too long
",0.0,0.0,,892206.7559806913,3.238074684277044,0.0,0.0,MPMMine-P002M001I055,ARNOLD/problems/P002/models/M001/instances/I055/75
ARNOLD,MPMMine-P002,MPMMine-P002M001,MPMMine-P002M001I055,100,100,0,5,,,200.0,0.0,1000,1.0,0.0,"Failed to run:
	bash -c 'python /app/code/run.py --var blockSize setup optionsRequired n_classes n_options maxCars carQuantities n_cars slot --input_var n_classes n_options maxCars blockSize carQuantities n_cars optionsRequired --example n_cars=200 n...,0,0,0,1,0,0,0,0,0,0,0,1,0,0,0,0,0,0,1,0,0,0,0,0,0,0,1]] 2>&1 | sed ""s/^/% /"" ; cat -u /app/model.mzn 2>/dev/null ; rm -f /app/model.mzn'
	in container ARNOLD_MPMMine-P002M001_92251:
	exit code: 255
	error: exec /usr/bin/bash: argument list too long
, Failed to run:
	bash -c 'python /app/code/run.py --var blockSize setup optionsRequired n_classes n_options maxCars carQuantities n_cars slot --input_var n_classes n_options maxCars blockSize carQuantities n_cars optionsRequired --example n_cars=200 n...,0,0,1,0,0,0,0,1,0,0,0,0,0,1,0,0,0,0,1,0,0,0,0,0,0,1,0]] 2>&1 | sed ""s/^/% /"" ; cat -u /app/model.mzn 2>/dev/null ; rm -f /app/model.mzn'
	in container ARNOLD_MPMMine-P002M001_92251:
	exit code: 255
	error: exec /usr/bin/bash: argument list too long
, Failed to run:
	bash -c 'python /app/code/run.py --var blockSize setup optionsRequired n_classes n_options maxCars carQuantities n_cars slot --input_var n_classes n_options maxCars blockSize carQuantities n_cars optionsRequired --example n_cars=200 n...,0,0,0,0,0,1,0,0,0,0,1,0,0,0,0,0,1,0,0,0,0,1,0,0,0,0,0]] 2>&1 | sed ""s/^/% /"" ; cat -u /app/model.mzn 2>/dev/null ; rm -f /app/model.mzn'
	in container ARNOLD_MPMMine-P002M001_92251:
	exit code: 255
	error: exec /usr/bin/bash: argument list too long
, Failed to run:
	bash -c 'python /app/code/run.py --var blockSize setup optionsRequired n_classes n_options maxCars carQuantities n_cars slot --input_var n_classes n_options maxCars blockSize carQuantities n_cars optionsRequired --example n_cars=200 n...,0,0,0,0,1,0,0,0,0,0,0,1,0,0,0,0,1,0,0,0,0,0,0,1,0,0,0]] 2>&1 | sed ""s/^/% /"" ; cat -u /app/model.mzn 2>/dev/null ; rm -f /app/model.mzn'
	in container ARNOLD_MPMMine-P002M001_92251:
	exit code: 255
	error: exec /usr/bin/bash: argument list too long
, Failed to run:
	bash -c 'python /app/code/run.py --var blockSize setup optionsRequired n_classes n_options maxCars carQuantities n_cars slot --input_var n_classes n_options maxCars blockSize carQuantities n_cars optionsRequired --example n_cars=200 n...,1,0,0,0,0,0,1,0,0,0,0,0,0,0,1,0,0,0,0,1,0,0,0,0,1,0,0]] 2>&1 | sed ""s/^/% /"" ; cat -u /app/model.mzn 2>/dev/null ; rm -f /app/model.mzn'
	in container ARNOLD_MPMMine-P002M001_92251:
	exit code: 255
	error: exec /usr/bin/bash: argument list too long
",0.0,0.0,,892219.8225923913,4.614809390158777,0.0,0.0,MPMMine-P002M001I055,ARNOLD/problems/P002/models/M001/instances/I055/100
ARNOLD,MPMMine-P002,MPMMine-P002M001,MPMMine-P002M001I056,2,2,0,5,1.0,0.0,200.0,0.0,1000,0.0,0.0,,0.9470000000000001,0.021736241731720514,Timeout while verifying an example,31.41832859998103,1.6198130162554036,1147423.9061167184,25209.252395198626,MPMMine-P002M001I056,ARNOLD/problems/P002/models/M001/instances/I056/2
ARNOLD,MPMMine-P002,MPMMine-P002M001,MPMMine-P002M001I056,10,10,0,5,1.0,0.0,200.0,0.0,1000,0.0,0.0,,0.9470000000000001,0.021736241731720514,Timeout while verifying an example,168.32006498319097,80.96653658943696,1149282.3551199492,23477.242476347437,MPMMine-P002M001I056,ARNOLD/problems/P002/models/M001/instances/I056/10
ARNOLD,MPMMine-P002,MPMMine-P002M001,MPMMine-P002M001I056,30,30,0,5,1.0,0.0,200.0,0.0,1000,0.0,0.0,,0.9470000000000001,0.021736241731720514,Timeout while verifying an example,620.9908592916094,227.92698740695667,1147453.2499100035,27102.273898067273,MPMMine-P002M001I056,ARNOLD/problems/P002/models/M001/instances/I056/30
ARNOLD,MPMMine-P002,MPMMine-P002M001,MPMMine-P002M001I056,50,50,0,5,,,200.0,0.0,1000,1.0,0.0,"Failed to run:
	bash -c 'python /app/code/run.py --var setup slot n_classes n_options n_cars maxCars blockSize carQuantities optionsRequired --input_var n_classes n_options n_cars maxCars blockSize carQuantities optionsRequired --example n_cars=200 n...,1,0,0,0,0,1,0,0,0,0,1,0,0,0,0,0,1,0,0,0,0,0,0,1,0,0,0]] 2>&1 | sed ""s/^/% /"" ; cat -u /app/model.mzn 2>/dev/null ; rm -f /app/model.mzn'
	in container ARNOLD_MPMMine-P002M001_92253:
	exit code: 255
	error: exec /usr/bin/bash: argument list too long
, Failed to run:
	bash -c 'python /app/code/run.py --var setup slot n_classes n_options n_cars maxCars blockSize carQuantities optionsRequired --input_var n_classes n_options n_cars maxCars blockSize carQuantities optionsRequired --example n_cars=200 n...,0,1,0,0,0,0,1,0,0,0,0,1,0,0,0,0,1,0,0,0,0,1,0,0,0,0,1]] 2>&1 | sed ""s/^/% /"" ; cat -u /app/model.mzn 2>/dev/null ; rm -f /app/model.mzn'
	in container ARNOLD_MPMMine-P002M001_92253:
	exit code: 255
	error: exec /usr/bin/bash: argument list too long
, Failed to run:
	bash -c 'python /app/code/run.py --var setup slot n_classes n_options n_cars maxCars blockSize carQuantities optionsRequired --input_var n_classes n_options n_cars maxCars blockSize carQuantities optionsRequired --example n_cars=200 n...,0,0,0,0,1,0,0,0,0,1,0,0,0,0,0,0,1,0,0,0,0,1,0,0,0,0,1]] 2>&1 | sed ""s/^/% /"" ; cat -u /app/model.mzn 2>/dev/null ; rm -f /app/model.mzn'
	in container ARNOLD_MPMMine-P002M001_92253:
	exit code: 255
	error: exec /usr/bin/bash: argument list too long
, Failed to run:
	bash -c 'python /app/code/run.py --var setup slot n_classes n_options n_cars maxCars blockSize carQuantities optionsRequired --input_var n_classes n_options n_cars maxCars blockSize carQuantities optionsRequired --example n_cars=200 n...,0,0,0,0,1,0,0,0,0,0,1,0,0,0,0,0,1,0,0,0,0,1,0,0,0,0,1]] 2>&1 | sed ""s/^/% /"" ; cat -u /app/model.mzn 2>/dev/null ; rm -f /app/model.mzn'
	in container ARNOLD_MPMMine-P002M001_92253:
	exit code: 255
	error: exec /usr/bin/bash: argument list too long
, Failed to run:
	bash -c 'python /app/code/run.py --var setup slot n_classes n_options n_cars maxCars blockSize carQuantities optionsRequired --input_var n_classes n_options n_cars maxCars blockSize carQuantities optionsRequired --example n_cars=200 n...,0,1,0,0,0,0,1,0,0,0,0,1,0,0,0,0,0,0,1,0,0,0,0,0,0,1,0]] 2>&1 | sed ""s/^/% /"" ; cat -u /app/model.mzn 2>/dev/null ; rm -f /app/model.mzn'
	in container ARNOLD_MPMMine-P002M001_92253:
	exit code: 255
	error: exec /usr/bin/bash: argument list too long
",0.0,0.0,,907109.7309376746,6.871221212692611,0.0,0.0,MPMMine-P002M001I056,ARNOLD/problems/P002/models/M001/instances/I056/50
ARNOLD,MPMMine-P002,MPMMine-P002M001,MPMMine-P002M001I056,75,75,0,5,,,200.0,0.0,1000,1.0,0.0,"Failed to run:
	bash -c 'python /app/code/run.py --var setup slot n_classes n_options n_cars maxCars blockSize carQuantities optionsRequired --input_var n_classes n_options n_cars maxCars blockSize carQuantities optionsRequired --example n_cars=200 n...,0,0,1,0,0,0,0,1,0,0,0,0,0,1,0,0,0,0,1,0,0,0,0,0,0,0,1]] 2>&1 | sed ""s/^/% /"" ; cat -u /app/model.mzn 2>/dev/null ; rm -f /app/model.mzn'
	in container ARNOLD_MPMMine-P002M001_92253:
	exit code: 255
	error: exec /usr/bin/bash: argument list too long
, Failed to run:
	bash -c 'python /app/code/run.py --var setup slot n_classes n_options n_cars maxCars blockSize carQuantities optionsRequired --input_var n_classes n_options n_cars maxCars blockSize carQuantities optionsRequired --example n_cars=200 n...,0,0,0,0,0,1,0,0,0,0,1,0,0,0,0,1,0,0,0,0,0,1,0,0,0,0,1]] 2>&1 | sed ""s/^/% /"" ; cat -u /app/model.mzn 2>/dev/null ; rm -f /app/model.mzn'
	in container ARNOLD_MPMMine-P002M001_92253:
	exit code: 255
	error: exec /usr/bin/bash: argument list too long
, Failed to run:
	bash -c 'python /app/code/run.py --var setup slot n_classes n_options n_cars maxCars blockSize carQuantities optionsRequired --input_var n_classes n_options n_cars maxCars blockSize carQuantities optionsRequired --example n_cars=200 n...,0,0,0,0,0,0,1,0,0,0,0,1,0,0,0,0,1,0,0,0,0,1,0,0,0,0,1]] 2>&1 | sed ""s/^/% /"" ; cat -u /app/model.mzn 2>/dev/null ; rm -f /app/model.mzn'
	in container ARNOLD_MPMMine-P002M001_92253:
	exit code: 255
	error: exec /usr/bin/bash: argument list too long
, Failed to run:
	bash -c 'python /app/code/run.py --var setup slot n_classes n_options n_cars maxCars blockSize carQuantities optionsRequired --input_var n_classes n_options n_cars maxCars blockSize carQuantities optionsRequired --example n_cars=200 n...,0,0,1,0,0,0,0,1,0,0,0,0,0,1,0,0,0,0,1,0,0,0,0,0,1,0,0]] 2>&1 | sed ""s/^/% /"" ; cat -u /app/model.mzn 2>/dev/null ; rm -f /app/model.mzn'
	in container ARNOLD_MPMMine-P002M001_92253:
	exit code: 255
	error: exec /usr/bin/bash: argument list too long
, Failed to run:
	bash -c 'python /app/code/run.py --var setup slot n_classes n_options n_cars maxCars blockSize carQuantities optionsRequired --input_var n_classes n_options n_cars maxCars blockSize carQuantities optionsRequired --example n_cars=200 n...,1,0,0,0,0,1,0,0,0,0,1,0,0,0,0,1,0,0,0,0,1,0,0,0,0,0,1]] 2>&1 | sed ""s/^/% /"" ; cat -u /app/model.mzn 2>/dev/null ; rm -f /app/model.mzn'
	in container ARNOLD_MPMMine-P002M001_92253:
	exit code: 255
	error: exec /usr/bin/bash: argument list too long
",0.0,0.0,,907132.2006560577,7.685837335535118,0.0,0.0,MPMMine-P002M001I056,ARNOLD/problems/P002/models/M001/instances/I056/75
ARNOLD,MPMMine-P002,MPMMine-P002M001,MPMMine-P002M001I056,100,100,0,5,,,200.0,0.0,1000,1.0,0.0,"Failed to run:
	bash -c 'python /app/code/run.py --var setup slot n_classes n_options n_cars maxCars blockSize carQuantities optionsRequired --input_var n_classes n_options n_cars maxCars blockSize carQuantities optionsRequired --example n_cars=200 n...,0,0,1,0,0,0,0,0,1,0,0,0,0,0,1,0,0,0,0,1,0,0,0,0,0,1,0]] 2>&1 | sed ""s/^/% /"" ; cat -u /app/model.mzn 2>/dev/null ; rm -f /app/model.mzn'
	in container ARNOLD_MPMMine-P002M001_92253:
	exit code: 255
	error: exec /usr/bin/bash: argument list too long
, Failed to run:
	bash -c 'python /app/code/run.py --var setup slot n_classes n_options n_cars maxCars blockSize carQuantities optionsRequired --input_var n_classes n_options n_cars maxCars blockSize carQuantities optionsRequired --example n_cars=200 n...,0,0,0,0,1,0,0,0,0,0,0,1,0,0,0,0,1,0,0,0,0,1,0,0,0,0,1]] 2>&1 | sed ""s/^/% /"" ; cat -u /app/model.mzn 2>/dev/null ; rm -f /app/model.mzn'
	in container ARNOLD_MPMMine-P002M001_92253:
	exit code: 255
	error: exec /usr/bin/bash: argument list too long
, Failed to run:
	bash -c 'python /app/code/run.py --var setup slot n_classes n_options n_cars maxCars blockSize carQuantities optionsRequired --input_var n_classes n_options n_cars maxCars blockSize carQuantities optionsRequired --example n_cars=200 n...,0,1,0,0,0,0,1,0,0,0,0,1,0,0,0,0,1,0,0,0,0,0,0,0,1,0,0]] 2>&1 | sed ""s/^/% /"" ; cat -u /app/model.mzn 2>/dev/null ; rm -f /app/model.mzn'
	in container ARNOLD_MPMMine-P002M001_92253:
	exit code: 255
	error: exec /usr/bin/bash: argument list too long
, Failed to run:
	bash -c 'python /app/code/run.py --var setup slot n_classes n_options n_cars maxCars blockSize carQuantities optionsRequired --input_var n_classes n_options n_cars maxCars blockSize carQuantities optionsRequired --example n_cars=200 n...,0,1,0,0,0,0,1,0,0,0,0,0,0,1,0,0,0,0,0,0,0,1,0,0,0,0,1]] 2>&1 | sed ""s/^/% /"" ; cat -u /app/model.mzn 2>/dev/null ; rm -f /app/model.mzn'
	in container ARNOLD_MPMMine-P002M001_92253:
	exit code: 255
	error: exec /usr/bin/bash: argument list too long
, Failed to run:
	bash -c 'python /app/code/run.py --var setup slot n_classes n_options n_cars maxCars blockSize carQuantities optionsRequired --input_var n_classes n_options n_cars maxCars blockSize carQuantities optionsRequired --example n_cars=200 n...,0,0,0,1,0,0,0,0,0,1,0,0,0,0,0,1,0,0,0,0,1,0,0,0,0,0,1]] 2>&1 | sed ""s/^/% /"" ; cat -u /app/model.mzn 2>/dev/null ; rm -f /app/model.mzn'
	in container ARNOLD_MPMMine-P002M001_92253:
	exit code: 255
	error: exec /usr/bin/bash: argument list too long
",0.0,0.0,,907164.1425718078,11.573972091076683,0.0,0.0,MPMMine-P002M001I056,ARNOLD/problems/P002/models/M001/instances/I056/100
ARNOLD,MPMMine-P002,MPMMine-P002M001,MPMMine-P002M001I057,2,2,0,5,1.0,0.0,200.0,0.0,1000,0.0,0.0,,0.9359999999999999,0.010282327342545203,Timeout while verifying an example,45.33234400821384,16.524582270335188,1134417.5155616365,11914.024057820203,MPMMine-P002M001I057,ARNOLD/problems/P002/models/M001/instances/I057/2
ARNOLD,MPMMine-P002,MPMMine-P002M001,MPMMine-P002M001I057,10,10,0,5,1.0,0.0,200.0,0.0,1000,0.0,0.0,,0.9359999999999999,0.010282327342545203,Timeout while verifying an example,181.70919103338383,74.0484280991158,1134297.260178323,13407.467093567911,MPMMine-P002M001I057,ARNOLD/problems/P002/models/M001/instances/I057/10
ARNOLD,MPMMine-P002,MPMMine-P002M001,MPMMine-P002M001I057,30,30,0,5,1.0,0.0,200.0,0.0,1000,0.0,0.0,,0.9359999999999999,0.010282327342545203,Timeout while verifying an example,479.42027077479287,210.7289403927065,1134055.2998484066,12111.130317106825,MPMMine-P002M001I057,ARNOLD/problems/P002/models/M001/instances/I057/30
ARNOLD,MPMMine-P002,MPMMine-P002M001,MPMMine-P002M001I057,50,50,0,5,,,200.0,0.0,1000,1.0,0.0,"Failed to run:
	bash -c 'python /app/code/run.py --var optionsRequired n_classes carQuantities n_cars maxCars n_options setup slot blockSize --input_var optionsRequired n_classes carQuantities n_options n_cars blockSize maxCars --example n_cars=200 n...,0,1,0,0,0,0,1,0,0,0,0,0,0,1,0,0,0,0,0,1,0,0,0,0,1,0,0]] 2>&1 | sed ""s/^/% /"" ; cat -u /app/model.mzn 2>/dev/null ; rm -f /app/model.mzn'
	in container ARNOLD_MPMMine-P002M001_92252:
	exit code: 255
	error: exec /usr/bin/bash: argument list too long
, Failed to run:
	bash -c 'python /app/code/run.py --var optionsRequired n_classes carQuantities n_cars maxCars n_options setup slot blockSize --input_var optionsRequired n_classes carQuantities n_options n_cars blockSize maxCars --example n_cars=200 n...,0,0,0,0,1,0,0,0,0,0,1,0,0,0,0,0,1,0,0,0,0,1,0,0,0,0,1]] 2>&1 | sed ""s/^/% /"" ; cat -u /app/model.mzn 2>/dev/null ; rm -f /app/model.mzn'
	in container ARNOLD_MPMMine-P002M001_92252:
	exit code: 255
	error: exec /usr/bin/bash: argument list too long
, Failed to run:
	bash -c 'python /app/code/run.py --var optionsRequired n_classes carQuantities n_cars maxCars n_options setup slot blockSize --input_var optionsRequired n_classes carQuantities n_options n_cars blockSize maxCars --example n_cars=200 n...,0,0,0,0,1,0,0,0,0,0,0,1,0,0,0,0,0,0,1,0,0,0,0,0,1,0,0]] 2>&1 | sed ""s/^/% /"" ; cat -u /app/model.mzn 2>/dev/null ; rm -f /app/model.mzn'
	in container ARNOLD_MPMMine-P002M001_92252:
	exit code: 255
	error: exec /usr/bin/bash: argument list too long
, Failed to run:
	bash -c 'python /app/code/run.py --var optionsRequired n_classes carQuantities n_cars maxCars n_options setup slot blockSize --input_var optionsRequired n_classes carQuantities n_options n_cars blockSize maxCars --example n_cars=200 n...,0,0,0,1,0,0,0,0,0,0,0,1,0,0,0,0,1,0,0,0,0,0,1,0,0,0,0]] 2>&1 | sed ""s/^/% /"" ; cat -u /app/model.mzn 2>/dev/null ; rm -f /app/model.mzn'
	in container ARNOLD_MPMMine-P002M001_92252:
	exit code: 255
	error: exec /usr/bin/bash: argument list too long
, Failed to run:
	bash -c 'python /app/code/run.py --var optionsRequired n_classes carQuantities n_cars maxCars n_options setup slot blockSize --input_var optionsRequired n_classes carQuantities n_options n_cars blockSize maxCars --example n_cars=200 n...,0,0,1,0,0,0,0,1,0,0,0,0,1,0,0,0,0,1,0,0,0,0,0,0,1,0,0]] 2>&1 | sed ""s/^/% /"" ; cat -u /app/model.mzn 2>/dev/null ; rm -f /app/model.mzn'
	in container ARNOLD_MPMMine-P002M001_92252:
	exit code: 255
	error: exec /usr/bin/bash: argument list too long
",0.0,0.0,,910089.521904508,2.0032420556985318,0.0,0.0,MPMMine-P002M001I057,ARNOLD/problems/P002/models/M001/instances/I057/50
ARNOLD,MPMMine-P002,MPMMine-P002M001,MPMMine-P002M001I057,75,75,0,5,,,200.0,0.0,1000,1.0,0.0,"Failed to run:
	bash -c 'python /app/code/run.py --var optionsRequired n_classes carQuantities n_cars maxCars n_options setup slot blockSize --input_var optionsRequired n_classes carQuantities n_options n_cars blockSize maxCars --example n_cars=200 n...,0,0,1,0,0,0,0,1,0,0,0,0,0,0,0,1,0,0,0,0,1,0,0,0,0,0,1]] 2>&1 | sed ""s/^/% /"" ; cat -u /app/model.mzn 2>/dev/null ; rm -f /app/model.mzn'
	in container ARNOLD_MPMMine-P002M001_92252:
	exit code: 255
	error: exec /usr/bin/bash: argument list too long
, Failed to run:
	bash -c 'python /app/code/run.py --var optionsRequired n_classes carQuantities n_cars maxCars n_options setup slot blockSize --input_var optionsRequired n_classes carQuantities n_options n_cars blockSize maxCars --example n_cars=200 n...,0,0,0,0,1,0,0,0,0,1,0,0,0,0,1,0,0,0,0,0,1,0,0,0,0,0,1]] 2>&1 | sed ""s/^/% /"" ; cat -u /app/model.mzn 2>/dev/null ; rm -f /app/model.mzn'
	in container ARNOLD_MPMMine-P002M001_92252:
	exit code: 255
	error: exec /usr/bin/bash: argument list too long
, Failed to run:
	bash -c 'python /app/code/run.py --var optionsRequired n_classes carQuantities n_cars maxCars n_options setup slot blockSize --input_var optionsRequired n_classes carQuantities n_options n_cars blockSize maxCars --example n_cars=200 n...,0,0,0,0,0,0,0,1,0,0,0,0,1,0,0,0,0,1,0,0,0,0,0,0,0,1,0]] 2>&1 | sed ""s/^/% /"" ; cat -u /app/model.mzn 2>/dev/null ; rm -f /app/model.mzn'
	in container ARNOLD_MPMMine-P002M001_92252:
	exit code: 255
	error: exec /usr/bin/bash: argument list too long
, Failed to run:
	bash -c 'python /app/code/run.py --var optionsRequired n_classes carQuantities n_cars maxCars n_options setup slot blockSize --input_var optionsRequired n_classes carQuantities n_options n_cars blockSize maxCars --example n_cars=200 n...,0,0,1,0,0,0,0,1,0,0,0,0,0,1,0,0,0,0,1,0,0,0,0,0,0,1,0]] 2>&1 | sed ""s/^/% /"" ; cat -u /app/model.mzn 2>/dev/null ; rm -f /app/model.mzn'
	in container ARNOLD_MPMMine-P002M001_92252:
	exit code: 255
	error: exec /usr/bin/bash: argument list too long
, Failed to run:
	bash -c 'python /app/code/run.py --var optionsRequired n_classes carQuantities n_cars maxCars n_options setup slot blockSize --input_var optionsRequired n_classes carQuantities n_options n_cars blockSize maxCars --example n_cars=200 n...,0,0,0,1,0,0,0,0,1,0,0,0,0,1,0,0,0,0,1,0,0,0,0,0,0,0,1]] 2>&1 | sed ""s/^/% /"" ; cat -u /app/model.mzn 2>/dev/null ; rm -f /app/model.mzn'
	in container ARNOLD_MPMMine-P002M001_92252:
	exit code: 255
	error: exec /usr/bin/bash: argument list too long
",0.0,0.0,,910098.3017607495,3.0440091729450938,0.0,0.0,MPMMine-P002M001I057,ARNOLD/problems/P002/models/M001/instances/I057/75
ARNOLD,MPMMine-P002,MPMMine-P002M001,MPMMine-P002M001I057,100,100,0,5,,,200.0,0.0,1000,1.0,0.0,"Failed to run:
	bash -c 'python /app/code/run.py --var optionsRequired n_classes carQuantities n_cars maxCars n_options setup slot blockSize --input_var optionsRequired n_classes carQuantities n_options n_cars blockSize maxCars --example n_cars=200 n...,0,1,0,0,0,0,1,0,0,0,0,1,0,0,0,0,1,0,0,0,0,0,0,1,0,0,0]] 2>&1 | sed ""s/^/% /"" ; cat -u /app/model.mzn 2>/dev/null ; rm -f /app/model.mzn'
	in container ARNOLD_MPMMine-P002M001_92252:
	exit code: 255
	error: exec /usr/bin/bash: argument list too long
, Failed to run:
	bash -c 'python /app/code/run.py --var optionsRequired n_classes carQuantities n_cars maxCars n_options setup slot blockSize --input_var optionsRequired n_classes carQuantities n_options n_cars blockSize maxCars --example n_cars=200 n...,0,0,0,1,0,0,0,0,0,1,0,0,0,0,1,0,0,0,0,1,0,0,0,0,0,0,1]] 2>&1 | sed ""s/^/% /"" ; cat -u /app/model.mzn 2>/dev/null ; rm -f /app/model.mzn'
	in container ARNOLD_MPMMine-P002M001_92252:
	exit code: 255
	error: exec /usr/bin/bash: argument list too long
, Failed to run:
	bash -c 'python /app/code/run.py --var optionsRequired n_classes carQuantities n_cars maxCars n_options setup slot blockSize --input_var optionsRequired n_classes carQuantities n_options n_cars blockSize maxCars --example n_cars=200 n...,0,0,0,0,1,0,0,0,0,0,1,0,0,0,0,1,0,0,0,0,0,1,0,0,0,0,1]] 2>&1 | sed ""s/^/% /"" ; cat -u /app/model.mzn 2>/dev/null ; rm -f /app/model.mzn'
	in container ARNOLD_MPMMine-P002M001_92252:
	exit code: 255
	error: exec /usr/bin/bash: argument list too long
, Failed to run:
	bash -c 'python /app/code/run.py --var optionsRequired n_classes carQuantities n_cars maxCars n_options setup slot blockSize --input_var optionsRequired n_classes carQuantities n_options n_cars blockSize maxCars --example n_cars=200 n...,0,0,0,1,0,0,0,0,0,0,1,0,0,0,0,1,0,0,0,0,0,1,0,0,0,0,1]] 2>&1 | sed ""s/^/% /"" ; cat -u /app/model.mzn 2>/dev/null ; rm -f /app/model.mzn'
	in container ARNOLD_MPMMine-P002M001_92252:
	exit code: 255
	error: exec /usr/bin/bash: argument list too long
, Failed to run:
	bash -c 'python /app/code/run.py --var optionsRequired n_classes carQuantities n_cars maxCars n_options setup slot blockSize --input_var optionsRequired n_classes carQuantities n_options n_cars blockSize maxCars --example n_cars=200 n...,0,0,0,0,1,0,0,0,0,0,1,0,0,0,0,0,1,0,0,0,0,1,0,0,0,0,1]] 2>&1 | sed ""s/^/% /"" ; cat -u /app/model.mzn 2>/dev/null ; rm -f /app/model.mzn'
	in container ARNOLD_MPMMine-P002M001_92252:
	exit code: 255
	error: exec /usr/bin/bash: argument list too long
",0.0,0.0,,910109.8537777497,3.989549294780841,0.0,0.0,MPMMine-P002M001I057,ARNOLD/problems/P002/models/M001/instances/I057/100
ARNOLD,MPMMine-P002,MPMMine-P002M001,MPMMine-P002M001I058,2,2,0,5,1.0,0.0,200.0,0.0,1000,0.0,0.0,,0.9490000000000001,0.011779885841881953,Timeout while verifying an example,35.089067025016995,13.983523366370099,1149765.845434959,16524.830739925288,MPMMine-P002M001I058,ARNOLD/problems/P002/models/M001/instances/I058/2
ARNOLD,MPMMine-P002,MPMMine-P002M001,MPMMine-P002M001I058,10,10,0,5,1.0,0.0,200.0,0.0,1000,0.0,0.0,,0.9490000000000001,0.011779885841881953,Timeout while verifying an example,178.08665606661233,71.16180918490863,1149687.2090466414,15510.825907665949,MPMMine-P002M001I058,ARNOLD/problems/P002/models/M001/instances/I058/10
ARNOLD,MPMMine-P002,MPMMine-P002M001,MPMMine-P002M001I058,30,30,0,5,1.0,0.0,200.0,0.0,1000,0.0,0.0,,0.9490000000000001,0.011779885841881953,Timeout while verifying an example,547.9920683166013,224.75161476543653,1149003.3663649997,14063.502455030452,MPMMine-P002M001I058,ARNOLD/problems/P002/models/M001/instances/I058/30
ARNOLD,MPMMine-P002,MPMMine-P002M001,MPMMine-P002M001I058,50,50,0,5,,,200.0,0.0,1000,1.0,0.0,"Failed to run:
	bash -c 'python /app/code/run.py --var setup n_cars slot n_classes n_options optionsRequired blockSize carQuantities maxCars --input_var n_classes optionsRequired blockSize n_cars carQuantities n_options maxCars --example n_cars=200 n...,1,0,0,0,0,0,1,0,0,0,0,1,0,0,0,0,0,0,0,0,1,0,0,0,0,1,0]] 2>&1 | sed ""s/^/% /"" ; cat -u /app/model.mzn 2>/dev/null ; rm -f /app/model.mzn'
	in container ARNOLD_MPMMine-P002M001_92275:
	exit code: 255
	error: exec /usr/bin/bash: argument list too long
, Failed to run:
	bash -c 'python /app/code/run.py --var setup n_cars slot n_classes n_options optionsRequired blockSize carQuantities maxCars --input_var n_classes optionsRequired blockSize n_cars carQuantities n_options maxCars --example n_cars=200 n...,0,1,0,0,0,0,0,1,0,0,0,0,0,1,0,0,0,0,0,0,0,1,0,0,0,0,1]] 2>&1 | sed ""s/^/% /"" ; cat -u /app/model.mzn 2>/dev/null ; rm -f /app/model.mzn'
	in container ARNOLD_MPMMine-P002M001_92275:
	exit code: 255
	error: exec /usr/bin/bash: argument list too long
, Failed to run:
	bash -c 'python /app/code/run.py --var setup n_cars slot n_classes n_options optionsRequired blockSize carQuantities maxCars --input_var n_classes optionsRequired blockSize n_cars carQuantities n_options maxCars --example n_cars=200 n...,1,0,0,0,0,1,0,0,0,0,1,0,0,0,0,1,0,0,0,0,0,0,1,0,0,0,0]] 2>&1 | sed ""s/^/% /"" ; cat -u /app/model.mzn 2>/dev/null ; rm -f /app/model.mzn'
	in container ARNOLD_MPMMine-P002M001_92275:
	exit code: 255
	error: exec /usr/bin/bash: argument list too long
, Failed to run:
	bash -c 'python /app/code/run.py --var setup n_cars slot n_classes n_options optionsRequired blockSize carQuantities maxCars --input_var n_classes optionsRequired blockSize n_cars carQuantities n_options maxCars --example n_cars=200 n...,0,0,1,0,0,0,0,0,1,0,0,0,0,1,0,0,0,0,1,0,0,0,0,1,0,0,0]] 2>&1 | sed ""s/^/% /"" ; cat -u /app/model.mzn 2>/dev/null ; rm -f /app/model.mzn'
	in container ARNOLD_MPMMine-P002M001_92275:
	exit code: 255
	error: exec /usr/bin/bash: argument list too long
, Failed to run:
	bash -c 'python /app/code/run.py --var setup n_cars slot n_classes n_options optionsRequired blockSize carQuantities maxCars --input_var n_classes optionsRequired blockSize n_cars carQuantities n_options maxCars --example n_cars=200 n...,0,0,0,0,1,0,0,0,0,1,0,0,0,0,1,0,0,0,0,0,1,0,0,0,0,0,1]] 2>&1 | sed ""s/^/% /"" ; cat -u /app/model.mzn 2>/dev/null ; rm -f /app/model.mzn'
	in container ARNOLD_MPMMine-P002M001_92275:
	exit code: 255
	error: exec /usr/bin/bash: argument list too long
",0.0,0.0,,913236.215491233,4.493583386921032,0.0,0.0,MPMMine-P002M001I058,ARNOLD/problems/P002/models/M001/instances/I058/50
ARNOLD,MPMMine-P002,MPMMine-P002M001,MPMMine-P002M001I058,75,75,0,5,,,200.0,0.0,1000,1.0,0.0,"Failed to run:
	bash -c 'python /app/code/run.py --var setup n_cars slot n_classes n_options optionsRequired blockSize carQuantities maxCars --input_var n_classes optionsRequired blockSize n_cars carQuantities n_options maxCars --example n_cars=200 n...,0,0,0,0,0,0,0,1,0,0,0,0,0,1,0,0,0,0,1,0,0,0,0,0,0,1,0]] 2>&1 | sed ""s/^/% /"" ; cat -u /app/model.mzn 2>/dev/null ; rm -f /app/model.mzn'
	in container ARNOLD_MPMMine-P002M001_92275:
	exit code: 255
	error: exec /usr/bin/bash: argument list too long
, Failed to run:
	bash -c 'python /app/code/run.py --var setup n_cars slot n_classes n_options optionsRequired blockSize carQuantities maxCars --input_var n_classes optionsRequired blockSize n_cars carQuantities n_options maxCars --example n_cars=200 n...,0,0,0,0,1,0,0,0,0,0,1,0,0,0,0,1,0,0,0,0,0,1,0,0,0,0,1]] 2>&1 | sed ""s/^/% /"" ; cat -u /app/model.mzn 2>/dev/null ; rm -f /app/model.mzn'
	in container ARNOLD_MPMMine-P002M001_92275:
	exit code: 255
	error: exec /usr/bin/bash: argument list too long
, Failed to run:
	bash -c 'python /app/code/run.py --var setup n_cars slot n_classes n_options optionsRequired blockSize carQuantities maxCars --input_var n_classes optionsRequired blockSize n_cars carQuantities n_options maxCars --example n_cars=200 n...,0,0,1,0,0,0,0,1,0,0,0,0,1,0,0,0,0,0,1,0,0,0,0,0,1,0,0]] 2>&1 | sed ""s/^/% /"" ; cat -u /app/model.mzn 2>/dev/null ; rm -f /app/model.mzn'
	in container ARNOLD_MPMMine-P002M001_92275:
	exit code: 255
	error: exec /usr/bin/bash: argument list too long
, Failed to run:
	bash -c 'python /app/code/run.py --var setup n_cars slot n_classes n_options optionsRequired blockSize carQuantities maxCars --input_var n_classes optionsRequired blockSize n_cars carQuantities n_options maxCars --example n_cars=200 n...,0,0,0,1,0,0,0,0,1,0,0,0,0,1,0,0,0,0,0,0,1,0,0,0,0,0,1]] 2>&1 | sed ""s/^/% /"" ; cat -u /app/model.mzn 2>/dev/null ; rm -f /app/model.mzn'
	in container ARNOLD_MPMMine-P002M001_92275:
	exit code: 255
	error: exec /usr/bin/bash: argument list too long
, Failed to run:
	bash -c 'python /app/code/run.py --var setup n_cars slot n_classes n_options optionsRequired blockSize carQuantities maxCars --input_var n_classes optionsRequired blockSize n_cars carQuantities n_options maxCars --example n_cars=200 n...,0,1,0,0,0,0,1,0,0,0,0,0,0,1,0,0,0,0,1,0,0,0,0,0,1,0,0]] 2>&1 | sed ""s/^/% /"" ; cat -u /app/model.mzn 2>/dev/null ; rm -f /app/model.mzn'
	in container ARNOLD_MPMMine-P002M001_92275:
	exit code: 255
	error: exec /usr/bin/bash: argument list too long
",0.0,0.0,,913254.3955896497,6.414615512263737,0.0,0.0,MPMMine-P002M001I058,ARNOLD/problems/P002/models/M001/instances/I058/75
ARNOLD,MPMMine-P002,MPMMine-P002M001,MPMMine-P002M001I058,100,100,0,5,,,200.0,0.0,1000,1.0,0.0,"Failed to run:
	bash -c 'python /app/code/run.py --var setup n_cars slot n_classes n_options optionsRequired blockSize carQuantities maxCars --input_var n_classes optionsRequired blockSize n_cars carQuantities n_options maxCars --example n_cars=200 n...,1,0,0,0,0,0,1,0,0,0,0,1,0,0,0,0,0,0,1,0,0,0,0,1,0,0,0]] 2>&1 | sed ""s/^/% /"" ; cat -u /app/model.mzn 2>/dev/null ; rm -f /app/model.mzn'
	in container ARNOLD_MPMMine-P002M001_92275:
	exit code: 255
	error: exec /usr/bin/bash: argument list too long
, Failed to run:
	bash -c 'python /app/code/run.py --var setup n_cars slot n_classes n_options optionsRequired blockSize carQuantities maxCars --input_var n_classes optionsRequired blockSize n_cars carQuantities n_options maxCars --example n_cars=200 n...,0,0,0,0,1,0,0,0,0,0,0,1,0,0,0,0,0,1,0,0,0,0,0,1,0,0,0]] 2>&1 | sed ""s/^/% /"" ; cat -u /app/model.mzn 2>/dev/null ; rm -f /app/model.mzn'
	in container ARNOLD_MPMMine-P002M001_92275:
	exit code: 255
	error: exec /usr/bin/bash: argument list too long
, Failed to run:
	bash -c 'python /app/code/run.py --var setup n_cars slot n_classes n_options optionsRequired blockSize carQuantities maxCars --input_var n_classes optionsRequired blockSize n_cars carQuantities n_options maxCars --example n_cars=200 n...,1,0,0,0,0,1,0,0,0,0,0,1,0,0,0,0,1,0,0,0,0,1,0,0,0,0,1]] 2>&1 | sed ""s/^/% /"" ; cat -u /app/model.mzn 2>/dev/null ; rm -f /app/model.mzn'
	in container ARNOLD_MPMMine-P002M001_92275:
	exit code: 255
	error: exec /usr/bin/bash: argument list too long
, Failed to run:
	bash -c 'python /app/code/run.py --var setup n_cars slot n_classes n_options optionsRequired blockSize carQuantities maxCars --input_var n_classes optionsRequired blockSize n_cars carQuantities n_options maxCars --example n_cars=200 n...,0,0,0,1,0,0,0,0,1,0,0,0,0,1,0,0,0,0,1,0,0,0,0,1,0,0,0]] 2>&1 | sed ""s/^/% /"" ; cat -u /app/model.mzn 2>/dev/null ; rm -f /app/model.mzn'
	in container ARNOLD_MPMMine-P002M001_92275:
	exit code: 255
	error: exec /usr/bin/bash: argument list too long
, Failed to run:
	bash -c 'python /app/code/run.py --var setup n_cars slot n_classes n_options optionsRequired blockSize carQuantities maxCars --input_var n_classes optionsRequired blockSize n_cars carQuantities n_options maxCars --example n_cars=200 n...,0,0,0,0,0,0,1,0,0,0,0,1,0,0,0,0,0,1,0,0,0,0,1,0,0,0,0]] 2>&1 | sed ""s/^/% /"" ; cat -u /app/model.mzn 2>/dev/null ; rm -f /app/model.mzn'
	in container ARNOLD_MPMMine-P002M001_92275:
	exit code: 255
	error: exec /usr/bin/bash: argument list too long
",0.0,0.0,,913278.2588379331,9.14419215389599,0.0,0.0,MPMMine-P002M001I058,ARNOLD/problems/P002/models/M001/instances/I058/100
ARNOLD,MPMMine-P002,MPMMine-P002M001,MPMMine-P002M001I059,2,2,0,5,1.0,0.0,200.0,0.0,1000,0.0,0.0,,0.9400000000000001,0.015207767228611054,Timeout while verifying an example,40.744464516616425,17.852171552735985,1138454.017605004,20823.88529393147,MPMMine-P002M001I059,ARNOLD/problems/P002/models/M001/instances/I059/2
ARNOLD,MPMMine-P002,MPMMine-P002M001,MPMMine-P002M001I059,10,10,0,5,1.0,0.0,200.0,0.0,1000,0.0,0.0,,0.9400000000000001,0.015207767228611054,Timeout while verifying an example,153.77412264142185,14.8837068574112,1138352.565250001,20832.978935629973,MPMMine-P002M001I059,ARNOLD/problems/P002/models/M001/instances/I059/10
ARNOLD,MPMMine-P002,MPMMine-P002M001,MPMMine-P002M001I059,30,30,0,5,1.0,0.0,200.0,0.0,1000,0.0,0.0,,0.9400000000000001,0.015207767228611054,Timeout while verifying an example,481.78692920841274,203.7602357884193,1139368.815446603,21116.453090046147,MPMMine-P002M001I059,ARNOLD/problems/P002/models/M001/instances/I059/30
ARNOLD,MPMMine-P002,MPMMine-P002M001,MPMMine-P002M001I059,50,50,0,5,,,200.0,0.0,1000,1.0,0.0,"Failed to run:
	bash -c 'python /app/code/run.py --var n_classes optionsRequired n_options blockSize maxCars slot n_cars carQuantities setup --input_var n_cars carQuantities n_classes optionsRequired n_options maxCars blockSize --example n_cars=200 n...,0,0,0,0,0,1,0,0,0,0,1,0,0,0,0,0,0,1,0,0,0,0,0,0,0,1,0]] 2>&1 | sed ""s/^/% /"" ; cat -u /app/model.mzn 2>/dev/null ; rm -f /app/model.mzn'
	in container ARNOLD_MPMMine-P002M001_92270:
	exit code: 255
	error: exec /usr/bin/bash: argument list too long
, Failed to run:
	bash -c 'python /app/code/run.py --var n_classes optionsRequired n_options blockSize maxCars slot n_cars carQuantities setup --input_var n_cars carQuantities n_classes optionsRequired n_options maxCars blockSize --example n_cars=200 n...,0,0,1,0,0,0,0,0,1,0,0,0,0,0,0,1,0,0,0,0,0,0,1,0,0,0,0]] 2>&1 | sed ""s/^/% /"" ; cat -u /app/model.mzn 2>/dev/null ; rm -f /app/model.mzn'
	in container ARNOLD_MPMMine-P002M001_92270:
	exit code: 255
	error: exec /usr/bin/bash: argument list too long
, Failed to run:
	bash -c 'python /app/code/run.py --var n_classes optionsRequired n_options blockSize maxCars slot n_cars carQuantities setup --input_var n_cars carQuantities n_classes optionsRequired n_options maxCars blockSize --example n_cars=200 n...,0,0,0,1,0,0,0,0,1,0,0,0,0,0,0,1,0,0,0,0,0,0,1,0,0,0,0]] 2>&1 | sed ""s/^/% /"" ; cat -u /app/model.mzn 2>/dev/null ; rm -f /app/model.mzn'
	in container ARNOLD_MPMMine-P002M001_92270:
	exit code: 255
	error: exec /usr/bin/bash: argument list too long
, Failed to run:
	bash -c 'python /app/code/run.py --var n_classes optionsRequired n_options blockSize maxCars slot n_cars carQuantities setup --input_var n_cars carQuantities n_classes optionsRequired n_options maxCars blockSize --example n_cars=200 n...,0,0,0,1,0,0,0,0,0,0,1,0,0,0,0,1,0,0,0,0,1,0,0,0,0,0,1]] 2>&1 | sed ""s/^/% /"" ; cat -u /app/model.mzn 2>/dev/null ; rm -f /app/model.mzn'
	in container ARNOLD_MPMMine-P002M001_92270:
	exit code: 255
	error: exec /usr/bin/bash: argument list too long
, Failed to run:
	bash -c 'python /app/code/run.py --var n_classes optionsRequired n_options blockSize maxCars slot n_cars carQuantities setup --input_var n_cars carQuantities n_classes optionsRequired n_options maxCars blockSize --example n_cars=200 n...,0,0,0,0,0,0,0,0,1,0,0,0,0,1,0,0,0,0,1,0,0,0,0,0,0,1,0]] 2>&1 | sed ""s/^/% /"" ; cat -u /app/model.mzn 2>/dev/null ; rm -f /app/model.mzn'
	in container ARNOLD_MPMMine-P002M001_92270:
	exit code: 255
	error: exec /usr/bin/bash: argument list too long
",0.0,0.0,,917161.8298710581,1.982205286407813,0.0,0.0,MPMMine-P002M001I059,ARNOLD/problems/P002/models/M001/instances/I059/50
ARNOLD,MPMMine-P002,MPMMine-P002M001,MPMMine-P002M001I059,75,75,0,5,,,200.0,0.0,1000,1.0,0.0,"Failed to run:
	bash -c 'python /app/code/run.py --var n_classes optionsRequired n_options blockSize maxCars slot n_cars carQuantities setup --input_var n_cars carQuantities n_classes optionsRequired n_options maxCars blockSize --example n_cars=200 n...,0,0,0,0,1,0,0,0,0,1,0,0,0,0,0,1,0,0,0,0,1,0,0,0,0,0,1]] 2>&1 | sed ""s/^/% /"" ; cat -u /app/model.mzn 2>/dev/null ; rm -f /app/model.mzn'
	in container ARNOLD_MPMMine-P002M001_92270:
	exit code: 255
	error: exec /usr/bin/bash: argument list too long
, Failed to run:
	bash -c 'python /app/code/run.py --var n_classes optionsRequired n_options blockSize maxCars slot n_cars carQuantities setup --input_var n_cars carQuantities n_classes optionsRequired n_options maxCars blockSize --example n_cars=200 n...,0,0,0,1,0,0,0,0,0,1,0,0,0,0,1,0,0,0,0,0,1,0,0,0,0,1,0]] 2>&1 | sed ""s/^/% /"" ; cat -u /app/model.mzn 2>/dev/null ; rm -f /app/model.mzn'
	in container ARNOLD_MPMMine-P002M001_92270:
	exit code: 255
	error: exec /usr/bin/bash: argument list too long
, Failed to run:
	bash -c 'python /app/code/run.py --var n_classes optionsRequired n_options blockSize maxCars slot n_cars carQuantities setup --input_var n_cars carQuantities n_classes optionsRequired n_options maxCars blockSize --example n_cars=200 n...,0,0,0,1,0,0,0,0,1,0,0,0,0,1,0,0,0,0,1,0,0,0,0,0,1,0,0]] 2>&1 | sed ""s/^/% /"" ; cat -u /app/model.mzn 2>/dev/null ; rm -f /app/model.mzn'
	in container ARNOLD_MPMMine-P002M001_92270:
	exit code: 255
	error: exec /usr/bin/bash: argument list too long
, Failed to run:
	bash -c 'python /app/code/run.py --var n_classes optionsRequired n_options blockSize maxCars slot n_cars carQuantities setup --input_var n_cars carQuantities n_classes optionsRequired n_options maxCars blockSize --example n_cars=200 n...,0,0,0,1,0,0,0,0,1,0,0,0,0,0,1,0,0,0,0,1,0,0,0,0,1,0,0]] 2>&1 | sed ""s/^/% /"" ; cat -u /app/model.mzn 2>/dev/null ; rm -f /app/model.mzn'
	in container ARNOLD_MPMMine-P002M001_92270:
	exit code: 255
	error: exec /usr/bin/bash: argument list too long
, Failed to run:
	bash -c 'python /app/code/run.py --var n_classes optionsRequired n_options blockSize maxCars slot n_cars carQuantities setup --input_var n_cars carQuantities n_classes optionsRequired n_options maxCars blockSize --example n_cars=200 n...,0,1,0,0,0,0,1,0,0,0,0,0,0,0,0,1,0,0,0,0,0,0,1,0,0,0,0]] 2>&1 | sed ""s/^/% /"" ; cat -u /app/model.mzn 2>/dev/null ; rm -f /app/model.mzn'
	in container ARNOLD_MPMMine-P002M001_92270:
	exit code: 255
	error: exec /usr/bin/bash: argument list too long
",0.0,0.0,,917170.8241319747,2.993291694035286,0.0,0.0,MPMMine-P002M001I059,ARNOLD/problems/P002/models/M001/instances/I059/75
ARNOLD,MPMMine-P002,MPMMine-P002M001,MPMMine-P002M001I059,100,100,0,5,,,200.0,0.0,1000,1.0,0.0,"Failed to run:
	bash -c 'python /app/code/run.py --var n_classes optionsRequired n_options blockSize maxCars slot n_cars carQuantities setup --input_var n_cars carQuantities n_classes optionsRequired n_options maxCars blockSize --example n_cars=200 n...,0,0,0,0,0,1,0,0,0,0,0,1,0,0,0,0,1,0,0,0,0,1,0,0,0,0,1]] 2>&1 | sed ""s/^/% /"" ; cat -u /app/model.mzn 2>/dev/null ; rm -f /app/model.mzn'
	in container ARNOLD_MPMMine-P002M001_92270:
	exit code: 255
	error: exec /usr/bin/bash: argument list too long
, Failed to run:
	bash -c 'python /app/code/run.py --var n_classes optionsRequired n_options blockSize maxCars slot n_cars carQuantities setup --input_var n_cars carQuantities n_classes optionsRequired n_options maxCars blockSize --example n_cars=200 n...,0,0,0,0,0,0,1,0,0,0,0,1,0,0,0,0,0,0,0,0,1,0,0,0,0,1,0]] 2>&1 | sed ""s/^/% /"" ; cat -u /app/model.mzn 2>/dev/null ; rm -f /app/model.mzn'
	in container ARNOLD_MPMMine-P002M001_92270:
	exit code: 255
	error: exec /usr/bin/bash: argument list too long
, Failed to run:
	bash -c 'python /app/code/run.py --var n_classes optionsRequired n_options blockSize maxCars slot n_cars carQuantities setup --input_var n_cars carQuantities n_classes optionsRequired n_options maxCars blockSize --example n_cars=200 n...,0,0,0,1,0,0,0,0,1,0,0,0,0,1,0,0,0,0,1,0,0,0,0,1,0,0,0]] 2>&1 | sed ""s/^/% /"" ; cat -u /app/model.mzn 2>/dev/null ; rm -f /app/model.mzn'
	in container ARNOLD_MPMMine-P002M001_92270:
	exit code: 255
	error: exec /usr/bin/bash: argument list too long
, Failed to run:
	bash -c 'python /app/code/run.py --var n_classes optionsRequired n_options blockSize maxCars slot n_cars carQuantities setup --input_var n_cars carQuantities n_classes optionsRequired n_options maxCars blockSize --example n_cars=200 n...,0,0,0,1,0,0,0,0,1,0,0,0,0,0,1,0,0,0,0,1,0,0,0,0,0,1,0]] 2>&1 | sed ""s/^/% /"" ; cat -u /app/model.mzn 2>/dev/null ; rm -f /app/model.mzn'
	in container ARNOLD_MPMMine-P002M001_92270:
	exit code: 255
	error: exec /usr/bin/bash: argument list too long
, Failed to run:
	bash -c 'python /app/code/run.py --var n_classes optionsRequired n_options blockSize maxCars slot n_cars carQuantities setup --input_var n_cars carQuantities n_classes optionsRequired n_options maxCars blockSize --example n_cars=200 n...,0,0,0,0,0,0,0,0,0,1,0,0,0,0,0,1,0,0,0,0,0,1,0,0,0,0,1]] 2>&1 | sed ""s/^/% /"" ; cat -u /app/model.mzn 2>/dev/null ; rm -f /app/model.mzn'
	in container ARNOLD_MPMMine-P002M001_92270:
	exit code: 255
	error: exec /usr/bin/bash: argument list too long
",0.0,0.0,,917182.6795771165,4.084272921826,0.0,0.0,MPMMine-P002M001I059,ARNOLD/problems/P002/models/M001/instances/I059/100
ARNOLD,MPMMine-P002,MPMMine-P002M001,MPMMine-P002M001I060,2,2,0,5,1.0,0.0,200.0,0.0,1000,0.0,0.0,,0.945,0.02111948485936565,Timeout while verifying an example,34.302841699821876,13.419410810380484,1145328.8760266034,26795.285067933004,MPMMine-P002M001I060,ARNOLD/problems/P002/models/M001/instances/I060/2
ARNOLD,MPMMine-P002,MPMMine-P002M001,MPMMine-P002M001I060,10,10,0,5,1.0,0.0,200.0,0.0,1000,0.0,0.0,,0.945,0.02111948485936565,Timeout while verifying an example,161.15032600022386,57.896990424678584,1145239.40107828,26620.70570518691,MPMMine-P002M001I060,ARNOLD/problems/P002/models/M001/instances/I060/10
ARNOLD,MPMMine-P002,MPMMine-P002M001,MPMMine-P002M001I060,30,30,0,5,1.0,0.0,200.0,0.0,1000,0.0,0.0,,0.945,0.02111948485936565,Timeout while verifying an example,561.119467716571,207.80599763087102,1144457.0548067149,22581.671829392486,MPMMine-P002M001I060,ARNOLD/problems/P002/models/M001/instances/I060/30
ARNOLD,MPMMine-P002,MPMMine-P002M001,MPMMine-P002M001I060,50,50,0,5,,,200.0,0.0,1000,1.0,0.0,"Failed to run:
	bash -c 'python /app/code/run.py --var optionsRequired maxCars n_cars carQuantities n_options slot blockSize setup n_classes --input_var optionsRequired maxCars n_cars carQuantities n_options blockSize n_classes --example n_cars=200 n...,1,0,0,0,0,0,0,1,0,0,0,0,0,0,1,0,0,0,0,1,0,0,0,0,1,0,0]] 2>&1 | sed ""s/^/% /"" ; cat -u /app/model.mzn 2>/dev/null ; rm -f /app/model.mzn'
	in container ARNOLD_MPMMine-P002M001_92274:
	exit code: 255
	error: exec /usr/bin/bash: argument list too long
, Failed to run:
	bash -c 'python /app/code/run.py --var optionsRequired maxCars n_cars carQuantities n_options slot blockSize setup n_classes --input_var optionsRequired maxCars n_cars carQuantities n_options blockSize n_classes --example n_cars=200 n...,0,1,0,0,0,0,0,1,0,0,0,0,0,0,1,0,0,0,0,1,0,0,0,0,0,1,0]] 2>&1 | sed ""s/^/% /"" ; cat -u /app/model.mzn 2>/dev/null ; rm -f /app/model.mzn'
	in container ARNOLD_MPMMine-P002M001_92274:
	exit code: 255
	error: exec /usr/bin/bash: argument list too long
, Failed to run:
	bash -c 'python /app/code/run.py --var optionsRequired maxCars n_cars carQuantities n_options slot blockSize setup n_classes --input_var optionsRequired maxCars n_cars carQuantities n_options blockSize n_classes --example n_cars=200 n...,0,0,1,0,0,0,0,0,1,0,0,0,0,0,1,0,0,0,0,1,0,0,0,0,1,0,0]] 2>&1 | sed ""s/^/% /"" ; cat -u /app/model.mzn 2>/dev/null ; rm -f /app/model.mzn'
	in container ARNOLD_MPMMine-P002M001_92274:
	exit code: 255
	error: exec /usr/bin/bash: argument list too long
, Failed to run:
	bash -c 'python /app/code/run.py --var optionsRequired maxCars n_cars carQuantities n_options slot blockSize setup n_classes --input_var optionsRequired maxCars n_cars carQuantities n_options blockSize n_classes --example n_cars=200 n...,0,0,0,0,1,0,0,0,0,1,0,0,0,0,0,1,0,0,0,0,1,0,0,0,0,1,0]] 2>&1 | sed ""s/^/% /"" ; cat -u /app/model.mzn 2>/dev/null ; rm -f /app/model.mzn'
	in container ARNOLD_MPMMine-P002M001_92274:
	exit code: 255
	error: exec /usr/bin/bash: argument list too long
, Failed to run:
	bash -c 'python /app/code/run.py --var optionsRequired maxCars n_cars carQuantities n_options slot blockSize setup n_classes --input_var optionsRequired maxCars n_cars carQuantities n_options blockSize n_classes --example n_cars=200 n...,0,0,1,0,0,0,0,1,0,0,0,0,1,0,0,0,0,0,0,0,1,0,0,0,0,0,1]] 2>&1 | sed ""s/^/% /"" ; cat -u /app/model.mzn 2>/dev/null ; rm -f /app/model.mzn'
	in container ARNOLD_MPMMine-P002M001_92274:
	exit code: 255
	error: exec /usr/bin/bash: argument list too long
",0.0,0.0,,920474.6099777331,4.284780088263817,0.0,0.0,MPMMine-P002M001I060,ARNOLD/problems/P002/models/M001/instances/I060/50
ARNOLD,MPMMine-P002,MPMMine-P002M001,MPMMine-P002M001I060,75,75,0,5,,,200.0,0.0,1000,1.0,0.0,"Failed to run:
	bash -c 'python /app/code/run.py --var optionsRequired maxCars n_cars carQuantities n_options slot blockSize setup n_classes --input_var optionsRequired maxCars n_cars carQuantities n_options blockSize n_classes --example n_cars=200 n...,0,0,0,0,0,1,0,0,0,0,1,0,0,0,0,0,1,0,0,0,0,1,0,0,0,0,1]] 2>&1 | sed ""s/^/% /"" ; cat -u /app/model.mzn 2>/dev/null ; rm -f /app/model.mzn'
	in container ARNOLD_MPMMine-P002M001_92274:
	exit code: 255
	error: exec /usr/bin/bash: argument list too long
, Failed to run:
	bash -c 'python /app/code/run.py --var optionsRequired maxCars n_cars carQuantities n_options slot blockSize setup n_classes --input_var optionsRequired maxCars n_cars carQuantities n_options blockSize n_classes --example n_cars=200 n...,0,0,0,0,1,0,0,0,0,0,1,0,0,0,0,1,0,0,0,0,0,1,0,0,0,0,1]] 2>&1 | sed ""s/^/% /"" ; cat -u /app/model.mzn 2>/dev/null ; rm -f /app/model.mzn'
	in container ARNOLD_MPMMine-P002M001_92274:
	exit code: 255
	error: exec /usr/bin/bash: argument list too long
, Failed to run:
	bash -c 'python /app/code/run.py --var optionsRequired maxCars n_cars carQuantities n_options slot blockSize setup n_classes --input_var optionsRequired maxCars n_cars carQuantities n_options blockSize n_classes --example n_cars=200 n...,0,0,0,0,1,0,0,0,0,1,0,0,0,0,1,0,0,0,0,1,0,0,0,0,1,0,0]] 2>&1 | sed ""s/^/% /"" ; cat -u /app/model.mzn 2>/dev/null ; rm -f /app/model.mzn'
	in container ARNOLD_MPMMine-P002M001_92274:
	exit code: 255
	error: exec /usr/bin/bash: argument list too long
, Failed to run:
	bash -c 'python /app/code/run.py --var optionsRequired maxCars n_cars carQuantities n_options slot blockSize setup n_classes --input_var optionsRequired maxCars n_cars carQuantities n_options blockSize n_classes --example n_cars=200 n...,0,0,1,0,0,0,0,1,0,0,0,0,0,1,0,0,0,0,1,0,0,0,0,0,0,1,0]] 2>&1 | sed ""s/^/% /"" ; cat -u /app/model.mzn 2>/dev/null ; rm -f /app/model.mzn'
	in container ARNOLD_MPMMine-P002M001_92274:
	exit code: 255
	error: exec /usr/bin/bash: argument list too long
, Failed to run:
	bash -c 'python /app/code/run.py --var optionsRequired maxCars n_cars carQuantities n_options slot blockSize setup n_classes --input_var optionsRequired maxCars n_cars carQuantities n_options blockSize n_classes --example n_cars=200 n...,1,0,0,0,0,1,0,0,0,0,1,0,0,0,0,0,1,0,0,0,0,0,0,1,0,0,0]] 2>&1 | sed ""s/^/% /"" ; cat -u /app/model.mzn 2>/dev/null ; rm -f /app/model.mzn'
	in container ARNOLD_MPMMine-P002M001_92274:
	exit code: 255
	error: exec /usr/bin/bash: argument list too long
",0.0,0.0,,920494.094619583,6.541256086601604,0.0,0.0,MPMMine-P002M001I060,ARNOLD/problems/P002/models/M001/instances/I060/75
ARNOLD,MPMMine-P002,MPMMine-P002M001,MPMMine-P002M001I060,100,100,0,5,,,200.0,0.0,1000,1.0,0.0,"Failed to run:
	bash -c 'python /app/code/run.py --var optionsRequired maxCars n_cars carQuantities n_options slot blockSize setup n_classes --input_var optionsRequired maxCars n_cars carQuantities n_options blockSize n_classes --example n_cars=200 n...,0,1,0,0,0,0,0,0,1,0,0,0,0,1,0,0,0,0,0,0,0,1,0,0,0,0,1]] 2>&1 | sed ""s/^/% /"" ; cat -u /app/model.mzn 2>/dev/null ; rm -f /app/model.mzn'
	in container ARNOLD_MPMMine-P002M001_92274:
	exit code: 255
	error: exec /usr/bin/bash: argument list too long
, Failed to run:
	bash -c 'python /app/code/run.py --var optionsRequired maxCars n_cars carQuantities n_options slot blockSize setup n_classes --input_var optionsRequired maxCars n_cars carQuantities n_options blockSize n_classes --example n_cars=200 n...,0,0,0,0,0,0,1,0,0,0,0,1,0,0,0,0,0,1,0,0,0,0,0,0,1,0,0]] 2>&1 | sed ""s/^/% /"" ; cat -u /app/model.mzn 2>/dev/null ; rm -f /app/model.mzn'
	in container ARNOLD_MPMMine-P002M001_92274:
	exit code: 255
	error: exec /usr/bin/bash: argument list too long
, Failed to run:
	bash -c 'python /app/code/run.py --var optionsRequired maxCars n_cars carQuantities n_options slot blockSize setup n_classes --input_var optionsRequired maxCars n_cars carQuantities n_options blockSize n_classes --example n_cars=200 n...,0,0,0,1,0,0,0,0,0,0,1,0,0,0,0,1,0,0,0,0,1,0,0,0,0,1,0]] 2>&1 | sed ""s/^/% /"" ; cat -u /app/model.mzn 2>/dev/null ; rm -f /app/model.mzn'
	in container ARNOLD_MPMMine-P002M001_92274:
	exit code: 255
	error: exec /usr/bin/bash: argument list too long
, Failed to run:
	bash -c 'python /app/code/run.py --var optionsRequired maxCars n_cars carQuantities n_options slot blockSize setup n_classes --input_var optionsRequired maxCars n_cars carQuantities n_options blockSize n_classes --example n_cars=200 n...,1,0,0,0,0,0,0,1,0,0,0,0,0,1,0,0,0,0,0,1,0,0,0,0,1,0,0]] 2>&1 | sed ""s/^/% /"" ; cat -u /app/model.mzn 2>/dev/null ; rm -f /app/model.mzn'
	in container ARNOLD_MPMMine-P002M001_92274:
	exit code: 255
	error: exec /usr/bin/bash: argument list too long
, Failed to run:
	bash -c 'python /app/code/run.py --var optionsRequired maxCars n_cars carQuantities n_options slot blockSize setup n_classes --input_var optionsRequired maxCars n_cars carQuantities n_options blockSize n_classes --example n_cars=200 n...,1,0,0,0,0,0,1,0,0,0,0,0,0,1,0,0,0,0,0,1,0,0,0,0,0,0,1]] 2>&1 | sed ""s/^/% /"" ; cat -u /app/model.mzn 2>/dev/null ; rm -f /app/model.mzn'
	in container ARNOLD_MPMMine-P002M001_92274:
	exit code: 255
	error: exec /usr/bin/bash: argument list too long
",0.0,0.0,,920521.4861145827,12.027587382148505,0.0,0.0,MPMMine-P002M001I060,ARNOLD/problems/P002/models/M001/instances/I060/100
ARNOLD,MPMMine-P002,MPMMine-P002M001,MPMMine-P002M001I061,2,2,0,5,1.0,0.0,200.0,0.0,1000,0.0,0.0,,0.954,0.016954151625961617,Timeout while verifying an example,47.58619265020825,15.867052293648806,1155919.3113949522,21928.324147839383,MPMMine-P002M001I061,ARNOLD/problems/P002/models/M001/instances/I061/2
ARNOLD,MPMMine-P002,MPMMine-P002M001,MPMMine-P002M001I061,10,10,0,5,1.0,0.0,200.0,0.0,1000,0.0,0.0,,0.954,0.016954151625961617,Timeout while verifying an example,176.89306183296722,86.93213062804156,1155765.0320166862,22087.074454790363,MPMMine-P002M001I061,ARNOLD/problems/P002/models/M001/instances/I061/10
ARNOLD,MPMMine-P002,MPMMine-P002M001,MPMMine-P002M001I061,30,30,0,5,1.0,0.0,200.0,0.0,1000,0.0,0.0,,0.954,0.016954151625961617,Timeout while verifying an example,434.7119445915567,43.53389624934521,1153363.7497150013,19609.030214279286,MPMMine-P002M001I061,ARNOLD/problems/P002/models/M001/instances/I061/30
ARNOLD,MPMMine-P002,MPMMine-P002M001,MPMMine-P002M001I061,50,50,0,5,,,200.0,0.0,1000,1.0,0.0,"Failed to run:
	bash -c 'python /app/code/run.py --var setup slot n_classes n_options n_cars maxCars blockSize carQuantities optionsRequired --input_var n_classes n_options n_cars maxCars blockSize carQuantities optionsRequired --example n_cars=200 n...,0,0,0,0,0,1,0,0,0,0,0,0,0,1,0,0,0,0,0,1,0,0,0,0,1,0,0]] 2>&1 | sed ""s/^/% /"" ; cat -u /app/model.mzn 2>/dev/null ; rm -f /app/model.mzn'
	in container ARNOLD_MPMMine-P002M001_92253:
	exit code: 255
	error: exec /usr/bin/bash: argument list too long
, Failed to run:
	bash -c 'python /app/code/run.py --var setup slot n_classes n_options n_cars maxCars blockSize carQuantities optionsRequired --input_var n_classes n_options n_cars maxCars blockSize carQuantities optionsRequired --example n_cars=200 n...,0,1,0,0,0,0,0,1,0,0,0,0,0,1,0,0,0,0,0,0,1,0,0,0,0,0,1]] 2>&1 | sed ""s/^/% /"" ; cat -u /app/model.mzn 2>/dev/null ; rm -f /app/model.mzn'
	in container ARNOLD_MPMMine-P002M001_92253:
	exit code: 255
	error: exec /usr/bin/bash: argument list too long
, Failed to run:
	bash -c 'python /app/code/run.py --var setup slot n_classes n_options n_cars maxCars blockSize carQuantities optionsRequired --input_var n_classes n_options n_cars maxCars blockSize carQuantities optionsRequired --example n_cars=200 n...,0,0,0,0,0,0,0,1,0,0,0,0,0,0,1,0,0,0,0,1,0,0,0,0,0,0,0]] 2>&1 | sed ""s/^/% /"" ; cat -u /app/model.mzn 2>/dev/null ; rm -f /app/model.mzn'
	in container ARNOLD_MPMMine-P002M001_92253:
	exit code: 255
	error: exec /usr/bin/bash: argument list too long
, Failed to run:
	bash -c 'python /app/code/run.py --var setup slot n_classes n_options n_cars maxCars blockSize carQuantities optionsRequired --input_var n_classes n_options n_cars maxCars blockSize carQuantities optionsRequired --example n_cars=200 n...,0,0,0,0,1,0,0,0,0,0,1,0,0,0,0,0,1,0,0,0,0,0,0,0,0,0,1]] 2>&1 | sed ""s/^/% /"" ; cat -u /app/model.mzn 2>/dev/null ; rm -f /app/model.mzn'
	in container ARNOLD_MPMMine-P002M001_92253:
	exit code: 255
	error: exec /usr/bin/bash: argument list too long
, Failed to run:
	bash -c 'python /app/code/run.py --var setup slot n_classes n_options n_cars maxCars blockSize carQuantities optionsRequired --input_var n_classes n_options n_cars maxCars blockSize carQuantities optionsRequired --example n_cars=200 n...,0,0,0,0,1,0,0,0,0,1,0,0,0,0,0,0,1,0,0,0,0,0,0,0,0,0,1]] 2>&1 | sed ""s/^/% /"" ; cat -u /app/model.mzn 2>/dev/null ; rm -f /app/model.mzn'
	in container ARNOLD_MPMMine-P002M001_92253:
	exit code: 255
	error: exec /usr/bin/bash: argument list too long
",0.0,0.0,,935781.7530258831,1.78462623076674,0.0,0.0,MPMMine-P002M001I061,ARNOLD/problems/P002/models/M001/instances/I061/50
ARNOLD,MPMMine-P002,MPMMine-P002M001,MPMMine-P002M001I061,75,75,0,5,,,200.0,0.0,1000,1.0,0.0,"Failed to run:
	bash -c 'python /app/code/run.py --var setup slot n_classes n_options n_cars maxCars blockSize carQuantities optionsRequired --input_var n_classes n_options n_cars maxCars blockSize carQuantities optionsRequired --example n_cars=200 n...,0,0,0,1,0,0,0,0,0,0,1,0,0,0,0,1,0,0,0,0,0,0,0,0,0,0,1]] 2>&1 | sed ""s/^/% /"" ; cat -u /app/model.mzn 2>/dev/null ; rm -f /app/model.mzn'
	in container ARNOLD_MPMMine-P002M001_92253:
	exit code: 255
	error: exec /usr/bin/bash: argument list too long
, Failed to run:
	bash -c 'python /app/code/run.py --var setup slot n_classes n_options n_cars maxCars blockSize carQuantities optionsRequired --input_var n_classes n_options n_cars maxCars blockSize carQuantities optionsRequired --example n_cars=200 n...,0,0,0,0,0,0,0,0,0,0,0,0,0,1,0,0,0,0,0,0,0,0,1,0,0,0,0]] 2>&1 | sed ""s/^/% /"" ; cat -u /app/model.mzn 2>/dev/null ; rm -f /app/model.mzn'
	in container ARNOLD_MPMMine-P002M001_92253:
	exit code: 255
	error: exec /usr/bin/bash: argument list too long
, Failed to run:
	bash -c 'python /app/code/run.py --var setup slot n_classes n_options n_cars maxCars blockSize carQuantities optionsRequired --input_var n_classes n_options n_cars maxCars blockSize carQuantities optionsRequired --example n_cars=200 n...,0,0,1,0,0,0,0,1,0,0,0,0,1,0,0,0,0,0,0,0,0,0,1,0,0,0,0]] 2>&1 | sed ""s/^/% /"" ; cat -u /app/model.mzn 2>/dev/null ; rm -f /app/model.mzn'
	in container ARNOLD_MPMMine-P002M001_92253:
	exit code: 255
	error: exec /usr/bin/bash: argument list too long
, Failed to run:
	bash -c 'python /app/code/run.py --var setup slot n_classes n_options n_cars maxCars blockSize carQuantities optionsRequired --input_var n_classes n_options n_cars maxCars blockSize carQuantities optionsRequired --example n_cars=200 n...,0,0,1,0,0,0,0,0,1,0,0,0,0,1,0,0,0,0,0,0,0,0,0,0,0,0,0]] 2>&1 | sed ""s/^/% /"" ; cat -u /app/model.mzn 2>/dev/null ; rm -f /app/model.mzn'
	in container ARNOLD_MPMMine-P002M001_92253:
	exit code: 255
	error: exec /usr/bin/bash: argument list too long
, Failed to run:
	bash -c 'python /app/code/run.py --var setup slot n_classes n_options n_cars maxCars blockSize carQuantities optionsRequired --input_var n_classes n_options n_cars maxCars blockSize carQuantities optionsRequired --example n_cars=200 n...,0,0,0,1,0,0,0,0,1,0,0,0,0,0,0,1,0,0,0,0,0,0,0,0,0,0,1]] 2>&1 | sed ""s/^/% /"" ; cat -u /app/model.mzn 2>/dev/null ; rm -f /app/model.mzn'
	in container ARNOLD_MPMMine-P002M001_92253:
	exit code: 255
	error: exec /usr/bin/bash: argument list too long
",0.0,0.0,,935790.1795503246,2.8044154460224653,0.0,0.0,MPMMine-P002M001I061,ARNOLD/problems/P002/models/M001/instances/I061/75
ARNOLD,MPMMine-P002,MPMMine-P002M001,MPMMine-P002M001I061,100,100,0,5,,,200.0,0.0,1000,1.0,0.0,"Failed to run:
	bash -c 'python /app/code/run.py --var setup slot n_classes n_options n_cars maxCars blockSize carQuantities optionsRequired --input_var n_classes n_options n_cars maxCars blockSize carQuantities optionsRequired --example n_cars=200 n...,0,0,0,0,0,0,0,1,0,0,0,0,0,1,0,0,0,0,0,1,0,0,0,0,0,1,0]] 2>&1 | sed ""s/^/% /"" ; cat -u /app/model.mzn 2>/dev/null ; rm -f /app/model.mzn'
	in container ARNOLD_MPMMine-P002M001_92253:
	exit code: 255
	error: exec /usr/bin/bash: argument list too long
, Failed to run:
	bash -c 'python /app/code/run.py --var setup slot n_classes n_options n_cars maxCars blockSize carQuantities optionsRequired --input_var n_classes n_options n_cars maxCars blockSize carQuantities optionsRequired --example n_cars=200 n...,0,0,0,1,0,0,0,0,0,0,0,0,0,0,1,0,0,0,0,1,0,0,0,0,0,0,0]] 2>&1 | sed ""s/^/% /"" ; cat -u /app/model.mzn 2>/dev/null ; rm -f /app/model.mzn'
	in container ARNOLD_MPMMine-P002M001_92253:
	exit code: 255
	error: exec /usr/bin/bash: argument list too long
, Failed to run:
	bash -c 'python /app/code/run.py --var setup slot n_classes n_options n_cars maxCars blockSize carQuantities optionsRequired --input_var n_classes n_options n_cars maxCars blockSize carQuantities optionsRequired --example n_cars=200 n...,0,0,0,0,0,0,0,1,0,0,0,0,0,1,0,0,0,0,0,0,1,0,0,0,0,0,0]] 2>&1 | sed ""s/^/% /"" ; cat -u /app/model.mzn 2>/dev/null ; rm -f /app/model.mzn'
	in container ARNOLD_MPMMine-P002M001_92253:
	exit code: 255
	error: exec /usr/bin/bash: argument list too long
, Failed to run:
	bash -c 'python /app/code/run.py --var setup slot n_classes n_options n_cars maxCars blockSize carQuantities optionsRequired --input_var n_classes n_options n_cars maxCars blockSize carQuantities optionsRequired --example n_cars=200 n...,0,0,0,0,0,1,0,0,0,0,1,0,0,0,0,0,0,1,0,0,0,0,1,0,0,0,0]] 2>&1 | sed ""s/^/% /"" ; cat -u /app/model.mzn 2>/dev/null ; rm -f /app/model.mzn'
	in container ARNOLD_MPMMine-P002M001_92253:
	exit code: 255
	error: exec /usr/bin/bash: argument list too long
, Failed to run:
	bash -c 'python /app/code/run.py --var setup slot n_classes n_options n_cars maxCars blockSize carQuantities optionsRequired --input_var n_classes n_options n_cars maxCars blockSize carQuantities optionsRequired --example n_cars=200 n...,0,0,1,0,0,0,0,0,1,0,0,0,0,1,0,0,0,0,0,0,0,0,0,0,0,1,0]] 2>&1 | sed ""s/^/% /"" ; cat -u /app/model.mzn 2>/dev/null ; rm -f /app/model.mzn'
	in container ARNOLD_MPMMine-P002M001_92253:
	exit code: 255
	error: exec /usr/bin/bash: argument list too long
",0.0,0.0,,935801.5137748665,4.001179298748816,0.0,0.0,MPMMine-P002M001I061,ARNOLD/problems/P002/models/M001/instances/I061/100
ARNOLD,MPMMine-P002,MPMMine-P002M001,MPMMine-P002M001I062,2,2,0,5,0.5,0.0,200.0,0.0,1000,0.0,0.0,,0.0,0.0,,27.765156674967148,11.425354734118955,465751.54843504075,61022.85020722303,MPMMine-P002M001I062,ARNOLD/problems/P002/models/M001/instances/I062/2
ARNOLD,MPMMine-P002,MPMMine-P002M001,MPMMine-P002M001I062,10,10,0,5,0.5,0.0,200.0,0.0,1000,0.0,0.0,,0.0,0.0,,107.75048440841492,10.644371302822064,471725.8270349633,91912.93003271616,MPMMine-P002M001I062,ARNOLD/problems/P002/models/M001/instances/I062/10
ARNOLD,MPMMine-P002,MPMMine-P002M001,MPMMine-P002M001I062,30,30,0,5,0.5,0.0,200.0,0.0,1000,0.0,0.0,,0.0,0.0,,333.2701538004214,27.068303532697076,470043.68804831523,78561.98161671584,MPMMine-P002M001I062,ARNOLD/problems/P002/models/M001/instances/I062/30
ARNOLD,MPMMine-P002,MPMMine-P002M001,MPMMine-P002M001I062,50,50,0,5,,,200.0,0.0,1000,1.0,0.0,"Failed to run:
	bash -c 'python /app/code/run.py --var optionsRequired n_classes carQuantities n_cars maxCars n_options setup slot blockSize --input_var optionsRequired n_classes carQuantities n_options n_cars blockSize maxCars --example n_cars=200 n...,0,1,0,0,0,0,0,0,0,1,0,0,0,0,0,1,0,0,0,0,0,1,0,0,0,0,1]] 2>&1 | sed ""s/^/% /"" ; cat -u /app/model.mzn 2>/dev/null ; rm -f /app/model.mzn'
	in container ARNOLD_MPMMine-P002M001_92252:
	exit code: 255
	error: exec /usr/bin/bash: argument list too long
, Failed to run:
	bash -c 'python /app/code/run.py --var optionsRequired n_classes carQuantities n_cars maxCars n_options setup slot blockSize --input_var optionsRequired n_classes carQuantities n_options n_cars blockSize maxCars --example n_cars=200 n...,1,0,0,0,0,1,0,0,0,0,1,0,0,0,0,1,0,0,0,0,0,1,0,0,0,0,0]] 2>&1 | sed ""s/^/% /"" ; cat -u /app/model.mzn 2>/dev/null ; rm -f /app/model.mzn'
	in container ARNOLD_MPMMine-P002M001_92252:
	exit code: 255
	error: exec /usr/bin/bash: argument list too long
, Failed to run:
	bash -c 'python /app/code/run.py --var optionsRequired n_classes carQuantities n_cars maxCars n_options setup slot blockSize --input_var optionsRequired n_classes carQuantities n_options n_cars blockSize maxCars --example n_cars=200 n...,0,0,1,0,0,0,0,0,0,1,0,0,0,0,1,0,0,0,0,1,0,0,0,0,0,1,0]] 2>&1 | sed ""s/^/% /"" ; cat -u /app/model.mzn 2>/dev/null ; rm -f /app/model.mzn'
	in container ARNOLD_MPMMine-P002M001_92252:
	exit code: 255
	error: exec /usr/bin/bash: argument list too long
, Failed to run:
	bash -c 'python /app/code/run.py --var optionsRequired n_classes carQuantities n_cars maxCars n_options setup slot blockSize --input_var optionsRequired n_classes carQuantities n_options n_cars blockSize maxCars --example n_cars=200 n...,0,0,0,0,1,0,0,0,0,0,1,0,0,0,0,1,0,0,0,0,0,0,0,1,0,0,0]] 2>&1 | sed ""s/^/% /"" ; cat -u /app/model.mzn 2>/dev/null ; rm -f /app/model.mzn'
	in container ARNOLD_MPMMine-P002M001_92252:
	exit code: 255
	error: exec /usr/bin/bash: argument list too long
, Failed to run:
	bash -c 'python /app/code/run.py --var optionsRequired n_classes carQuantities n_cars maxCars n_options setup slot blockSize --input_var optionsRequired n_classes carQuantities n_options n_cars blockSize maxCars --example n_cars=200 n...,0,0,1,0,0,0,0,0,1,0,0,0,0,1,0,0,0,0,0,1,0,0,0,0,0,1,0]] 2>&1 | sed ""s/^/% /"" ; cat -u /app/model.mzn 2>/dev/null ; rm -f /app/model.mzn'
	in container ARNOLD_MPMMine-P002M001_92252:
	exit code: 255
	error: exec /usr/bin/bash: argument list too long
",0.0,0.0,,939045.726208858,2.18468096033767,0.0,0.0,MPMMine-P002M001I062,ARNOLD/problems/P002/models/M001/instances/I062/50
ARNOLD,MPMMine-P002,MPMMine-P002M001,MPMMine-P002M001I062,75,75,0,5,,,200.0,0.0,1000,1.0,0.0,"Failed to run:
	bash -c 'python /app/code/run.py --var optionsRequired n_classes carQuantities n_cars maxCars n_options setup slot blockSize --input_var optionsRequired n_classes carQuantities n_options n_cars blockSize maxCars --example n_cars=200 n...,0,0,0,0,0,0,1,0,0,0,0,1,0,0,0,0,1,0,0,0,0,0,1,0,0,0,0]] 2>&1 | sed ""s/^/% /"" ; cat -u /app/model.mzn 2>/dev/null ; rm -f /app/model.mzn'
	in container ARNOLD_MPMMine-P002M001_92252:
	exit code: 255
	error: exec /usr/bin/bash: argument list too long
, Failed to run:
	bash -c 'python /app/code/run.py --var optionsRequired n_classes carQuantities n_cars maxCars n_options setup slot blockSize --input_var optionsRequired n_classes carQuantities n_options n_cars blockSize maxCars --example n_cars=200 n...,0,0,0,0,0,0,1,0,0,0,0,1,0,0,0,0,0,0,0,0,1,0,0,0,0,1,0]] 2>&1 | sed ""s/^/% /"" ; cat -u /app/model.mzn 2>/dev/null ; rm -f /app/model.mzn'
	in container ARNOLD_MPMMine-P002M001_92252:
	exit code: 255
	error: exec /usr/bin/bash: argument list too long
, Failed to run:
	bash -c 'python /app/code/run.py --var optionsRequired n_classes carQuantities n_cars maxCars n_options setup slot blockSize --input_var optionsRequired n_classes carQuantities n_options n_cars blockSize maxCars --example n_cars=200 n...,1,0,0,0,0,0,0,1,0,0,0,0,0,0,0,0,0,1,0,0,0,0,0,1,0,0,0]] 2>&1 | sed ""s/^/% /"" ; cat -u /app/model.mzn 2>/dev/null ; rm -f /app/model.mzn'
	in container ARNOLD_MPMMine-P002M001_92252:
	exit code: 255
	error: exec /usr/bin/bash: argument list too long
, Failed to run:
	bash -c 'python /app/code/run.py --var optionsRequired n_classes carQuantities n_cars maxCars n_options setup slot blockSize --input_var optionsRequired n_classes carQuantities n_options n_cars blockSize maxCars --example n_cars=200 n...,0,0,0,0,1,0,0,0,0,1,0,0,0,0,1,0,0,0,0,1,0,0,0,0,1,0,0]] 2>&1 | sed ""s/^/% /"" ; cat -u /app/model.mzn 2>/dev/null ; rm -f /app/model.mzn'
	in container ARNOLD_MPMMine-P002M001_92252:
	exit code: 255
	error: exec /usr/bin/bash: argument list too long
, Failed to run:
	bash -c 'python /app/code/run.py --var optionsRequired n_classes carQuantities n_cars maxCars n_options setup slot blockSize --input_var optionsRequired n_classes carQuantities n_options n_cars blockSize maxCars --example n_cars=200 n...,0,1,0,0,0,0,0,1,0,0,0,0,0,0,1,0,0,0,0,0,1,0,0,0,0,1,0]] 2>&1 | sed ""s/^/% /"" ; cat -u /app/model.mzn 2>/dev/null ; rm -f /app/model.mzn'
	in container ARNOLD_MPMMine-P002M001_92252:
	exit code: 255
	error: exec /usr/bin/bash: argument list too long
",0.0,0.0,,939055.7001685498,3.3264332633397733,0.0,0.0,MPMMine-P002M001I062,ARNOLD/problems/P002/models/M001/instances/I062/75
ARNOLD,MPMMine-P002,MPMMine-P002M001,MPMMine-P002M001I062,100,100,0,5,,,200.0,0.0,1000,1.0,0.0,"Failed to run:
	bash -c 'python /app/code/run.py --var optionsRequired n_classes carQuantities n_cars maxCars n_options setup slot blockSize --input_var optionsRequired n_classes carQuantities n_options n_cars blockSize maxCars --example n_cars=200 n...,0,1,0,0,0,0,1,0,0,0,0,0,0,1,0,0,0,0,0,1,0,0,0,0,1,0,0]] 2>&1 | sed ""s/^/% /"" ; cat -u /app/model.mzn 2>/dev/null ; rm -f /app/model.mzn'
	in container ARNOLD_MPMMine-P002M001_92252:
	exit code: 255
	error: exec /usr/bin/bash: argument list too long
, Failed to run:
	bash -c 'python /app/code/run.py --var optionsRequired n_classes carQuantities n_cars maxCars n_options setup slot blockSize --input_var optionsRequired n_classes carQuantities n_options n_cars blockSize maxCars --example n_cars=200 n...,0,0,0,1,0,0,0,0,0,1,0,0,0,0,1,0,0,0,0,1,0,0,0,0,0,0,1]] 2>&1 | sed ""s/^/% /"" ; cat -u /app/model.mzn 2>/dev/null ; rm -f /app/model.mzn'
	in container ARNOLD_MPMMine-P002M001_92252:
	exit code: 255
	error: exec /usr/bin/bash: argument list too long
, Failed to run:
	bash -c 'python /app/code/run.py --var optionsRequired n_classes carQuantities n_cars maxCars n_options setup slot blockSize --input_var optionsRequired n_classes carQuantities n_options n_cars blockSize maxCars --example n_cars=200 n...,0,0,0,0,1,0,0,0,0,1,0,0,0,0,0,1,0,0,0,0,1,0,0,0,0,1,0]] 2>&1 | sed ""s/^/% /"" ; cat -u /app/model.mzn 2>/dev/null ; rm -f /app/model.mzn'
	in container ARNOLD_MPMMine-P002M001_92252:
	exit code: 255
	error: exec /usr/bin/bash: argument list too long
, Failed to run:
	bash -c 'python /app/code/run.py --var optionsRequired n_classes carQuantities n_cars maxCars n_options setup slot blockSize --input_var optionsRequired n_classes carQuantities n_options n_cars blockSize maxCars --example n_cars=200 n...,0,0,1,0,0,0,0,1,0,0,0,0,0,0,1,0,0,0,0,0,0,1,0,0,0,0,1]] 2>&1 | sed ""s/^/% /"" ; cat -u /app/model.mzn 2>/dev/null ; rm -f /app/model.mzn'
	in container ARNOLD_MPMMine-P002M001_92252:
	exit code: 255
	error: exec /usr/bin/bash: argument list too long
, Failed to run:
	bash -c 'python /app/code/run.py --var optionsRequired n_classes carQuantities n_cars maxCars n_options setup slot blockSize --input_var optionsRequired n_classes carQuantities n_options n_cars blockSize maxCars --example n_cars=200 n...,0,0,0,0,1,0,0,0,0,1,0,0,0,0,0,1,0,0,0,0,0,1,0,0,0,0,1]] 2>&1 | sed ""s/^/% /"" ; cat -u /app/model.mzn 2>/dev/null ; rm -f /app/model.mzn'
	in container ARNOLD_MPMMine-P002M001_92252:
	exit code: 255
	error: exec /usr/bin/bash: argument list too long
",0.0,0.0,,939069.0800497081,4.68357928236191,0.0,0.0,MPMMine-P002M001I062,ARNOLD/problems/P002/models/M001/instances/I062/100
ARNOLD,MPMMine-P002,MPMMine-P002M001,MPMMine-P002M001I063,2,2,0,5,0.46842105263157896,0.08117626849377833,200.0,0.0,1000,0.0,0.0,,0.048,0.1233879281105431,", Timeout while verifying an example",28.92983820880763,1.9497008269438372,611917.054829998,69858.31579595245,MPMMine-P002M001I063,ARNOLD/problems/P002/models/M001/instances/I063/2
ARNOLD,MPMMine-P002,MPMMine-P002M001,MPMMine-P002M001I063,10,10,0,5,0.5012484394506866,0.047738095947329605,200.0,0.0,1000,0.0,0.0,,0.042,0.06623926031092915,"Timeout while verifying an example, ",141.6879869913915,56.47714579171573,607024.705473315,30917.81980941283,MPMMine-P002M001I063,ARNOLD/problems/P002/models/M001/instances/I063/10
ARNOLD,MPMMine-P002,MPMMine-P002M001,MPMMine-P002M001I063,30,30,0,5,0.531578947368421,0.08117626849377838,200.0,0.0,1000,0.0,0.0,,0.048,0.1233879281105431,"Timeout while verifying an example, ",369.97969041680915,28.177789503104602,614692.9752083588,82887.34904821723,MPMMine-P002M001I063,ARNOLD/problems/P002/models/M001/instances/I063/30
ARNOLD,MPMMine-P002,MPMMine-P002M001,MPMMine-P002M001I063,50,50,0,5,,,200.0,0.0,1000,1.0,0.0,"Failed to run:
	bash -c 'python /app/code/run.py --var setup n_cars slot n_classes n_options optionsRequired blockSize carQuantities maxCars --input_var n_classes optionsRequired blockSize n_cars carQuantities n_options maxCars --example n_cars=200 n...,0,0,0,0,0,0,0,1,0,0,0,0,0,0,0,1,0,0,0,0,0,0,1,0,0,0,0]] 2>&1 | sed ""s/^/% /"" ; cat -u /app/model.mzn 2>/dev/null ; rm -f /app/model.mzn'
	in container ARNOLD_MPMMine-P002M001_92275:
	exit code: 255
	error: exec /usr/bin/bash: argument list too long
, Failed to run:
	bash -c 'python /app/code/run.py --var setup n_cars slot n_classes n_options optionsRequired blockSize carQuantities maxCars --input_var n_classes optionsRequired blockSize n_cars carQuantities n_options maxCars --example n_cars=200 n...,0,0,0,0,0,0,0,0,0,0,0,1,0,0,0,0,0,1,0,0,0,0,0,1,0,0,0]] 2>&1 | sed ""s/^/% /"" ; cat -u /app/model.mzn 2>/dev/null ; rm -f /app/model.mzn'
	in container ARNOLD_MPMMine-P002M001_92275:
	exit code: 255
	error: exec /usr/bin/bash: argument list too long
, Failed to run:
	bash -c 'python /app/code/run.py --var setup n_cars slot n_classes n_options optionsRequired blockSize carQuantities maxCars --input_var n_classes optionsRequired blockSize n_cars carQuantities n_options maxCars --example n_cars=200 n...,0,0,0,0,0,0,0,0,0,1,0,0,0,0,0,1,0,0,0,0,0,0,1,0,0,0,0]] 2>&1 | sed ""s/^/% /"" ; cat -u /app/model.mzn 2>/dev/null ; rm -f /app/model.mzn'
	in container ARNOLD_MPMMine-P002M001_92275:
	exit code: 255
	error: exec /usr/bin/bash: argument list too long
, Failed to run:
	bash -c 'python /app/code/run.py --var setup n_cars slot n_classes n_options optionsRequired blockSize carQuantities maxCars --input_var n_classes optionsRequired blockSize n_cars carQuantities n_options maxCars --example n_cars=200 n...,1,0,0,0,0,1,0,0,0,0,0,1,0,0,0,0,0,0,1,0,0,0,0,0,1,0,0]] 2>&1 | sed ""s/^/% /"" ; cat -u /app/model.mzn 2>/dev/null ; rm -f /app/model.mzn'
	in container ARNOLD_MPMMine-P002M001_92275:
	exit code: 255
	error: exec /usr/bin/bash: argument list too long
, Failed to run:
	bash -c 'python /app/code/run.py --var setup n_cars slot n_classes n_options optionsRequired blockSize carQuantities maxCars --input_var n_classes optionsRequired blockSize n_cars carQuantities n_options maxCars --example n_cars=200 n...,0,1,0,0,0,0,1,0,0,0,0,1,0,0,0,0,1,0,0,0,0,1,0,0,0,0,0]] 2>&1 | sed ""s/^/% /"" ; cat -u /app/model.mzn 2>/dev/null ; rm -f /app/model.mzn'
	in container ARNOLD_MPMMine-P002M001_92275:
	exit code: 255
	error: exec /usr/bin/bash: argument list too long
",0.0,0.0,,941973.0461086745,2.226851662568949,0.0,0.0,MPMMine-P002M001I063,ARNOLD/problems/P002/models/M001/instances/I063/50
ARNOLD,MPMMine-P002,MPMMine-P002M001,MPMMine-P002M001I063,75,75,0,5,,,200.0,0.0,1000,1.0,0.0,"Failed to run:
	bash -c 'python /app/code/run.py --var setup n_cars slot n_classes n_options optionsRequired blockSize carQuantities maxCars --input_var n_classes optionsRequired blockSize n_cars carQuantities n_options maxCars --example n_cars=200 n...,1,0,0,0,0,1,0,0,0,0,1,0,0,0,0,0,0,0,0,1,0,0,0,0,0,1,0]] 2>&1 | sed ""s/^/% /"" ; cat -u /app/model.mzn 2>/dev/null ; rm -f /app/model.mzn'
	in container ARNOLD_MPMMine-P002M001_92275:
	exit code: 255
	error: exec /usr/bin/bash: argument list too long
, Failed to run:
	bash -c 'python /app/code/run.py --var setup n_cars slot n_classes n_options optionsRequired blockSize carQuantities maxCars --input_var n_classes optionsRequired blockSize n_cars carQuantities n_options maxCars --example n_cars=200 n...,0,0,1,0,0,0,0,0,1,0,0,0,0,0,0,0,0,0,0,0,1,0,0,0,0,1,0]] 2>&1 | sed ""s/^/% /"" ; cat -u /app/model.mzn 2>/dev/null ; rm -f /app/model.mzn'
	in container ARNOLD_MPMMine-P002M001_92275:
	exit code: 255
	error: exec /usr/bin/bash: argument list too long
, Failed to run:
	bash -c 'python /app/code/run.py --var setup n_cars slot n_classes n_options optionsRequired blockSize carQuantities maxCars --input_var n_classes optionsRequired blockSize n_cars carQuantities n_options maxCars --example n_cars=200 n...,1,0,0,0,0,0,0,0,0,0,0,0,0,1,0,0,0,0,0,0,1,0,0,0,0,0,1]] 2>&1 | sed ""s/^/% /"" ; cat -u /app/model.mzn 2>/dev/null ; rm -f /app/model.mzn'
	in container ARNOLD_MPMMine-P002M001_92275:
	exit code: 255
	error: exec /usr/bin/bash: argument list too long
, Failed to run:
	bash -c 'python /app/code/run.py --var setup n_cars slot n_classes n_options optionsRequired blockSize carQuantities maxCars --input_var n_classes optionsRequired blockSize n_cars carQuantities n_options maxCars --example n_cars=200 n...,0,0,0,0,0,1,0,0,0,0,0,0,0,0,0,0,0,0,0,0,1,0,0,0,0,0,1]] 2>&1 | sed ""s/^/% /"" ; cat -u /app/model.mzn 2>/dev/null ; rm -f /app/model.mzn'
	in container ARNOLD_MPMMine-P002M001_92275:
	exit code: 255
	error: exec /usr/bin/bash: argument list too long
, Failed to run:
	bash -c 'python /app/code/run.py --var setup n_cars slot n_classes n_options optionsRequired blockSize carQuantities maxCars --input_var n_classes optionsRequired blockSize n_cars carQuantities n_options maxCars --example n_cars=200 n...,0,0,0,0,0,1,0,0,0,0,1,0,0,0,0,1,0,0,0,0,0,1,0,0,0,0,0]] 2>&1 | sed ""s/^/% /"" ; cat -u /app/model.mzn 2>/dev/null ; rm -f /app/model.mzn'
	in container ARNOLD_MPMMine-P002M001_92275:
	exit code: 255
	error: exec /usr/bin/bash: argument list too long
",0.0,0.0,,941982.8831714165,3.3865104849987144,0.0,0.0,MPMMine-P002M001I063,ARNOLD/problems/P002/models/M001/instances/I063/75
ARNOLD,MPMMine-P002,MPMMine-P002M001,MPMMine-P002M001I063,100,100,0,5,,,200.0,0.0,1000,1.0,0.0,"Failed to run:
	bash -c 'python /app/code/run.py --var setup n_cars slot n_classes n_options optionsRequired blockSize carQuantities maxCars --input_var n_classes optionsRequired blockSize n_cars carQuantities n_options maxCars --example n_cars=200 n...,0,0,0,0,1,0,0,0,0,0,0,0,0,1,0,0,0,0,0,0,0,0,0,1,0,0,0]] 2>&1 | sed ""s/^/% /"" ; cat -u /app/model.mzn 2>/dev/null ; rm -f /app/model.mzn'
	in container ARNOLD_MPMMine-P002M001_92275:
	exit code: 255
	error: exec /usr/bin/bash: argument list too long
, Failed to run:
	bash -c 'python /app/code/run.py --var setup n_cars slot n_classes n_options optionsRequired blockSize carQuantities maxCars --input_var n_classes optionsRequired blockSize n_cars carQuantities n_options maxCars --example n_cars=200 n...,0,0,1,0,0,0,0,1,0,0,0,0,1,0,0,0,0,1,0,0,0,0,0,0,1,0,0]] 2>&1 | sed ""s/^/% /"" ; cat -u /app/model.mzn 2>/dev/null ; rm -f /app/model.mzn'
	in container ARNOLD_MPMMine-P002M001_92275:
	exit code: 255
	error: exec /usr/bin/bash: argument list too long
, Failed to run:
	bash -c 'python /app/code/run.py --var setup n_cars slot n_classes n_options optionsRequired blockSize carQuantities maxCars --input_var n_classes optionsRequired blockSize n_cars carQuantities n_options maxCars --example n_cars=200 n...,0,0,0,0,1,0,0,0,0,1,0,0,0,0,0,1,0,0,0,0,0,0,0,0,1,0,0]] 2>&1 | sed ""s/^/% /"" ; cat -u /app/model.mzn 2>/dev/null ; rm -f /app/model.mzn'
	in container ARNOLD_MPMMine-P002M001_92275:
	exit code: 255
	error: exec /usr/bin/bash: argument list too long
, Failed to run:
	bash -c 'python /app/code/run.py --var setup n_cars slot n_classes n_options optionsRequired blockSize carQuantities maxCars --input_var n_classes optionsRequired blockSize n_cars carQuantities n_options maxCars --example n_cars=200 n...,0,0,0,0,1,0,0,0,0,1,0,0,0,0,0,0,0,0,0,0,0,1,0,0,0,0,0]] 2>&1 | sed ""s/^/% /"" ; cat -u /app/model.mzn 2>/dev/null ; rm -f /app/model.mzn'
	in container ARNOLD_MPMMine-P002M001_92275:
	exit code: 255
	error: exec /usr/bin/bash: argument list too long
, Failed to run:
	bash -c 'python /app/code/run.py --var setup n_cars slot n_classes n_options optionsRequired blockSize carQuantities maxCars --input_var n_classes optionsRequired blockSize n_cars carQuantities n_options maxCars --example n_cars=200 n...,0,0,1,0,0,0,0,0,0,0,0,1,0,0,0,0,0,1,0,0,0,0,1,0,0,0,0]] 2>&1 | sed ""s/^/% /"" ; cat -u /app/model.mzn 2>/dev/null ; rm -f /app/model.mzn'
	in container ARNOLD_MPMMine-P002M001_92275:
	exit code: 255
	error: exec /usr/bin/bash: argument list too long
",0.0,0.0,,941996.5951815915,4.892542823728086,0.0,0.0,MPMMine-P002M001I063,ARNOLD/problems/P002/models/M001/instances/I063/100
ARNOLD,MPMMine-P002,MPMMine-P002M001,MPMMine-P002M001I064,2,2,0,5,1.0,0.0,200.0,0.0,1000,0.0,0.0,,0.953,0.013232879913425427,Timeout while verifying an example,33.94598260819912,1.3218945247896408,1152266.3707832713,13737.627987470582,MPMMine-P002M001I064,ARNOLD/problems/P002/models/M001/instances/I064/2
ARNOLD,MPMMine-P002,MPMMine-P002M001,MPMMine-P002M001I064,10,10,0,5,1.0,0.0,200.0,0.0,1000,0.0,0.0,,0.953,0.013232879913425427,Timeout while verifying an example,176.9770228663925,61.090969280175905,1151900.0551116792,14485.678389496661,MPMMine-P002M001I064,ARNOLD/problems/P002/models/M001/instances/I064/10
ARNOLD,MPMMine-P002,MPMMine-P002M001,MPMMine-P002M001I064,30,30,0,5,1.0,0.0,200.0,0.0,1000,0.0,0.0,,0.953,0.013232879913425427,Timeout while verifying an example,501.0152331250021,154.70586300703707,1151293.7008083612,15894.786407726308,MPMMine-P002M001I064,ARNOLD/problems/P002/models/M001/instances/I064/30
ARNOLD,MPMMine-P002,MPMMine-P002M001,MPMMine-P002M001I064,50,50,0,5,,,200.0,0.0,1000,1.0,0.0,"Failed to run:
	bash -c 'python /app/code/run.py --var maxCars blockSize slot n_cars setup n_options n_classes carQuantities optionsRequired --input_var maxCars blockSize n_classes n_cars carQuantities n_options optionsRequired --example n_cars=200 n...,0,0,0,0,1,0,0,0,0,0,1,0,0,0,0,1,0,0,0,0,1,0,0,0,0,1,0]] 2>&1 | sed ""s/^/% /"" ; cat -u /app/model.mzn 2>/dev/null ; rm -f /app/model.mzn'
	in container ARNOLD_MPMMine-P002M001_92280:
	exit code: 255
	error: exec /usr/bin/bash: argument list too long
, Failed to run:
	bash -c 'python /app/code/run.py --var maxCars blockSize slot n_cars setup n_options n_classes carQuantities optionsRequired --input_var maxCars blockSize n_classes n_cars carQuantities n_options optionsRequired --example n_cars=200 n...,0,1,0,0,0,0,1,0,0,0,0,0,1,0,0,0,0,1,0,0,0,0,0,1,0,0,0]] 2>&1 | sed ""s/^/% /"" ; cat -u /app/model.mzn 2>/dev/null ; rm -f /app/model.mzn'
	in container ARNOLD_MPMMine-P002M001_92280:
	exit code: 255
	error: exec /usr/bin/bash: argument list too long
, Failed to run:
	bash -c 'python /app/code/run.py --var maxCars blockSize slot n_cars setup n_options n_classes carQuantities optionsRequired --input_var maxCars blockSize n_classes n_cars carQuantities n_options optionsRequired --example n_cars=200 n...,0,0,0,0,0,1,0,0,0,0,0,1,0,0,0,0,0,1,0,0,0,0,0,1,0,0,0]] 2>&1 | sed ""s/^/% /"" ; cat -u /app/model.mzn 2>/dev/null ; rm -f /app/model.mzn'
	in container ARNOLD_MPMMine-P002M001_92280:
	exit code: 255
	error: exec /usr/bin/bash: argument list too long
, Failed to run:
	bash -c 'python /app/code/run.py --var maxCars blockSize slot n_cars setup n_options n_classes carQuantities optionsRequired --input_var maxCars blockSize n_classes n_cars carQuantities n_options optionsRequired --example n_cars=200 n...,0,0,1,0,0,0,0,1,0,0,0,0,0,1,0,0,0,0,0,1,0,0,0,0,0,0,1]] 2>&1 | sed ""s/^/% /"" ; cat -u /app/model.mzn 2>/dev/null ; rm -f /app/model.mzn'
	in container ARNOLD_MPMMine-P002M001_92280:
	exit code: 255
	error: exec /usr/bin/bash: argument list too long
, Failed to run:
	bash -c 'python /app/code/run.py --var maxCars blockSize slot n_cars setup n_options n_classes carQuantities optionsRequired --input_var maxCars blockSize n_classes n_cars carQuantities n_options optionsRequired --example n_cars=200 n...,0,0,0,1,0,0,0,0,0,1,0,0,0,0,1,0,0,0,0,1,0,0,0,0,0,1,0]] 2>&1 | sed ""s/^/% /"" ; cat -u /app/model.mzn 2>/dev/null ; rm -f /app/model.mzn'
	in container ARNOLD_MPMMine-P002M001_92280:
	exit code: 255
	error: exec /usr/bin/bash: argument list too long
",0.0,0.0,,945433.4995682247,2.075534231498586,0.0,0.0,MPMMine-P002M001I064,ARNOLD/problems/P002/models/M001/instances/I064/50
ARNOLD,MPMMine-P002,MPMMine-P002M001,MPMMine-P002M001I064,75,75,0,5,,,200.0,0.0,1000,1.0,0.0,"Failed to run:
	bash -c 'python /app/code/run.py --var maxCars blockSize slot n_cars setup n_options n_classes carQuantities optionsRequired --input_var maxCars blockSize n_classes n_cars carQuantities n_options optionsRequired --example n_cars=200 n...,1,0,0,0,0,1,0,0,0,0,1,0,0,0,0,0,0,1,0,0,0,0,1,0,0,0,0]] 2>&1 | sed ""s/^/% /"" ; cat -u /app/model.mzn 2>/dev/null ; rm -f /app/model.mzn'
	in container ARNOLD_MPMMine-P002M001_92280:
	exit code: 255
	error: exec /usr/bin/bash: argument list too long
, Failed to run:
	bash -c 'python /app/code/run.py --var maxCars blockSize slot n_cars setup n_options n_classes carQuantities optionsRequired --input_var maxCars blockSize n_classes n_cars carQuantities n_options optionsRequired --example n_cars=200 n...,0,0,1,0,0,0,0,1,0,0,0,0,0,1,0,0,0,0,1,0,0,0,0,1,0,0,0]] 2>&1 | sed ""s/^/% /"" ; cat -u /app/model.mzn 2>/dev/null ; rm -f /app/model.mzn'
	in container ARNOLD_MPMMine-P002M001_92280:
	exit code: 255
	error: exec /usr/bin/bash: argument list too long
, Failed to run:
	bash -c 'python /app/code/run.py --var maxCars blockSize slot n_cars setup n_options n_classes carQuantities optionsRequired --input_var maxCars blockSize n_classes n_cars carQuantities n_options optionsRequired --example n_cars=200 n...,1,0,0,0,0,1,0,0,0,0,0,1,0,0,0,0,0,0,0,1,0,0,0,0,0,0,1]] 2>&1 | sed ""s/^/% /"" ; cat -u /app/model.mzn 2>/dev/null ; rm -f /app/model.mzn'
	in container ARNOLD_MPMMine-P002M001_92280:
	exit code: 255
	error: exec /usr/bin/bash: argument list too long
, Failed to run:
	bash -c 'python /app/code/run.py --var maxCars blockSize slot n_cars setup n_options n_classes carQuantities optionsRequired --input_var maxCars blockSize n_classes n_cars carQuantities n_options optionsRequired --example n_cars=200 n...,0,0,1,0,0,0,0,1,0,0,0,0,0,0,1,0,0,0,0,1,0,0,0,0,0,1,0]] 2>&1 | sed ""s/^/% /"" ; cat -u /app/model.mzn 2>/dev/null ; rm -f /app/model.mzn'
	in container ARNOLD_MPMMine-P002M001_92280:
	exit code: 255
	error: exec /usr/bin/bash: argument list too long
, Failed to run:
	bash -c 'python /app/code/run.py --var maxCars blockSize slot n_cars setup n_options n_classes carQuantities optionsRequired --input_var maxCars blockSize n_classes n_cars carQuantities n_options optionsRequired --example n_cars=200 n...,0,0,0,0,1,0,0,0,0,0,0,1,0,0,0,0,1,0,0,0,0,0,0,0,1,0,0]] 2>&1 | sed ""s/^/% /"" ; cat -u /app/model.mzn 2>/dev/null ; rm -f /app/model.mzn'
	in container ARNOLD_MPMMine-P002M001_92280:
	exit code: 255
	error: exec /usr/bin/bash: argument list too long
",0.0,0.0,,945442.5781390911,3.050371317893875,0.0,0.0,MPMMine-P002M001I064,ARNOLD/problems/P002/models/M001/instances/I064/75
ARNOLD,MPMMine-P002,MPMMine-P002M001,MPMMine-P002M001I064,100,100,0,5,,,200.0,0.0,1000,1.0,0.0,"Failed to run:
	bash -c 'python /app/code/run.py --var maxCars blockSize slot n_cars setup n_options n_classes carQuantities optionsRequired --input_var maxCars blockSize n_classes n_cars carQuantities n_options optionsRequired --example n_cars=200 n...,0,1,0,0,0,0,1,0,0,0,0,0,0,1,0,0,0,0,0,1,0,0,0,0,0,0,1]] 2>&1 | sed ""s/^/% /"" ; cat -u /app/model.mzn 2>/dev/null ; rm -f /app/model.mzn'
	in container ARNOLD_MPMMine-P002M001_92280:
	exit code: 255
	error: exec /usr/bin/bash: argument list too long
, Failed to run:
	bash -c 'python /app/code/run.py --var maxCars blockSize slot n_cars setup n_options n_classes carQuantities optionsRequired --input_var maxCars blockSize n_classes n_cars carQuantities n_options optionsRequired --example n_cars=200 n...,0,1,0,0,0,0,0,1,0,0,0,0,1,0,0,0,0,0,1,0,0,0,0,0,0,0,1]] 2>&1 | sed ""s/^/% /"" ; cat -u /app/model.mzn 2>/dev/null ; rm -f /app/model.mzn'
	in container ARNOLD_MPMMine-P002M001_92280:
	exit code: 255
	error: exec /usr/bin/bash: argument list too long
, Failed to run:
	bash -c 'python /app/code/run.py --var maxCars blockSize slot n_cars setup n_options n_classes carQuantities optionsRequired --input_var maxCars blockSize n_classes n_cars carQuantities n_options optionsRequired --example n_cars=200 n...,0,0,0,0,0,1,0,0,0,0,0,0,0,1,0,0,0,0,1,0,0,0,0,0,0,1,0]] 2>&1 | sed ""s/^/% /"" ; cat -u /app/model.mzn 2>/dev/null ; rm -f /app/model.mzn'
	in container ARNOLD_MPMMine-P002M001_92280:
	exit code: 255
	error: exec /usr/bin/bash: argument list too long
, Failed to run:
	bash -c 'python /app/code/run.py --var maxCars blockSize slot n_cars setup n_options n_classes carQuantities optionsRequired --input_var maxCars blockSize n_classes n_cars carQuantities n_options optionsRequired --example n_cars=200 n...,1,0,0,0,0,1,0,0,0,0,0,0,0,1,0,0,0,0,0,0,0,1,0,0,0,0,1]] 2>&1 | sed ""s/^/% /"" ; cat -u /app/model.mzn 2>/dev/null ; rm -f /app/model.mzn'
	in container ARNOLD_MPMMine-P002M001_92280:
	exit code: 255
	error: exec /usr/bin/bash: argument list too long
, Failed to run:
	bash -c 'python /app/code/run.py --var maxCars blockSize slot n_cars setup n_options n_classes carQuantities optionsRequired --input_var maxCars blockSize n_classes n_cars carQuantities n_options optionsRequired --example n_cars=200 n...,0,0,0,0,0,1,0,0,0,0,0,0,1,0,0,0,0,1,0,0,0,0,0,1,0,0,0]] 2>&1 | sed ""s/^/% /"" ; cat -u /app/model.mzn 2>/dev/null ; rm -f /app/model.mzn'
	in container ARNOLD_MPMMine-P002M001_92280:
	exit code: 255
	error: exec /usr/bin/bash: argument list too long
",0.0,0.0,,945455.5899798746,4.18008621997298,0.0,0.0,MPMMine-P002M001I064,ARNOLD/problems/P002/models/M001/instances/I064/100
ARNOLD,MPMMine-P002,MPMMine-P002M001,MPMMine-P002M001I065,2,2,0,5,1.0,0.0,200.0,0.0,1000,0.0,0.0,,0.952,0.01705131088341735,Timeout while verifying an example,32.76914886659942,2.0799767200360035,1150097.9499466764,20391.016417256247,MPMMine-P002M001I065,ARNOLD/problems/P002/models/M001/instances/I065/2
ARNOLD,MPMMine-P002,MPMMine-P002M001,MPMMine-P002M001I065,10,10,0,5,1.0,0.0,200.0,0.0,1000,0.0,0.0,,0.952,0.01705131088341735,Timeout while verifying an example,148.76104500838557,9.564560463910668,1150117.3596249614,20330.88301281667,MPMMine-P002M001I065,ARNOLD/problems/P002/models/M001/instances/I065/10
ARNOLD,MPMMine-P002,MPMMine-P002M001,MPMMine-P002M001I065,30,30,0,5,1.0,0.0,200.0,0.0,1000,0.0,0.0,,0.952,0.01705131088341735,Timeout while verifying an example,442.43876048363745,12.021639025364824,1150136.8764916807,20374.430853838865,MPMMine-P002M001I065,ARNOLD/problems/P002/models/M001/instances/I065/30
ARNOLD,MPMMine-P002,MPMMine-P002M001,MPMMine-P002M001I065,50,50,0,5,,,200.0,0.0,1000,1.0,0.0,"Failed to run:
	bash -c 'python /app/code/run.py --var setup slot n_classes n_options n_cars maxCars blockSize carQuantities optionsRequired --input_var n_classes n_options n_cars maxCars blockSize carQuantities optionsRequired --example n_cars=200 n...,0,1,0,0,0,0,0,1,0,0,0,0,1,0,0,0,0,1,0,0,0,0,0,1,0,0,0]] 2>&1 | sed ""s/^/% /"" ; cat -u /app/model.mzn 2>/dev/null ; rm -f /app/model.mzn'
	in container ARNOLD_MPMMine-P002M001_92253:
	exit code: 255
	error: exec /usr/bin/bash: argument list too long
, Failed to run:
	bash -c 'python /app/code/run.py --var setup slot n_classes n_options n_cars maxCars blockSize carQuantities optionsRequired --input_var n_classes n_options n_cars maxCars blockSize carQuantities optionsRequired --example n_cars=200 n...,0,0,0,0,1,0,0,0,0,1,0,0,0,0,0,0,0,0,0,1,0,0,0,0,1,0,0]] 2>&1 | sed ""s/^/% /"" ; cat -u /app/model.mzn 2>/dev/null ; rm -f /app/model.mzn'
	in container ARNOLD_MPMMine-P002M001_92253:
	exit code: 255
	error: exec /usr/bin/bash: argument list too long
, Failed to run:
	bash -c 'python /app/code/run.py --var setup slot n_classes n_options n_cars maxCars blockSize carQuantities optionsRequired --input_var n_classes n_options n_cars maxCars blockSize carQuantities optionsRequired --example n_cars=200 n...,0,0,0,1,0,0,0,0,0,0,0,0,1,0,0,0,0,0,1,0,0,0,0,0,1,0,0]] 2>&1 | sed ""s/^/% /"" ; cat -u /app/model.mzn 2>/dev/null ; rm -f /app/model.mzn'
	in container ARNOLD_MPMMine-P002M001_92253:
	exit code: 255
	error: exec /usr/bin/bash: argument list too long
, Failed to run:
	bash -c 'python /app/code/run.py --var setup slot n_classes n_options n_cars maxCars blockSize carQuantities optionsRequired --input_var n_classes n_options n_cars maxCars blockSize carQuantities optionsRequired --example n_cars=200 n...,1,0,0,0,0,0,1,0,0,0,0,1,0,0,0,0,0,1,0,0,0,0,0,0,1,0,0]] 2>&1 | sed ""s/^/% /"" ; cat -u /app/model.mzn 2>/dev/null ; rm -f /app/model.mzn'
	in container ARNOLD_MPMMine-P002M001_92253:
	exit code: 255
	error: exec /usr/bin/bash: argument list too long
, Failed to run:
	bash -c 'python /app/code/run.py --var setup slot n_classes n_options n_cars maxCars blockSize carQuantities optionsRequired --input_var n_classes n_options n_cars maxCars blockSize carQuantities optionsRequired --example n_cars=200 n...,1,0,0,0,0,0,0,1,0,0,0,0,0,1,0,0,0,0,0,0,1,0,0,0,0,0,1]] 2>&1 | sed ""s/^/% /"" ; cat -u /app/model.mzn 2>/dev/null ; rm -f /app/model.mzn'
	in container ARNOLD_MPMMine-P002M001_92253:
	exit code: 255
	error: exec /usr/bin/bash: argument list too long
",0.0,0.0,,947600.182832758,2.041702720312378,0.0,0.0,MPMMine-P002M001I065,ARNOLD/problems/P002/models/M001/instances/I065/50
ARNOLD,MPMMine-P002,MPMMine-P002M001,MPMMine-P002M001I065,75,75,0,5,,,200.0,0.0,1000,1.0,0.0,"Failed to run:
	bash -c 'python /app/code/run.py --var setup slot n_classes n_options n_cars maxCars blockSize carQuantities optionsRequired --input_var n_classes n_options n_cars maxCars blockSize carQuantities optionsRequired --example n_cars=200 n...,0,1,0,0,0,0,0,0,0,0,1,0,0,0,0,0,1,0,0,0,0,1,0,0,0,0,0]] 2>&1 | sed ""s/^/% /"" ; cat -u /app/model.mzn 2>/dev/null ; rm -f /app/model.mzn'
	in container ARNOLD_MPMMine-P002M001_92253:
	exit code: 255
	error: exec /usr/bin/bash: argument list too long
, Failed to run:
	bash -c 'python /app/code/run.py --var setup slot n_classes n_options n_cars maxCars blockSize carQuantities optionsRequired --input_var n_classes n_options n_cars maxCars blockSize carQuantities optionsRequired --example n_cars=200 n...,0,0,0,0,1,0,0,0,0,0,1,0,0,0,0,0,0,1,0,0,0,0,0,0,1,0,0]] 2>&1 | sed ""s/^/% /"" ; cat -u /app/model.mzn 2>/dev/null ; rm -f /app/model.mzn'
	in container ARNOLD_MPMMine-P002M001_92253:
	exit code: 255
	error: exec /usr/bin/bash: argument list too long
, Failed to run:
	bash -c 'python /app/code/run.py --var setup slot n_classes n_options n_cars maxCars blockSize carQuantities optionsRequired --input_var n_classes n_options n_cars maxCars blockSize carQuantities optionsRequired --example n_cars=200 n...,0,0,1,0,0,0,0,0,0,0,0,1,0,0,0,0,0,0,1,0,0,0,0,0,0,1,0]] 2>&1 | sed ""s/^/% /"" ; cat -u /app/model.mzn 2>/dev/null ; rm -f /app/model.mzn'
	in container ARNOLD_MPMMine-P002M001_92253:
	exit code: 255
	error: exec /usr/bin/bash: argument list too long
, Failed to run:
	bash -c 'python /app/code/run.py --var setup slot n_classes n_options n_cars maxCars blockSize carQuantities optionsRequired --input_var n_classes n_options n_cars maxCars blockSize carQuantities optionsRequired --example n_cars=200 n...,0,0,0,0,0,1,0,0,0,0,1,0,0,0,0,0,1,0,0,0,0,1,0,0,0,0,1]] 2>&1 | sed ""s/^/% /"" ; cat -u /app/model.mzn 2>/dev/null ; rm -f /app/model.mzn'
	in container ARNOLD_MPMMine-P002M001_92253:
	exit code: 255
	error: exec /usr/bin/bash: argument list too long
, Failed to run:
	bash -c 'python /app/code/run.py --var setup slot n_classes n_options n_cars maxCars blockSize carQuantities optionsRequired --input_var n_classes n_options n_cars maxCars blockSize carQuantities optionsRequired --example n_cars=200 n...,0,1,0,0,0,0,0,0,1,0,0,0,0,0,0,1,0,0,0,0,0,1,0,0,0,0,1]] 2>&1 | sed ""s/^/% /"" ; cat -u /app/model.mzn 2>/dev/null ; rm -f /app/model.mzn'
	in container ARNOLD_MPMMine-P002M001_92253:
	exit code: 255
	error: exec /usr/bin/bash: argument list too long
",0.0,0.0,,947609.8257373832,3.4106708520422258,0.0,0.0,MPMMine-P002M001I065,ARNOLD/problems/P002/models/M001/instances/I065/75
ARNOLD,MPMMine-P002,MPMMine-P002M001,MPMMine-P002M001I065,100,100,0,5,,,200.0,0.0,1000,1.0,0.0,"Failed to run:
	bash -c 'python /app/code/run.py --var setup slot n_classes n_options n_cars maxCars blockSize carQuantities optionsRequired --input_var n_classes n_options n_cars maxCars blockSize carQuantities optionsRequired --example n_cars=200 n...,0,0,0,0,1,0,0,0,0,1,0,0,0,0,0,0,1,0,0,0,0,0,0,0,0,1,0]] 2>&1 | sed ""s/^/% /"" ; cat -u /app/model.mzn 2>/dev/null ; rm -f /app/model.mzn'
	in container ARNOLD_MPMMine-P002M001_92253:
	exit code: 255
	error: exec /usr/bin/bash: argument list too long
, Failed to run:
	bash -c 'python /app/code/run.py --var setup slot n_classes n_options n_cars maxCars blockSize carQuantities optionsRequired --input_var n_classes n_options n_cars maxCars blockSize carQuantities optionsRequired --example n_cars=200 n...,0,0,0,1,0,0,0,0,0,0,0,1,0,0,0,0,1,0,0,0,0,1,0,0,0,0,0]] 2>&1 | sed ""s/^/% /"" ; cat -u /app/model.mzn 2>/dev/null ; rm -f /app/model.mzn'
	in container ARNOLD_MPMMine-P002M001_92253:
	exit code: 255
	error: exec /usr/bin/bash: argument list too long
, Failed to run:
	bash -c 'python /app/code/run.py --var setup slot n_classes n_options n_cars maxCars blockSize carQuantities optionsRequired --input_var n_classes n_options n_cars maxCars blockSize carQuantities optionsRequired --example n_cars=200 n...,0,1,0,0,0,0,0,0,0,1,0,0,0,0,0,1,0,0,0,0,0,0,1,0,0,0,0]] 2>&1 | sed ""s/^/% /"" ; cat -u /app/model.mzn 2>/dev/null ; rm -f /app/model.mzn'
	in container ARNOLD_MPMMine-P002M001_92253:
	exit code: 255
	error: exec /usr/bin/bash: argument list too long
, Failed to run:
	bash -c 'python /app/code/run.py --var setup slot n_classes n_options n_cars maxCars blockSize carQuantities optionsRequired --input_var n_classes n_options n_cars maxCars blockSize carQuantities optionsRequired --example n_cars=200 n...,0,0,1,0,0,0,0,1,0,0,0,0,0,1,0,0,0,0,1,0,0,0,0,0,0,1,0]] 2>&1 | sed ""s/^/% /"" ; cat -u /app/model.mzn 2>/dev/null ; rm -f /app/model.mzn'
	in container ARNOLD_MPMMine-P002M001_92253:
	exit code: 255
	error: exec /usr/bin/bash: argument list too long
, Failed to run:
	bash -c 'python /app/code/run.py --var setup slot n_classes n_options n_cars maxCars blockSize carQuantities optionsRequired --input_var n_classes n_options n_cars maxCars blockSize carQuantities optionsRequired --example n_cars=200 n...,0,1,0,0,0,0,1,0,0,0,0,0,0,1,0,0,0,0,0,0,0,1,0,0,0,0,1]] 2>&1 | sed ""s/^/% /"" ; cat -u /app/model.mzn 2>/dev/null ; rm -f /app/model.mzn'
	in container ARNOLD_MPMMine-P002M001_92253:
	exit code: 255
	error: exec /usr/bin/bash: argument list too long
",0.0,0.0,,947622.692691358,4.673819169480458,0.0,0.0,MPMMine-P002M001I065,ARNOLD/problems/P002/models/M001/instances/I065/100
ARNOLD,MPMMine-P002,MPMMine-P002M001,MPMMine-P002M001I066,2,2,0,5,0.513,0.00655372347059837,200.0,0.0,1000,0.0,0.0,,0.0,0.0,,25.3557928084163,1.3076845929113274,451371.9261016045,7394.584692724533,MPMMine-P002M001I066,ARNOLD/problems/P002/models/M001/instances/I066/2
ARNOLD,MPMMine-P002,MPMMine-P002M001,MPMMine-P002M001I066,10,10,0,5,0.513,0.00655372347059837,200.0,0.0,1000,0.0,0.0,,0.0,0.0,,117.97849557502195,3.3410191093039243,449006.5824083565,9653.31447391264,MPMMine-P002M001I066,ARNOLD/problems/P002/models/M001/instances/I066/10
ARNOLD,MPMMine-P002,MPMMine-P002M001,MPMMine-P002M001I066,30,30,0,5,0.513,0.00655372347059837,200.0,0.0,1000,0.0,0.0,,0.0,0.0,,341.2458955997834,12.16323182514236,451485.6474383641,4416.745421881818,MPMMine-P002M001I066,ARNOLD/problems/P002/models/M001/instances/I066/30
ARNOLD,MPMMine-P002,MPMMine-P002M001,MPMMine-P002M001I066,50,50,0,5,,,200.0,0.0,1000,1.0,0.0,"Failed to run:
	bash -c 'python /app/code/run.py --var optionsRequired carQuantities n_cars maxCars n_classes slot setup blockSize n_options --input_var optionsRequired carQuantities n_cars maxCars blockSize n_options n_classes --example n_cars=200 n...,0,0,1,0,0,0,0,0,0,1,0,0,0,0,0,0,1,0,0,0,0,0,1,0,0,0,0]] 2>&1 | sed ""s/^/% /"" ; cat -u /app/model.mzn 2>/dev/null ; rm -f /app/model.mzn'
	in container ARNOLD_MPMMine-P002M001_92279:
	exit code: 255
	error: exec /usr/bin/bash: argument list too long
, Failed to run:
	bash -c 'python /app/code/run.py --var optionsRequired carQuantities n_cars maxCars n_classes slot setup blockSize n_options --input_var optionsRequired carQuantities n_cars maxCars blockSize n_options n_classes --example n_cars=200 n...,0,0,0,0,0,0,0,1,0,0,0,0,0,0,1,0,0,0,0,0,1,0,0,0,0,1,0]] 2>&1 | sed ""s/^/% /"" ; cat -u /app/model.mzn 2>/dev/null ; rm -f /app/model.mzn'
	in container ARNOLD_MPMMine-P002M001_92279:
	exit code: 255
	error: exec /usr/bin/bash: argument list too long
, Failed to run:
	bash -c 'python /app/code/run.py --var optionsRequired carQuantities n_cars maxCars n_classes slot setup blockSize n_options --input_var optionsRequired carQuantities n_cars maxCars blockSize n_options n_classes --example n_cars=200 n...,0,0,0,0,0,0,1,0,0,0,0,0,0,0,0,0,1,0,0,0,0,0,1,0,0,0,0]] 2>&1 | sed ""s/^/% /"" ; cat -u /app/model.mzn 2>/dev/null ; rm -f /app/model.mzn'
	in container ARNOLD_MPMMine-P002M001_92279:
	exit code: 255
	error: exec /usr/bin/bash: argument list too long
, Failed to run:
	bash -c 'python /app/code/run.py --var optionsRequired carQuantities n_cars maxCars n_classes slot setup blockSize n_options --input_var optionsRequired carQuantities n_cars maxCars blockSize n_options n_classes --example n_cars=200 n...,0,0,0,0,0,0,0,1,0,0,0,0,0,0,0,0,0,0,1,0,0,0,0,1,0,0,0]] 2>&1 | sed ""s/^/% /"" ; cat -u /app/model.mzn 2>/dev/null ; rm -f /app/model.mzn'
	in container ARNOLD_MPMMine-P002M001_92279:
	exit code: 255
	error: exec /usr/bin/bash: argument list too long
, Failed to run:
	bash -c 'python /app/code/run.py --var optionsRequired carQuantities n_cars maxCars n_classes slot setup blockSize n_options --input_var optionsRequired carQuantities n_cars maxCars blockSize n_options n_classes --example n_cars=200 n...,0,0,0,0,1,0,0,0,0,1,0,0,0,0,1,0,0,0,0,0,0,0,0,1,0,0,0]] 2>&1 | sed ""s/^/% /"" ; cat -u /app/model.mzn 2>/dev/null ; rm -f /app/model.mzn'
	in container ARNOLD_MPMMine-P002M001_92279:
	exit code: 255
	error: exec /usr/bin/bash: argument list too long
",0.0,0.0,,949844.8723322328,2.089512589960026,0.0,0.0,MPMMine-P002M001I066,ARNOLD/problems/P002/models/M001/instances/I066/50
ARNOLD,MPMMine-P002,MPMMine-P002M001,MPMMine-P002M001I066,75,75,0,5,,,200.0,0.0,1000,1.0,0.0,"Failed to run:
	bash -c 'python /app/code/run.py --var optionsRequired carQuantities n_cars maxCars n_classes slot setup blockSize n_options --input_var optionsRequired carQuantities n_cars maxCars blockSize n_options n_classes --example n_cars=200 n...,0,0,0,0,0,0,0,0,0,1,0,0,0,0,0,0,0,1,0,0,0,0,0,1,0,0,0]] 2>&1 | sed ""s/^/% /"" ; cat -u /app/model.mzn 2>/dev/null ; rm -f /app/model.mzn'
	in container ARNOLD_MPMMine-P002M001_92279:
	exit code: 255
	error: exec /usr/bin/bash: argument list too long
, Failed to run:
	bash -c 'python /app/code/run.py --var optionsRequired carQuantities n_cars maxCars n_classes slot setup blockSize n_options --input_var optionsRequired carQuantities n_cars maxCars blockSize n_options n_classes --example n_cars=200 n...,0,0,0,1,0,0,0,0,0,0,0,1,0,0,0,0,0,0,1,0,0,0,0,1,0,0,0]] 2>&1 | sed ""s/^/% /"" ; cat -u /app/model.mzn 2>/dev/null ; rm -f /app/model.mzn'
	in container ARNOLD_MPMMine-P002M001_92279:
	exit code: 255
	error: exec /usr/bin/bash: argument list too long
, Failed to run:
	bash -c 'python /app/code/run.py --var optionsRequired carQuantities n_cars maxCars n_classes slot setup blockSize n_options --input_var optionsRequired carQuantities n_cars maxCars blockSize n_options n_classes --example n_cars=200 n...,0,0,0,0,1,0,0,0,0,0,0,0,1,0,0,0,0,0,1,0,0,0,0,0,0,0,1]] 2>&1 | sed ""s/^/% /"" ; cat -u /app/model.mzn 2>/dev/null ; rm -f /app/model.mzn'
	in container ARNOLD_MPMMine-P002M001_92279:
	exit code: 255
	error: exec /usr/bin/bash: argument list too long
, Failed to run:
	bash -c 'python /app/code/run.py --var optionsRequired carQuantities n_cars maxCars n_classes slot setup blockSize n_options --input_var optionsRequired carQuantities n_cars maxCars blockSize n_options n_classes --example n_cars=200 n...,1,0,0,0,0,0,1,0,0,0,0,1,0,0,0,0,1,0,0,0,0,0,1,0,0,0,0]] 2>&1 | sed ""s/^/% /"" ; cat -u /app/model.mzn 2>/dev/null ; rm -f /app/model.mzn'
	in container ARNOLD_MPMMine-P002M001_92279:
	exit code: 255
	error: exec /usr/bin/bash: argument list too long
",0.0,0.0,,949854.3944192581,3.260788848625947,0.0,0.0,MPMMine-P002M001I066,ARNOLD/problems/P002/models/M001/instances/I066/75
ARNOLD,MPMMine-P002,MPMMine-P002M001,MPMMine-P002M001I066,100,100,0,5,,,200.0,0.0,1000,1.0,0.0,"Failed to run:
	bash -c 'python /app/code/run.py --var optionsRequired carQuantities n_cars maxCars n_classes slot setup blockSize n_options --input_var optionsRequired carQuantities n_cars maxCars blockSize n_options n_classes --example n_cars=200 n...,1,0,0,0,0,0,0,0,0,0,0,0,0,1,0,0,0,0,1,0,0,0,0,0,0,0,1]] 2>&1 | sed ""s/^/% /"" ; cat -u /app/model.mzn 2>/dev/null ; rm -f /app/model.mzn'
	in container ARNOLD_MPMMine-P002M001_92279:
	exit code: 255
	error: exec /usr/bin/bash: argument list too long
, Failed to run:
	bash -c 'python /app/code/run.py --var optionsRequired carQuantities n_cars maxCars n_classes slot setup blockSize n_options --input_var optionsRequired carQuantities n_cars maxCars blockSize n_options n_classes --example n_cars=200 n...,0,1,0,0,0,0,0,1,0,0,0,0,0,0,0,1,0,0,0,0,0,0,0,0,0,1,0]] 2>&1 | sed ""s/^/% /"" ; cat -u /app/model.mzn 2>/dev/null ; rm -f /app/model.mzn'
	in container ARNOLD_MPMMine-P002M001_92279:
	exit code: 255
	error: exec /usr/bin/bash: argument list too long
, Failed to run:
	bash -c 'python /app/code/run.py --var optionsRequired carQuantities n_cars maxCars n_classes slot setup blockSize n_options --input_var optionsRequired carQuantities n_cars maxCars blockSize n_options n_classes --example n_cars=200 n...,0,1,0,0,0,0,0,1,0,0,0,0,0,0,0,0,1,0,0,0,0,0,0,0,1,0,0]] 2>&1 | sed ""s/^/% /"" ; cat -u /app/model.mzn 2>/dev/null ; rm -f /app/model.mzn'
	in container ARNOLD_MPMMine-P002M001_92279:
	exit code: 255
	error: exec /usr/bin/bash: argument list too long
, Failed to run:
	bash -c 'python /app/code/run.py --var optionsRequired carQuantities n_cars maxCars n_classes slot setup blockSize n_options --input_var optionsRequired carQuantities n_cars maxCars blockSize n_options n_classes --example n_cars=200 n...,0,0,1,0,0,0,0,0,0,0,1,0,0,0,0,0,0,1,0,0,0,0,1,0,0,0,0]] 2>&1 | sed ""s/^/% /"" ; cat -u /app/model.mzn 2>/dev/null ; rm -f /app/model.mzn'
	in container ARNOLD_MPMMine-P002M001_92279:
	exit code: 255
	error: exec /usr/bin/bash: argument list too long
, Failed to run:
	bash -c 'python /app/code/run.py --var optionsRequired carQuantities n_cars maxCars n_classes slot setup blockSize n_options --input_var optionsRequired carQuantities n_cars maxCars blockSize n_options n_classes --example n_cars=200 n...,1,0,0,0,0,0,0,1,0,0,0,0,0,1,0,0,0,0,0,0,1,0,0,0,0,0,0]] 2>&1 | sed ""s/^/% /"" ; cat -u /app/model.mzn 2>/dev/null ; rm -f /app/model.mzn'
	in container ARNOLD_MPMMine-P002M001_92279:
	exit code: 255
	error: exec /usr/bin/bash: argument list too long
",0.0,0.0,,949867.3178206999,4.517625121481517,0.0,0.0,MPMMine-P002M001I066,ARNOLD/problems/P002/models/M001/instances/I066/100
ARNOLD,MPMMine-P002,MPMMine-P002M001,MPMMine-P002M001I067,2,2,0,5,1.0,0.0,200.0,0.0,1000,0.0,0.0,,0.9339999999999999,0.02913956056842451,Timeout while verifying an example,33.819387750187886,0.751664287414822,1128569.977750075,34825.77820818755,MPMMine-P002M001I067,ARNOLD/problems/P002/models/M001/instances/I067/2
ARNOLD,MPMMine-P002,MPMMine-P002M001,MPMMine-P002M001I067,10,10,0,5,1.0,0.0,200.0,0.0,1000,0.0,0.0,,0.9339999999999999,0.02913956056842451,Timeout while verifying an example,151.5755044670077,1.8392120341135956,1129194.8090734053,33249.91793984806,MPMMine-P002M001I067,ARNOLD/problems/P002/models/M001/instances/I067/10
ARNOLD,MPMMine-P002,MPMMine-P002M001,MPMMine-P002M001I067,30,30,0,5,1.0,0.0,200.0,0.0,1000,0.0,0.0,,0.9339999999999999,0.02913956056842451,Timeout while verifying an example,450.91065826660486,20.84635686422594,1130249.2024000827,30665.265436644633,MPMMine-P002M001I067,ARNOLD/problems/P002/models/M001/instances/I067/30
ARNOLD,MPMMine-P002,MPMMine-P002M001,MPMMine-P002M001I067,50,50,0,5,,,200.0,0.0,1000,1.0,0.0,"Failed to run:
	bash -c 'python /app/code/run.py --var optionsRequired n_classes carQuantities n_cars maxCars n_options setup slot blockSize --input_var optionsRequired n_classes carQuantities n_options n_cars blockSize maxCars --example n_cars=200 n...,0,0,0,1,0,0,0,0,0,0,1,0,0,0,0,0,0,1,0,0,0,0,0,1,0,0,0]] 2>&1 | sed ""s/^/% /"" ; cat -u /app/model.mzn 2>/dev/null ; rm -f /app/model.mzn'
	in container ARNOLD_MPMMine-P002M001_92252:
	exit code: 255
	error: exec /usr/bin/bash: argument list too long
, Failed to run:
	bash -c 'python /app/code/run.py --var optionsRequired n_classes carQuantities n_cars maxCars n_options setup slot blockSize --input_var optionsRequired n_classes carQuantities n_options n_cars blockSize maxCars --example n_cars=200 n...,0,0,0,0,0,1,0,0,0,0,0,0,1,0,0,0,0,1,0,0,0,0,0,1,0,0,0]] 2>&1 | sed ""s/^/% /"" ; cat -u /app/model.mzn 2>/dev/null ; rm -f /app/model.mzn'
	in container ARNOLD_MPMMine-P002M001_92252:
	exit code: 255
	error: exec /usr/bin/bash: argument list too long
, Failed to run:
	bash -c 'python /app/code/run.py --var optionsRequired n_classes carQuantities n_cars maxCars n_options setup slot blockSize --input_var optionsRequired n_classes carQuantities n_options n_cars blockSize maxCars --example n_cars=200 n...,0,0,0,0,1,0,0,0,0,1,0,0,0,0,0,1,0,0,0,0,1,0,0,0,0,1,0]] 2>&1 | sed ""s/^/% /"" ; cat -u /app/model.mzn 2>/dev/null ; rm -f /app/model.mzn'
	in container ARNOLD_MPMMine-P002M001_92252:
	exit code: 255
	error: exec /usr/bin/bash: argument list too long
, Failed to run:
	bash -c 'python /app/code/run.py --var optionsRequired n_classes carQuantities n_cars maxCars n_options setup slot blockSize --input_var optionsRequired n_classes carQuantities n_options n_cars blockSize maxCars --example n_cars=200 n...,0,1,0,0,0,0,1,0,0,0,0,0,0,1,0,0,0,0,0,0,1,0,0,0,0,1,0]] 2>&1 | sed ""s/^/% /"" ; cat -u /app/model.mzn 2>/dev/null ; rm -f /app/model.mzn'
	in container ARNOLD_MPMMine-P002M001_92252:
	exit code: 255
	error: exec /usr/bin/bash: argument list too long
, Failed to run:
	bash -c 'python /app/code/run.py --var optionsRequired n_classes carQuantities n_cars maxCars n_options setup slot blockSize --input_var optionsRequired n_classes carQuantities n_options n_cars blockSize maxCars --example n_cars=200 n...,0,0,0,1,0,0,0,0,0,0,1,0,0,0,0,0,0,0,0,1,0,0,0,0,0,1,0]] 2>&1 | sed ""s/^/% /"" ; cat -u /app/model.mzn 2>/dev/null ; rm -f /app/model.mzn'
	in container ARNOLD_MPMMine-P002M001_92252:
	exit code: 255
	error: exec /usr/bin/bash: argument list too long
",0.0,0.0,,954529.422894858,2.115830069581692,0.0,0.0,MPMMine-P002M001I067,ARNOLD/problems/P002/models/M001/instances/I067/50
ARNOLD,MPMMine-P002,MPMMine-P002M001,MPMMine-P002M001I067,75,75,0,5,,,200.0,0.0,1000,1.0,0.0,"Failed to run:
	bash -c 'python /app/code/run.py --var optionsRequired n_classes carQuantities n_cars maxCars n_options setup slot blockSize --input_var optionsRequired n_classes carQuantities n_options n_cars blockSize maxCars --example n_cars=200 n...,0,1,0,0,0,0,0,1,0,0,0,0,0,1,0,0,0,0,1,0,0,0,0,0,0,1,0]] 2>&1 | sed ""s/^/% /"" ; cat -u /app/model.mzn 2>/dev/null ; rm -f /app/model.mzn'
	in container ARNOLD_MPMMine-P002M001_92252:
	exit code: 255
	error: exec /usr/bin/bash: argument list too long
, Failed to run:
	bash -c 'python /app/code/run.py --var optionsRequired n_classes carQuantities n_cars maxCars n_options setup slot blockSize --input_var optionsRequired n_classes carQuantities n_options n_cars blockSize maxCars --example n_cars=200 n...,0,1,0,0,0,0,1,0,0,0,0,0,0,1,0,0,0,0,0,1,0,0,0,0,0,1,0]] 2>&1 | sed ""s/^/% /"" ; cat -u /app/model.mzn 2>/dev/null ; rm -f /app/model.mzn'
	in container ARNOLD_MPMMine-P002M001_92252:
	exit code: 255
	error: exec /usr/bin/bash: argument list too long
, Failed to run:
	bash -c 'python /app/code/run.py --var optionsRequired n_classes carQuantities n_cars maxCars n_options setup slot blockSize --input_var optionsRequired n_classes carQuantities n_options n_cars blockSize maxCars --example n_cars=200 n...,0,1,0,0,0,0,1,0,0,0,0,0,0,1,0,0,0,0,0,0,1,0,0,0,0,1,0]] 2>&1 | sed ""s/^/% /"" ; cat -u /app/model.mzn 2>/dev/null ; rm -f /app/model.mzn'
	in container ARNOLD_MPMMine-P002M001_92252:
	exit code: 255
	error: exec /usr/bin/bash: argument list too long
, Failed to run:
	bash -c 'python /app/code/run.py --var optionsRequired n_classes carQuantities n_cars maxCars n_options setup slot blockSize --input_var optionsRequired n_classes carQuantities n_options n_cars blockSize maxCars --example n_cars=200 n...,0,1,0,0,0,0,1,0,0,0,0,0,1,0,0,0,0,0,0,1,0,0,0,0,0,1,0]] 2>&1 | sed ""s/^/% /"" ; cat -u /app/model.mzn 2>/dev/null ; rm -f /app/model.mzn'
	in container ARNOLD_MPMMine-P002M001_92252:
	exit code: 255
	error: exec /usr/bin/bash: argument list too long
, Failed to run:
	bash -c 'python /app/code/run.py --var optionsRequired n_classes carQuantities n_cars maxCars n_options setup slot blockSize --input_var optionsRequired n_classes carQuantities n_options n_cars blockSize maxCars --example n_cars=200 n...,0,1,0,0,0,0,0,1,0,0,0,0,0,1,0,0,0,0,0,1,0,0,0,0,0,1,0]] 2>&1 | sed ""s/^/% /"" ; cat -u /app/model.mzn 2>/dev/null ; rm -f /app/model.mzn'
	in container ARNOLD_MPMMine-P002M001_92252:
	exit code: 255
	error: exec /usr/bin/bash: argument list too long
",0.0,0.0,,954539.0377473915,3.1687915154349655,0.0,0.0,MPMMine-P002M001I067,ARNOLD/problems/P002/models/M001/instances/I067/75
ARNOLD,MPMMine-P002,MPMMine-P002M001,MPMMine-P002M001I067,100,100,0,5,,,200.0,0.0,1000,1.0,0.0,"Failed to run:
	bash -c 'python /app/code/run.py --var optionsRequired n_classes carQuantities n_cars maxCars n_options setup slot blockSize --input_var optionsRequired n_classes carQuantities n_options n_cars blockSize maxCars --example n_cars=200 n...,0,0,0,0,0,1,0,0,0,0,0,0,0,1,0,0,0,0,0,0,0,1,0,0,0,0,1]] 2>&1 | sed ""s/^/% /"" ; cat -u /app/model.mzn 2>/dev/null ; rm -f /app/model.mzn'
	in container ARNOLD_MPMMine-P002M001_92252:
	exit code: 255
	error: exec /usr/bin/bash: argument list too long
, Failed to run:
	bash -c 'python /app/code/run.py --var optionsRequired n_classes carQuantities n_cars maxCars n_options setup slot blockSize --input_var optionsRequired n_classes carQuantities n_options n_cars blockSize maxCars --example n_cars=200 n...,1,0,0,0,0,0,1,0,0,0,0,1,0,0,0,0,1,0,0,0,0,1,0,0,0,0,0]] 2>&1 | sed ""s/^/% /"" ; cat -u /app/model.mzn 2>/dev/null ; rm -f /app/model.mzn'
	in container ARNOLD_MPMMine-P002M001_92252:
	exit code: 255
	error: exec /usr/bin/bash: argument list too long
, Failed to run:
	bash -c 'python /app/code/run.py --var optionsRequired n_classes carQuantities n_cars maxCars n_options setup slot blockSize --input_var optionsRequired n_classes carQuantities n_options n_cars blockSize maxCars --example n_cars=200 n...,0,1,0,0,0,0,1,0,0,0,0,1,0,0,0,0,0,1,0,0,0,0,0,0,0,1,0]] 2>&1 | sed ""s/^/% /"" ; cat -u /app/model.mzn 2>/dev/null ; rm -f /app/model.mzn'
	in container ARNOLD_MPMMine-P002M001_92252:
	exit code: 255
	error: exec /usr/bin/bash: argument list too long
, Failed to run:
	bash -c 'python /app/code/run.py --var optionsRequired n_classes carQuantities n_cars maxCars n_options setup slot blockSize --input_var optionsRequired n_classes carQuantities n_options n_cars blockSize maxCars --example n_cars=200 n...,0,0,0,1,0,0,0,0,0,0,0,0,1,0,0,0,0,1,0,0,0,0,0,0,1,0,0]] 2>&1 | sed ""s/^/% /"" ; cat -u /app/model.mzn 2>/dev/null ; rm -f /app/model.mzn'
	in container ARNOLD_MPMMine-P002M001_92252:
	exit code: 255
	error: exec /usr/bin/bash: argument list too long
, Failed to run:
	bash -c 'python /app/code/run.py --var optionsRequired n_classes carQuantities n_cars maxCars n_options setup slot blockSize --input_var optionsRequired n_classes carQuantities n_options n_cars blockSize maxCars --example n_cars=200 n...,1,0,0,0,0,0,1,0,0,0,0,1,0,0,0,0,0,0,0,0,1,0,0,0,0,1,0]] 2>&1 | sed ""s/^/% /"" ; cat -u /app/model.mzn 2>/dev/null ; rm -f /app/model.mzn'
	in container ARNOLD_MPMMine-P002M001_92252:
	exit code: 255
	error: exec /usr/bin/bash: argument list too long
",0.0,0.0,,954551.8324559166,4.45217924163355,0.0,0.0,MPMMine-P002M001I067,ARNOLD/problems/P002/models/M001/instances/I067/100
ARNOLD,MPMMine-P002,MPMMine-P002M001,MPMMine-P002M001I068,2,2,0,5,1.0,0.0,200.0,0.0,1000,0.0,0.0,,0.954,0.01880218516803642,Timeout while verifying an example,33.58154128342867,0.42914154964715095,1153639.9918432813,22288.933713012608,MPMMine-P002M001I068,ARNOLD/problems/P002/models/M001/instances/I068/2
ARNOLD,MPMMine-P002,MPMMine-P002M001,MPMMine-P002M001I068,10,10,0,5,1.0,0.0,200.0,0.0,1000,0.0,0.0,,0.954,0.01880218516803642,Timeout while verifying an example,175.66739358315243,61.25312264091739,1153747.3824900016,23233.789269452147,MPMMine-P002M001I068,ARNOLD/problems/P002/models/M001/instances/I068/10
ARNOLD,MPMMine-P002,MPMMine-P002M001,MPMMine-P002M001I068,30,30,0,5,1.0,0.0,200.0,0.0,1000,0.0,0.0,,0.954,0.01880218516803642,Timeout while verifying an example,436.9665943334112,35.43974913008468,1155056.430893368,24984.47935895201,MPMMine-P002M001I068,ARNOLD/problems/P002/models/M001/instances/I068/30
ARNOLD,MPMMine-P002,MPMMine-P002M001,MPMMine-P002M001I068,50,50,0,5,,,200.0,0.0,1000,1.0,0.0,"Failed to run:
	bash -c 'python /app/code/run.py --var setup slot n_classes n_options n_cars maxCars blockSize carQuantities optionsRequired --input_var n_classes n_options n_cars maxCars blockSize carQuantities optionsRequired --example n_cars=200 n...,1,0,0,0,0,0,1,0,0,0,0,1,0,0,0,0,1,0,0,0,0,1,0,0,0,0,1]] 2>&1 | sed ""s/^/% /"" ; cat -u /app/model.mzn 2>/dev/null ; rm -f /app/model.mzn'
	in container ARNOLD_MPMMine-P002M001_92253:
	exit code: 255
	error: exec /usr/bin/bash: argument list too long
, Failed to run:
	bash -c 'python /app/code/run.py --var setup slot n_classes n_options n_cars maxCars blockSize carQuantities optionsRequired --input_var n_classes n_options n_cars maxCars blockSize carQuantities optionsRequired --example n_cars=200 n...,0,1,0,0,0,0,1,0,0,0,0,0,0,1,0,0,0,0,0,1,0,0,0,0,1,0,0]] 2>&1 | sed ""s/^/% /"" ; cat -u /app/model.mzn 2>/dev/null ; rm -f /app/model.mzn'
	in container ARNOLD_MPMMine-P002M001_92253:
	exit code: 255
	error: exec /usr/bin/bash: argument list too long
, Failed to run:
	bash -c 'python /app/code/run.py --var setup slot n_classes n_options n_cars maxCars blockSize carQuantities optionsRequired --input_var n_classes n_options n_cars maxCars blockSize carQuantities optionsRequired --example n_cars=200 n...,0,0,0,0,1,0,0,0,0,1,0,0,0,0,1,0,0,0,0,0,0,0,0,0,1,0,0]] 2>&1 | sed ""s/^/% /"" ; cat -u /app/model.mzn 2>/dev/null ; rm -f /app/model.mzn'
	in container ARNOLD_MPMMine-P002M001_92253:
	exit code: 255
	error: exec /usr/bin/bash: argument list too long
, Failed to run:
	bash -c 'python /app/code/run.py --var setup slot n_classes n_options n_cars maxCars blockSize carQuantities optionsRequired --input_var n_classes n_options n_cars maxCars blockSize carQuantities optionsRequired --example n_cars=200 n...,1,0,0,0,0,0,1,0,0,0,0,1,0,0,0,0,0,0,0,0,1,0,0,0,0,0,1]] 2>&1 | sed ""s/^/% /"" ; cat -u /app/model.mzn 2>/dev/null ; rm -f /app/model.mzn'
	in container ARNOLD_MPMMine-P002M001_92253:
	exit code: 255
	error: exec /usr/bin/bash: argument list too long
, Failed to run:
	bash -c 'python /app/code/run.py --var setup slot n_classes n_options n_cars maxCars blockSize carQuantities optionsRequired --input_var n_classes n_options n_cars maxCars blockSize carQuantities optionsRequired --example n_cars=200 n...,1,0,0,0,0,1,0,0,0,0,1,0,0,0,0,1,0,0,0,0,0,1,0,0,0,0,1]] 2>&1 | sed ""s/^/% /"" ; cat -u /app/model.mzn 2>/dev/null ; rm -f /app/model.mzn'
	in container ARNOLD_MPMMine-P002M001_92253:
	exit code: 255
	error: exec /usr/bin/bash: argument list too long
",0.0,0.0,,959051.1783271662,2.0068810133783272,0.0,0.0,MPMMine-P002M001I068,ARNOLD/problems/P002/models/M001/instances/I068/50
ARNOLD,MPMMine-P002,MPMMine-P002M001,MPMMine-P002M001I068,75,75,0,5,,,200.0,0.0,1000,1.0,0.0,"Failed to run:
	bash -c 'python /app/code/run.py --var setup slot n_classes n_options n_cars maxCars blockSize carQuantities optionsRequired --input_var n_classes n_options n_cars maxCars blockSize carQuantities optionsRequired --example n_cars=200 n...,0,0,0,0,1,0,0,0,0,0,1,0,0,0,0,1,0,0,0,0,1,0,0,0,0,0,1]] 2>&1 | sed ""s/^/% /"" ; cat -u /app/model.mzn 2>/dev/null ; rm -f /app/model.mzn'
	in container ARNOLD_MPMMine-P002M001_92253:
	exit code: 255
	error: exec /usr/bin/bash: argument list too long
, Failed to run:
	bash -c 'python /app/code/run.py --var setup slot n_classes n_options n_cars maxCars blockSize carQuantities optionsRequired --input_var n_classes n_options n_cars maxCars blockSize carQuantities optionsRequired --example n_cars=200 n...,0,0,0,0,0,0,0,1,0,0,0,0,0,0,1,0,0,0,0,1,0,0,0,0,0,1,0]] 2>&1 | sed ""s/^/% /"" ; cat -u /app/model.mzn 2>/dev/null ; rm -f /app/model.mzn'
	in container ARNOLD_MPMMine-P002M001_92253:
	exit code: 255
	error: exec /usr/bin/bash: argument list too long
, Failed to run:
	bash -c 'python /app/code/run.py --var setup slot n_classes n_options n_cars maxCars blockSize carQuantities optionsRequired --input_var n_classes n_options n_cars maxCars blockSize carQuantities optionsRequired --example n_cars=200 n...,1,0,0,0,0,0,1,0,0,0,0,1,0,0,0,0,1,0,0,0,0,1,0,0,0,0,1]] 2>&1 | sed ""s/^/% /"" ; cat -u /app/model.mzn 2>/dev/null ; rm -f /app/model.mzn'
	in container ARNOLD_MPMMine-P002M001_92253:
	exit code: 255
	error: exec /usr/bin/bash: argument list too long
, Failed to run:
	bash -c 'python /app/code/run.py --var setup slot n_classes n_options n_cars maxCars blockSize carQuantities optionsRequired --input_var n_classes n_options n_cars maxCars blockSize carQuantities optionsRequired --example n_cars=200 n...,0,0,0,0,1,0,0,0,0,0,1,0,0,0,0,0,0,1,0,0,0,0,1,0,0,0,0]] 2>&1 | sed ""s/^/% /"" ; cat -u /app/model.mzn 2>/dev/null ; rm -f /app/model.mzn'
	in container ARNOLD_MPMMine-P002M001_92253:
	exit code: 255
	error: exec /usr/bin/bash: argument list too long
, Failed to run:
	bash -c 'python /app/code/run.py --var setup slot n_classes n_options n_cars maxCars blockSize carQuantities optionsRequired --input_var n_classes n_options n_cars maxCars blockSize carQuantities optionsRequired --example n_cars=200 n...,0,0,0,1,0,0,0,0,1,0,0,0,0,0,1,0,0,0,0,0,1,0,0,0,0,1,0]] 2>&1 | sed ""s/^/% /"" ; cat -u /app/model.mzn 2>/dev/null ; rm -f /app/model.mzn'
	in container ARNOLD_MPMMine-P002M001_92253:
	exit code: 255
	error: exec /usr/bin/bash: argument list too long
",0.0,0.0,,959060.2764617245,3.161353634054339,0.0,0.0,MPMMine-P002M001I068,ARNOLD/problems/P002/models/M001/instances/I068/75
ARNOLD,MPMMine-P002,MPMMine-P002M001,MPMMine-P002M001I068,100,100,0,5,,,200.0,0.0,1000,1.0,0.0,"Failed to run:
	bash -c 'python /app/code/run.py --var setup slot n_classes n_options n_cars maxCars blockSize carQuantities optionsRequired --input_var n_classes n_options n_cars maxCars blockSize carQuantities optionsRequired --example n_cars=200 n...,0,1,0,0,0,0,1,0,0,0,0,1,0,0,0,0,0,0,1,0,0,0,0,0,0,1,0]] 2>&1 | sed ""s/^/% /"" ; cat -u /app/model.mzn 2>/dev/null ; rm -f /app/model.mzn'
	in container ARNOLD_MPMMine-P002M001_92253:
	exit code: 255
	error: exec /usr/bin/bash: argument list too long
, Failed to run:
	bash -c 'python /app/code/run.py --var setup slot n_classes n_options n_cars maxCars blockSize carQuantities optionsRequired --input_var n_classes n_options n_cars maxCars blockSize carQuantities optionsRequired --example n_cars=200 n...,0,0,0,0,1,0,0,0,0,0,0,0,0,1,0,0,0,0,1,0,0,0,0,0,1,0,0]] 2>&1 | sed ""s/^/% /"" ; cat -u /app/model.mzn 2>/dev/null ; rm -f /app/model.mzn'
	in container ARNOLD_MPMMine-P002M001_92253:
	exit code: 255
	error: exec /usr/bin/bash: argument list too long
, Failed to run:
	bash -c 'python /app/code/run.py --var setup slot n_classes n_options n_cars maxCars blockSize carQuantities optionsRequired --input_var n_classes n_options n_cars maxCars blockSize carQuantities optionsRequired --example n_cars=200 n...,0,0,0,0,1,0,0,0,0,1,0,0,0,0,1,0,0,0,0,1,0,0,0,0,1,0,0]] 2>&1 | sed ""s/^/% /"" ; cat -u /app/model.mzn 2>/dev/null ; rm -f /app/model.mzn'
	in container ARNOLD_MPMMine-P002M001_92253:
	exit code: 255
	error: exec /usr/bin/bash: argument list too long
, Failed to run:
	bash -c 'python /app/code/run.py --var setup slot n_classes n_options n_cars maxCars blockSize carQuantities optionsRequired --input_var n_classes n_options n_cars maxCars blockSize carQuantities optionsRequired --example n_cars=200 n...,0,0,0,0,1,0,0,0,0,0,1,0,0,0,0,1,0,0,0,0,1,0,0,0,0,1,0]] 2>&1 | sed ""s/^/% /"" ; cat -u /app/model.mzn 2>/dev/null ; rm -f /app/model.mzn'
	in container ARNOLD_MPMMine-P002M001_92253:
	exit code: 255
	error: exec /usr/bin/bash: argument list too long
, Failed to run:
	bash -c 'python /app/code/run.py --var setup slot n_classes n_options n_cars maxCars blockSize carQuantities optionsRequired --input_var n_classes n_options n_cars maxCars blockSize carQuantities optionsRequired --example n_cars=200 n...,0,0,1,0,0,0,0,0,0,0,1,0,0,0,0,0,0,1,0,0,0,0,1,0,0,0,0]] 2>&1 | sed ""s/^/% /"" ; cat -u /app/model.mzn 2>/dev/null ; rm -f /app/model.mzn'
	in container ARNOLD_MPMMine-P002M001_92253:
	exit code: 255
	error: exec /usr/bin/bash: argument list too long
",0.0,0.0,,959072.937403008,4.558588152031171,0.0,0.0,MPMMine-P002M001I068,ARNOLD/problems/P002/models/M001/instances/I068/100
ARNOLD,MPMMine-P002,MPMMine-P002M001,MPMMine-P002M001I069,2,2,0,5,1.0,0.0,200.0,0.0,1000,0.0,0.0,,0.9650000000000001,0.009088379237867013,Timeout while verifying an example,31.206165383174085,1.6908807030991568,1167489.377388279,10167.160242619779,MPMMine-P002M001I069,ARNOLD/problems/P002/models/M001/instances/I069/2
ARNOLD,MPMMine-P002,MPMMine-P002M001,MPMMine-P002M001I069,10,10,0,5,1.0,0.0,200.0,0.0,1000,0.0,0.0,,0.9650000000000001,0.009088379237867013,Timeout while verifying an example,163.14213029982056,65.95726883256779,1168187.8650000459,10945.786800923395,MPMMine-P002M001I069,ARNOLD/problems/P002/models/M001/instances/I069/10
ARNOLD,MPMMine-P002,MPMMine-P002M001,MPMMine-P002M001I069,30,30,0,5,1.0,0.0,200.0,0.0,1000,0.0,0.0,,0.9650000000000001,0.009088379237867013,Timeout while verifying an example,479.2502720997669,184.58194405404527,1168269.5265650097,12558.49099644441,MPMMine-P002M001I069,ARNOLD/problems/P002/models/M001/instances/I069/30
ARNOLD,MPMMine-P002,MPMMine-P002M001,MPMMine-P002M001I069,50,50,0,5,,,200.0,0.0,1000,1.0,0.0,"Failed to run:
	bash -c 'python /app/code/run.py --var carQuantities setup blockSize optionsRequired n_options n_classes slot maxCars n_cars --input_var n_classes carQuantities blockSize maxCars optionsRequired n_cars n_options --example n_cars=200 n...,0,0,1,0,0,0,0,1,0,0,0,0,0,1,0,0,0,0,1,0,0,0,0,0,0,0,1]] 2>&1 | sed ""s/^/% /"" ; cat -u /app/model.mzn 2>/dev/null ; rm -f /app/model.mzn'
	in container ARNOLD_MPMMine-P002M001_92257:
	exit code: 255
	error: exec /usr/bin/bash: argument list too long
, Failed to run:
	bash -c 'python /app/code/run.py --var carQuantities setup blockSize optionsRequired n_options n_classes slot maxCars n_cars --input_var n_classes carQuantities blockSize maxCars optionsRequired n_cars n_options --example n_cars=200 n...,0,0,0,1,0,0,0,0,1,0,0,0,0,0,1,0,0,0,0,0,0,1,0,0,0,0,1]] 2>&1 | sed ""s/^/% /"" ; cat -u /app/model.mzn 2>/dev/null ; rm -f /app/model.mzn'
	in container ARNOLD_MPMMine-P002M001_92257:
	exit code: 255
	error: exec /usr/bin/bash: argument list too long
, Failed to run:
	bash -c 'python /app/code/run.py --var carQuantities setup blockSize optionsRequired n_options n_classes slot maxCars n_cars --input_var n_classes carQuantities blockSize maxCars optionsRequired n_cars n_options --example n_cars=200 n...,0,0,0,0,0,1,0,0,0,0,1,0,0,0,0,1,0,0,0,0,1,0,0,0,0,1,0]] 2>&1 | sed ""s/^/% /"" ; cat -u /app/model.mzn 2>/dev/null ; rm -f /app/model.mzn'
	in container ARNOLD_MPMMine-P002M001_92257:
	exit code: 255
	error: exec /usr/bin/bash: argument list too long
, Failed to run:
	bash -c 'python /app/code/run.py --var carQuantities setup blockSize optionsRequired n_options n_classes slot maxCars n_cars --input_var n_classes carQuantities blockSize maxCars optionsRequired n_cars n_options --example n_cars=200 n...,0,0,0,0,1,0,0,0,0,0,1,0,0,0,0,1,0,0,0,0,1,0,0,0,0,1,0]] 2>&1 | sed ""s/^/% /"" ; cat -u /app/model.mzn 2>/dev/null ; rm -f /app/model.mzn'
	in container ARNOLD_MPMMine-P002M001_92257:
	exit code: 255
	error: exec /usr/bin/bash: argument list too long
, Failed to run:
	bash -c 'python /app/code/run.py --var carQuantities setup blockSize optionsRequired n_options n_classes slot maxCars n_cars --input_var n_classes carQuantities blockSize maxCars optionsRequired n_cars n_options --example n_cars=200 n...,0,1,0,0,0,0,1,0,0,0,0,1,0,0,0,0,1,0,0,0,0,1,0,0,0,0,1]] 2>&1 | sed ""s/^/% /"" ; cat -u /app/model.mzn 2>/dev/null ; rm -f /app/model.mzn'
	in container ARNOLD_MPMMine-P002M001_92257:
	exit code: 255
	error: exec /usr/bin/bash: argument list too long
",0.0,0.0,,963740.3144714495,2.046420270794092,0.0,0.0,MPMMine-P002M001I069,ARNOLD/problems/P002/models/M001/instances/I069/50
ARNOLD,MPMMine-P002,MPMMine-P002M001,MPMMine-P002M001I069,75,75,0,5,,,200.0,0.0,1000,1.0,0.0,"Failed to run:
	bash -c 'python /app/code/run.py --var carQuantities setup blockSize optionsRequired n_options n_classes slot maxCars n_cars --input_var n_classes carQuantities blockSize maxCars optionsRequired n_cars n_options --example n_cars=200 n...,0,0,0,0,0,1,0,0,0,0,1,0,0,0,0,1,0,0,0,0,0,1,0,0,0,0,1]] 2>&1 | sed ""s/^/% /"" ; cat -u /app/model.mzn 2>/dev/null ; rm -f /app/model.mzn'
	in container ARNOLD_MPMMine-P002M001_92257:
	exit code: 255
	error: exec /usr/bin/bash: argument list too long
, Failed to run:
	bash -c 'python /app/code/run.py --var carQuantities setup blockSize optionsRequired n_options n_classes slot maxCars n_cars --input_var n_classes carQuantities blockSize maxCars optionsRequired n_cars n_options --example n_cars=200 n...,1,0,0,0,0,0,0,0,1,0,0,0,0,1,0,0,0,0,1,0,0,0,0,1,0,0,0]] 2>&1 | sed ""s/^/% /"" ; cat -u /app/model.mzn 2>/dev/null ; rm -f /app/model.mzn'
	in container ARNOLD_MPMMine-P002M001_92257:
	exit code: 255
	error: exec /usr/bin/bash: argument list too long
, Failed to run:
	bash -c 'python /app/code/run.py --var carQuantities setup blockSize optionsRequired n_options n_classes slot maxCars n_cars --input_var n_classes carQuantities blockSize maxCars optionsRequired n_cars n_options --example n_cars=200 n...,0,0,1,0,0,0,0,1,0,0,0,0,0,1,0,0,0,0,0,1,0,0,0,0,1,0,0]] 2>&1 | sed ""s/^/% /"" ; cat -u /app/model.mzn 2>/dev/null ; rm -f /app/model.mzn'
	in container ARNOLD_MPMMine-P002M001_92257:
	exit code: 255
	error: exec /usr/bin/bash: argument list too long
, Failed to run:
	bash -c 'python /app/code/run.py --var carQuantities setup blockSize optionsRequired n_options n_classes slot maxCars n_cars --input_var n_classes carQuantities blockSize maxCars optionsRequired n_cars n_options --example n_cars=200 n...,1,0,0,0,0,1,0,0,0,0,0,1,0,0,0,0,0,1,0,0,0,0,0,0,1,0,0]] 2>&1 | sed ""s/^/% /"" ; cat -u /app/model.mzn 2>/dev/null ; rm -f /app/model.mzn'
	in container ARNOLD_MPMMine-P002M001_92257:
	exit code: 255
	error: exec /usr/bin/bash: argument list too long
, Failed to run:
	bash -c 'python /app/code/run.py --var carQuantities setup blockSize optionsRequired n_options n_classes slot maxCars n_cars --input_var n_classes carQuantities blockSize maxCars optionsRequired n_cars n_options --example n_cars=200 n...,1,0,0,0,0,1,0,0,0,0,1,0,0,0,0,0,0,0,0,1,0,0,0,0,1,0,0]] 2>&1 | sed ""s/^/% /"" ; cat -u /app/model.mzn 2>/dev/null ; rm -f /app/model.mzn'
	in container ARNOLD_MPMMine-P002M001_92257:
	exit code: 255
	error: exec /usr/bin/bash: argument list too long
",0.0,0.0,,963749.3939861329,3.119346026425495,0.0,0.0,MPMMine-P002M001I069,ARNOLD/problems/P002/models/M001/instances/I069/75
ARNOLD,MPMMine-P002,MPMMine-P002M001,MPMMine-P002M001I069,100,100,0,5,,,200.0,0.0,1000,1.0,0.0,"Failed to run:
	bash -c 'python /app/code/run.py --var carQuantities setup blockSize optionsRequired n_options n_classes slot maxCars n_cars --input_var n_classes carQuantities blockSize maxCars optionsRequired n_cars n_options --example n_cars=200 n...,0,0,0,1,0,0,0,0,1,0,0,0,0,0,0,1,0,0,0,0,1,0,0,0,0,1,0]] 2>&1 | sed ""s/^/% /"" ; cat -u /app/model.mzn 2>/dev/null ; rm -f /app/model.mzn'
	in container ARNOLD_MPMMine-P002M001_92257:
	exit code: 255
	error: exec /usr/bin/bash: argument list too long
, Failed to run:
	bash -c 'python /app/code/run.py --var carQuantities setup blockSize optionsRequired n_options n_classes slot maxCars n_cars --input_var n_classes carQuantities blockSize maxCars optionsRequired n_cars n_options --example n_cars=200 n...,0,0,1,0,0,0,0,1,0,0,0,0,0,0,0,1,0,0,0,0,1,0,0,0,0,1,0]] 2>&1 | sed ""s/^/% /"" ; cat -u /app/model.mzn 2>/dev/null ; rm -f /app/model.mzn'
	in container ARNOLD_MPMMine-P002M001_92257:
	exit code: 255
	error: exec /usr/bin/bash: argument list too long
, Failed to run:
	bash -c 'python /app/code/run.py --var carQuantities setup blockSize optionsRequired n_options n_classes slot maxCars n_cars --input_var n_classes carQuantities blockSize maxCars optionsRequired n_cars n_options --example n_cars=200 n...,0,1,0,0,0,0,1,0,0,0,0,0,1,0,0,0,0,0,0,1,0,0,0,0,1,0,0]] 2>&1 | sed ""s/^/% /"" ; cat -u /app/model.mzn 2>/dev/null ; rm -f /app/model.mzn'
	in container ARNOLD_MPMMine-P002M001_92257:
	exit code: 255
	error: exec /usr/bin/bash: argument list too long
, Failed to run:
	bash -c 'python /app/code/run.py --var carQuantities setup blockSize optionsRequired n_options n_classes slot maxCars n_cars --input_var n_classes carQuantities blockSize maxCars optionsRequired n_cars n_options --example n_cars=200 n...,1,0,0,0,0,1,0,0,0,0,0,1,0,0,0,0,1,0,0,0,0,1,0,0,0,0,0]] 2>&1 | sed ""s/^/% /"" ; cat -u /app/model.mzn 2>/dev/null ; rm -f /app/model.mzn'
	in container ARNOLD_MPMMine-P002M001_92257:
	exit code: 255
	error: exec /usr/bin/bash: argument list too long
, Failed to run:
	bash -c 'python /app/code/run.py --var carQuantities setup blockSize optionsRequired n_options n_classes slot maxCars n_cars --input_var n_classes carQuantities blockSize maxCars optionsRequired n_cars n_options --example n_cars=200 n...,0,0,0,0,1,0,0,0,0,0,1,0,0,0,0,0,1,0,0,0,0,1,0,0,0,0,1]] 2>&1 | sed ""s/^/% /"" ; cat -u /app/model.mzn 2>/dev/null ; rm -f /app/model.mzn'
	in container ARNOLD_MPMMine-P002M001_92257:
	exit code: 255
	error: exec /usr/bin/bash: argument list too long
",0.0,0.0,,963761.3899930079,4.3253684648201425,0.0,0.0,MPMMine-P002M001I069,ARNOLD/problems/P002/models/M001/instances/I069/100
ARNOLD,MPMMine-P002,MPMMine-P002M001,MPMMine-P002M001I070,2,2,0,5,0.5,0.0,200.0,0.0,1000,0.0,0.0,,0.0,0.0,,25.707702458417042,0.602517095413096,465544.02175327763,3182.287003313168,MPMMine-P002M001I070,ARNOLD/problems/P002/models/M001/instances/I070/2
ARNOLD,MPMMine-P002,MPMMine-P002M001,MPMMine-P002M001I070,10,10,0,5,0.49743589743589745,0.006591235475990555,200.0,0.0,1000,0.0,0.0,,0.005,0.012852909178181573,", Timeout while verifying an example",117.87799872478936,11.3228520961717,496817.75338659994,115661.59986984686,MPMMine-P002M001I070,ARNOLD/problems/P002/models/M001/instances/I070/10
ARNOLD,MPMMine-P002,MPMMine-P002M001,MPMMine-P002M001I070,30,30,0,5,0.5025641025641026,0.006591235475990526,200.0,0.0,1000,0.0,0.0,,0.005,0.012852909178181573,", Timeout while verifying an example",331.56521154157815,30.935821820307225,496916.0147683602,122198.8323573283,MPMMine-P002M001I070,ARNOLD/problems/P002/models/M001/instances/I070/30
ARNOLD,MPMMine-P002,MPMMine-P002M001,MPMMine-P002M001I070,50,50,0,5,,,200.0,0.0,1000,1.0,0.0,"Failed to run:
	bash -c 'python /app/code/run.py --var maxCars blockSize slot n_cars setup n_options n_classes carQuantities optionsRequired --input_var maxCars blockSize n_classes n_cars carQuantities n_options optionsRequired --example n_cars=200 n...,0,0,1,0,0,0,0,0,0,0,1,0,0,0,0,0,0,1,0,0,0,0,0,1,0,0,0]] 2>&1 | sed ""s/^/% /"" ; cat -u /app/model.mzn 2>/dev/null ; rm -f /app/model.mzn'
	in container ARNOLD_MPMMine-P002M001_92280:
	exit code: 255
	error: exec /usr/bin/bash: argument list too long
, Failed to run:
	bash -c 'python /app/code/run.py --var maxCars blockSize slot n_cars setup n_options n_classes carQuantities optionsRequired --input_var maxCars blockSize n_classes n_cars carQuantities n_options optionsRequired --example n_cars=200 n...,0,0,0,0,1,0,0,0,0,0,0,0,0,0,0,0,0,0,0,1,0,0,0,0,0,0,0]] 2>&1 | sed ""s/^/% /"" ; cat -u /app/model.mzn 2>/dev/null ; rm -f /app/model.mzn'
	in container ARNOLD_MPMMine-P002M001_92280:
	exit code: 255
	error: exec /usr/bin/bash: argument list too long
, Failed to run:
	bash -c 'python /app/code/run.py --var maxCars blockSize slot n_cars setup n_options n_classes carQuantities optionsRequired --input_var maxCars blockSize n_classes n_cars carQuantities n_options optionsRequired --example n_cars=200 n...,0,0,0,0,0,1,0,0,0,0,0,0,0,0,0,0,1,0,0,0,0,1,0,0,0,0,1]] 2>&1 | sed ""s/^/% /"" ; cat -u /app/model.mzn 2>/dev/null ; rm -f /app/model.mzn'
	in container ARNOLD_MPMMine-P002M001_92280:
	exit code: 255
	error: exec /usr/bin/bash: argument list too long
, Failed to run:
	bash -c 'python /app/code/run.py --var maxCars blockSize slot n_cars setup n_options n_classes carQuantities optionsRequired --input_var maxCars blockSize n_classes n_cars carQuantities n_options optionsRequired --example n_cars=200 n...,0,1,0,0,0,0,1,0,0,0,0,0,1,0,0,0,0,0,0,0,0,0,0,1,0,0,0]] 2>&1 | sed ""s/^/% /"" ; cat -u /app/model.mzn 2>/dev/null ; rm -f /app/model.mzn'
	in container ARNOLD_MPMMine-P002M001_92280:
	exit code: 255
	error: exec /usr/bin/bash: argument list too long
, Failed to run:
	bash -c 'python /app/code/run.py --var maxCars blockSize slot n_cars setup n_options n_classes carQuantities optionsRequired --input_var maxCars blockSize n_classes n_cars carQuantities n_options optionsRequired --example n_cars=200 n...,0,0,1,0,0,0,0,0,0,0,0,0,0,1,0,0,0,0,0,0,0,1,0,0,0,0,0]] 2>&1 | sed ""s/^/% /"" ; cat -u /app/model.mzn 2>/dev/null ; rm -f /app/model.mzn'
	in container ARNOLD_MPMMine-P002M001_92280:
	exit code: 255
	error: exec /usr/bin/bash: argument list too long
",0.0,0.0,,974388.2061881911,2.007912900910275,0.0,0.0,MPMMine-P002M001I070,ARNOLD/problems/P002/models/M001/instances/I070/50
ARNOLD,MPMMine-P002,MPMMine-P002M001,MPMMine-P002M001I070,75,75,0,5,,,200.0,0.0,1000,1.0,0.0,"Failed to run:
	bash -c 'python /app/code/run.py --var maxCars blockSize slot n_cars setup n_options n_classes carQuantities optionsRequired --input_var maxCars blockSize n_classes n_cars carQuantities n_options optionsRequired --example n_cars=200 n...,0,0,0,0,0,0,0,0,0,0,0,0,0,0,1,0,0,0,0,0,0,0,1,0,0,0,0]] 2>&1 | sed ""s/^/% /"" ; cat -u /app/model.mzn 2>/dev/null ; rm -f /app/model.mzn'
	in container ARNOLD_MPMMine-P002M001_92280:
	exit code: 255
	error: exec /usr/bin/bash: argument list too long
, Failed to run:
	bash -c 'python /app/code/run.py --var maxCars blockSize slot n_cars setup n_options n_classes carQuantities optionsRequired --input_var maxCars blockSize n_classes n_cars carQuantities n_options optionsRequired --example n_cars=200 n...,0,0,0,0,0,0,1,0,0,0,0,0,1,0,0,0,0,1,0,0,0,0,1,0,0,0,0]] 2>&1 | sed ""s/^/% /"" ; cat -u /app/model.mzn 2>/dev/null ; rm -f /app/model.mzn'
	in container ARNOLD_MPMMine-P002M001_92280:
	exit code: 255
	error: exec /usr/bin/bash: argument list too long
, Failed to run:
	bash -c 'python /app/code/run.py --var maxCars blockSize slot n_cars setup n_options n_classes carQuantities optionsRequired --input_var maxCars blockSize n_classes n_cars carQuantities n_options optionsRequired --example n_cars=200 n...,0,0,0,0,0,0,0,0,1,0,0,0,0,0,1,0,0,0,0,1,0,0,0,0,1,0,0]] 2>&1 | sed ""s/^/% /"" ; cat -u /app/model.mzn 2>/dev/null ; rm -f /app/model.mzn'
	in container ARNOLD_MPMMine-P002M001_92280:
	exit code: 255
	error: exec /usr/bin/bash: argument list too long
, Failed to run:
	bash -c 'python /app/code/run.py --var maxCars blockSize slot n_cars setup n_options n_classes carQuantities optionsRequired --input_var maxCars blockSize n_classes n_cars carQuantities n_options optionsRequired --example n_cars=200 n...,0,0,1,0,0,0,0,0,0,0,0,1,0,0,0,0,1,0,0,0,0,0,0,0,1,0,0]] 2>&1 | sed ""s/^/% /"" ; cat -u /app/model.mzn 2>/dev/null ; rm -f /app/model.mzn'
	in container ARNOLD_MPMMine-P002M001_92280:
	exit code: 255
	error: exec /usr/bin/bash: argument list too long
, Failed to run:
	bash -c 'python /app/code/run.py --var maxCars blockSize slot n_cars setup n_options n_classes carQuantities optionsRequired --input_var maxCars blockSize n_classes n_cars carQuantities n_options optionsRequired --example n_cars=200 n...,0,0,0,0,1,0,0,0,0,0,0,0,0,0,1,0,0,0,0,0,0,0,0,0,0,0,1]] 2>&1 | sed ""s/^/% /"" ; cat -u /app/model.mzn 2>/dev/null ; rm -f /app/model.mzn'
	in container ARNOLD_MPMMine-P002M001_92280:
	exit code: 255
	error: exec /usr/bin/bash: argument list too long
",0.0,0.0,,974397.3598635995,3.2064088291644937,0.0,0.0,MPMMine-P002M001I070,ARNOLD/problems/P002/models/M001/instances/I070/75
ARNOLD,MPMMine-P002,MPMMine-P002M001,MPMMine-P002M001I070,100,100,0,5,,,200.0,0.0,1000,1.0,0.0,"Failed to run:
	bash -c 'python /app/code/run.py --var maxCars blockSize slot n_cars setup n_options n_classes carQuantities optionsRequired --input_var maxCars blockSize n_classes n_cars carQuantities n_options optionsRequired --example n_cars=200 n...,0,0,0,1,0,0,0,0,1,0,0,0,0,0,0,0,0,1,0,0,0,0,0,0,1,0,0]] 2>&1 | sed ""s/^/% /"" ; cat -u /app/model.mzn 2>/dev/null ; rm -f /app/model.mzn'
	in container ARNOLD_MPMMine-P002M001_92280:
	exit code: 255
	error: exec /usr/bin/bash: argument list too long
, Failed to run:
	bash -c 'python /app/code/run.py --var maxCars blockSize slot n_cars setup n_options n_classes carQuantities optionsRequired --input_var maxCars blockSize n_classes n_cars carQuantities n_options optionsRequired --example n_cars=200 n...,0,1,0,0,0,0,0,0,0,0,0,1,0,0,0,0,1,0,0,0,0,0,1,0,0,0,0]] 2>&1 | sed ""s/^/% /"" ; cat -u /app/model.mzn 2>/dev/null ; rm -f /app/model.mzn'
	in container ARNOLD_MPMMine-P002M001_92280:
	exit code: 255
	error: exec /usr/bin/bash: argument list too long
, Failed to run:
	bash -c 'python /app/code/run.py --var maxCars blockSize slot n_cars setup n_options n_classes carQuantities optionsRequired --input_var maxCars blockSize n_classes n_cars carQuantities n_options optionsRequired --example n_cars=200 n...,0,0,1,0,0,0,0,0,0,0,1,0,0,0,0,0,0,1,0,0,0,0,0,0,0,0,1]] 2>&1 | sed ""s/^/% /"" ; cat -u /app/model.mzn 2>/dev/null ; rm -f /app/model.mzn'
	in container ARNOLD_MPMMine-P002M001_92280:
	exit code: 255
	error: exec /usr/bin/bash: argument list too long
, Failed to run:
	bash -c 'python /app/code/run.py --var maxCars blockSize slot n_cars setup n_options n_classes carQuantities optionsRequired --input_var maxCars blockSize n_classes n_cars carQuantities n_options optionsRequired --example n_cars=200 n...,0,0,0,0,0,0,1,0,0,0,0,0,0,1,0,0,0,0,1,0,0,0,0,0,0,1,0]] 2>&1 | sed ""s/^/% /"" ; cat -u /app/model.mzn 2>/dev/null ; rm -f /app/model.mzn'
	in container ARNOLD_MPMMine-P002M001_92280:
	exit code: 255
	error: exec /usr/bin/bash: argument list too long
, Failed to run:
	bash -c 'python /app/code/run.py --var maxCars blockSize slot n_cars setup n_options n_classes carQuantities optionsRequired --input_var maxCars blockSize n_classes n_cars carQuantities n_options optionsRequired --example n_cars=200 n...,0,1,0,0,0,0,0,1,0,0,0,0,1,0,0,0,0,0,0,0,0,0,1,0,0,0,0]] 2>&1 | sed ""s/^/% /"" ; cat -u /app/model.mzn 2>/dev/null ; rm -f /app/model.mzn'
	in container ARNOLD_MPMMine-P002M001_92280:
	exit code: 255
	error: exec /usr/bin/bash: argument list too long
",0.0,0.0,,974410.1014047165,4.586847604430526,0.0,0.0,MPMMine-P002M001I070,ARNOLD/problems/P002/models/M001/instances/I070/100
ARNOLD,MPMMine-P002,MPMMine-P002M001,MPMMine-P002M001I071,50,50,0,5,,,200.0,0.0,1000,1.0,0.0,"Failed to run:
	bash -c 'python /app/code/run.py --var carQuantities setup blockSize optionsRequired n_options n_classes slot maxCars n_cars --input_var n_classes carQuantities blockSize maxCars optionsRequired n_cars n_options --example n_cars=200 n...,0,0,0,0,0,1,0,0,0,0,1,0,0,0,0,0,0,0,0,1,0,0,0,0,0,1,0]] 2>&1 | sed ""s/^/% /"" ; cat -u /app/model.mzn 2>/dev/null ; rm -f /app/model.mzn'
	in container ARNOLD_MPMMine-P002M001_92257:
	exit code: 255
	error: exec /usr/bin/bash: argument list too long
, Failed to run:
	bash -c 'python /app/code/run.py --var carQuantities setup blockSize optionsRequired n_options n_classes slot maxCars n_cars --input_var n_classes carQuantities blockSize maxCars optionsRequired n_cars n_options --example n_cars=200 n...,0,0,0,0,0,0,1,0,0,0,0,0,0,1,0,0,0,0,0,1,0,0,0,0,0,0,0]] 2>&1 | sed ""s/^/% /"" ; cat -u /app/model.mzn 2>/dev/null ; rm -f /app/model.mzn'
	in container ARNOLD_MPMMine-P002M001_92257:
	exit code: 255
	error: exec /usr/bin/bash: argument list too long
, Failed to run:
	bash -c 'python /app/code/run.py --var carQuantities setup blockSize optionsRequired n_options n_classes slot maxCars n_cars --input_var n_classes carQuantities blockSize maxCars optionsRequired n_cars n_options --example n_cars=200 n...,0,0,0,0,1,0,0,0,0,0,0,0,0,0,1,0,0,0,0,0,0,0,0,0,1,0,0]] 2>&1 | sed ""s/^/% /"" ; cat -u /app/model.mzn 2>/dev/null ; rm -f /app/model.mzn'
	in container ARNOLD_MPMMine-P002M001_92257:
	exit code: 255
	error: exec /usr/bin/bash: argument list too long
, Failed to run:
	bash -c 'python /app/code/run.py --var carQuantities setup blockSize optionsRequired n_options n_classes slot maxCars n_cars --input_var n_classes carQuantities blockSize maxCars optionsRequired n_cars n_options --example n_cars=200 n...,1,0,0,0,0,0,0,0,0,1,0,0,0,0,0,1,0,0,0,0,0,1,0,0,0,0,1]] 2>&1 | sed ""s/^/% /"" ; cat -u /app/model.mzn 2>/dev/null ; rm -f /app/model.mzn'
	in container ARNOLD_MPMMine-P002M001_92257:
	exit code: 255
	error: exec /usr/bin/bash: argument list too long
, Failed to run:
	bash -c 'python /app/code/run.py --var carQuantities setup blockSize optionsRequired n_options n_classes slot maxCars n_cars --input_var n_classes carQuantities blockSize maxCars optionsRequired n_cars n_options --example n_cars=200 n...,0,0,0,0,0,0,0,0,0,0,0,0,0,0,0,0,0,0,1,0,0,0,0,1,0,0,0]] 2>&1 | sed ""s/^/% /"" ; cat -u /app/model.mzn 2>/dev/null ; rm -f /app/model.mzn'
	in container ARNOLD_MPMMine-P002M001_92257:
	exit code: 255
	error: exec /usr/bin/bash: argument list too long
",0.0,0.0,,975545.2476792661,2.1802791902617886,0.0,0.0,MPMMine-P002M001I071,ARNOLD/problems/P002/models/M001/instances/I071/50
ARNOLD,MPMMine-P002,MPMMine-P002M001,MPMMine-P002M001I071,75,75,0,5,,,200.0,0.0,1000,1.0,0.0,"Failed to run:
	bash -c 'python /app/code/run.py --var carQuantities setup blockSize optionsRequired n_options n_classes slot maxCars n_cars --input_var n_classes carQuantities blockSize maxCars optionsRequired n_cars n_options --example n_cars=200 n...,0,0,0,0,0,0,0,1,0,0,0,0,1,0,0,0,0,0,0,0,0,0,0,1,0,0,0]] 2>&1 | sed ""s/^/% /"" ; cat -u /app/model.mzn 2>/dev/null ; rm -f /app/model.mzn'
	in container ARNOLD_MPMMine-P002M001_92257:
	exit code: 255
	error: exec /usr/bin/bash: argument list too long
, Failed to run:
	bash -c 'python /app/code/run.py --var carQuantities setup blockSize optionsRequired n_options n_classes slot maxCars n_cars --input_var n_classes carQuantities blockSize maxCars optionsRequired n_cars n_options --example n_cars=200 n...,0,0,0,1,0,0,0,0,0,0,0,0,0,1,0,0,0,0,0,0,0,0,0,0,1,0,0]] 2>&1 | sed ""s/^/% /"" ; cat -u /app/model.mzn 2>/dev/null ; rm -f /app/model.mzn'
	in container ARNOLD_MPMMine-P002M001_92257:
	exit code: 255
	error: exec /usr/bin/bash: argument list too long
, Failed to run:
	bash -c 'python /app/code/run.py --var carQuantities setup blockSize optionsRequired n_options n_classes slot maxCars n_cars --input_var n_classes carQuantities blockSize maxCars optionsRequired n_cars n_options --example n_cars=200 n...,0,0,0,0,0,0,0,0,0,1,0,0,0,0,0,0,1,0,0,0,0,1,0,0,0,0,1]] 2>&1 | sed ""s/^/% /"" ; cat -u /app/model.mzn 2>/dev/null ; rm -f /app/model.mzn'
	in container ARNOLD_MPMMine-P002M001_92257:
	exit code: 255
	error: exec /usr/bin/bash: argument list too long
, Failed to run:
	bash -c 'python /app/code/run.py --var carQuantities setup blockSize optionsRequired n_options n_classes slot maxCars n_cars --input_var n_classes carQuantities blockSize maxCars optionsRequired n_cars n_options --example n_cars=200 n...,0,0,0,1,0,0,0,0,0,0,0,0,0,1,0,0,0,0,0,1,0,0,0,0,0,0,0]] 2>&1 | sed ""s/^/% /"" ; cat -u /app/model.mzn 2>/dev/null ; rm -f /app/model.mzn'
	in container ARNOLD_MPMMine-P002M001_92257:
	exit code: 255
	error: exec /usr/bin/bash: argument list too long
, Failed to run:
	bash -c 'python /app/code/run.py --var carQuantities setup blockSize optionsRequired n_options n_classes slot maxCars n_cars --input_var n_classes carQuantities blockSize maxCars optionsRequired n_cars n_options --example n_cars=200 n...,0,0,0,0,0,0,0,0,1,0,0,0,0,0,1,0,0,0,0,0,1,0,0,0,0,0,0]] 2>&1 | sed ""s/^/% /"" ; cat -u /app/model.mzn 2>/dev/null ; rm -f /app/model.mzn'
	in container ARNOLD_MPMMine-P002M001_92257:
	exit code: 255
	error: exec /usr/bin/bash: argument list too long
",0.0,0.0,,975555.1672223663,3.3140129757463272,0.0,0.0,MPMMine-P002M001I071,ARNOLD/problems/P002/models/M001/instances/I071/75
ARNOLD,MPMMine-P002,MPMMine-P002M001,MPMMine-P002M001I071,100,100,0,5,,,200.0,0.0,1000,1.0,0.0,"Failed to run:
	bash -c 'python /app/code/run.py --var carQuantities setup blockSize optionsRequired n_options n_classes slot maxCars n_cars --input_var n_classes carQuantities blockSize maxCars optionsRequired n_cars n_options --example n_cars=200 n...,0,0,1,0,0,0,0,0,0,0,1,0,0,0,0,0,0,0,0,0,1,0,0,0,0,0,0]] 2>&1 | sed ""s/^/% /"" ; cat -u /app/model.mzn 2>/dev/null ; rm -f /app/model.mzn'
	in container ARNOLD_MPMMine-P002M001_92257:
	exit code: 255
	error: exec /usr/bin/bash: argument list too long
, Failed to run:
	bash -c 'python /app/code/run.py --var carQuantities setup blockSize optionsRequired n_options n_classes slot maxCars n_cars --input_var n_classes carQuantities blockSize maxCars optionsRequired n_cars n_options --example n_cars=200 n...,0,0,0,0,1,0,0,0,0,0,0,1,0,0,0,0,1,0,0,0,0,1,0,0,0,0,0]] 2>&1 | sed ""s/^/% /"" ; cat -u /app/model.mzn 2>/dev/null ; rm -f /app/model.mzn'
	in container ARNOLD_MPMMine-P002M001_92257:
	exit code: 255
	error: exec /usr/bin/bash: argument list too long
, Failed to run:
	bash -c 'python /app/code/run.py --var carQuantities setup blockSize optionsRequired n_options n_classes slot maxCars n_cars --input_var n_classes carQuantities blockSize maxCars optionsRequired n_cars n_options --example n_cars=200 n...,1,0,0,0,0,0,0,1,0,0,0,0,0,0,0,0,0,0,0,0,0,0,0,1,0,0,0]] 2>&1 | sed ""s/^/% /"" ; cat -u /app/model.mzn 2>/dev/null ; rm -f /app/model.mzn'
	in container ARNOLD_MPMMine-P002M001_92257:
	exit code: 255
	error: exec /usr/bin/bash: argument list too long
, Failed to run:
	bash -c 'python /app/code/run.py --var carQuantities setup blockSize optionsRequired n_options n_classes slot maxCars n_cars --input_var n_classes carQuantities blockSize maxCars optionsRequired n_cars n_options --example n_cars=200 n...,0,1,0,0,0,0,0,0,0,1,0,0,0,0,0,0,0,0,0,0,1,0,0,0,0,0,0]] 2>&1 | sed ""s/^/% /"" ; cat -u /app/model.mzn 2>/dev/null ; rm -f /app/model.mzn'
	in container ARNOLD_MPMMine-P002M001_92257:
	exit code: 255
	error: exec /usr/bin/bash: argument list too long
, Failed to run:
	bash -c 'python /app/code/run.py --var carQuantities setup blockSize optionsRequired n_options n_classes slot maxCars n_cars --input_var n_classes carQuantities blockSize maxCars optionsRequired n_cars n_options --example n_cars=200 n...,1,0,0,0,0,0,1,0,0,0,0,0,1,0,0,0,0,0,0,1,0,0,0,0,0,0,1]] 2>&1 | sed ""s/^/% /"" ; cat -u /app/model.mzn 2>/dev/null ; rm -f /app/model.mzn'
	in container ARNOLD_MPMMine-P002M001_92257:
	exit code: 255
	error: exec /usr/bin/bash: argument list too long
",0.0,0.0,,975568.1225605998,4.594225042035317,0.0,0.0,MPMMine-P002M001I071,ARNOLD/problems/P002/models/M001/instances/I071/100
ARNOLD,MPMMine-P002,MPMMine-P002M001,MPMMine-P002M001I072,50,50,0,5,,,200.0,0.0,1000,1.0,0.0,"Failed to run:
	bash -c 'python /app/code/run.py --var maxCars n_classes slot blockSize optionsRequired n_cars setup carQuantities n_options --input_var carQuantities maxCars blockSize optionsRequired n_cars n_classes n_options --example n_cars=200 n...,0,0,0,1,0,0,0,0,0,1,0,0,0,0,0,1,0,0,0,0,0,1,0,0,0,0,1]] 2>&1 | sed ""s/^/% /"" ; cat -u /app/model.mzn 2>/dev/null ; rm -f /app/model.mzn'
	in container ARNOLD_MPMMine-P002M001_92256:
	exit code: 255
	error: exec /usr/bin/bash: argument list too long
, Failed to run:
	bash -c 'python /app/code/run.py --var maxCars n_classes slot blockSize optionsRequired n_cars setup carQuantities n_options --input_var carQuantities maxCars blockSize optionsRequired n_cars n_classes n_options --example n_cars=200 n...,0,0,0,0,0,1,0,0,0,0,1,0,0,0,0,0,0,0,0,0,1,0,0,0,0,1,0]] 2>&1 | sed ""s/^/% /"" ; cat -u /app/model.mzn 2>/dev/null ; rm -f /app/model.mzn'
	in container ARNOLD_MPMMine-P002M001_92256:
	exit code: 255
	error: exec /usr/bin/bash: argument list too long
, Failed to run:
	bash -c 'python /app/code/run.py --var maxCars n_classes slot blockSize optionsRequired n_cars setup carQuantities n_options --input_var carQuantities maxCars blockSize optionsRequired n_cars n_classes n_options --example n_cars=200 n...1,0,0,0,0,0,0,1,0,0,0,0,0,0,1,0,0,0,0,0,1,0,0,0,0,0,1,0,0,0,0,0,1,0,0,0,0,0,0,0,0,1,0,0,0,0,0,0,1]] 2>&1 | sed ""s/^/% /"" ; cat -u /app/model.mzn 2>/dev/null ; rm -f /app/model.mzn'
	in container ARNOLD_MPMMine-P002M001_92256:
	exit code: 255
	error: , Failed to run:
	bash -c 'python /app/code/run.py --var maxCars n_classes slot blockSize optionsRequired n_cars setup carQuantities n_options --input_var carQuantities maxCars blockSize optionsRequired n_cars n_classes n_options --example n_cars=200 n...,0,0,0,0,0,1,0,0,0,0,0,0,0,1,0,0,0,0,0,1,0,0,0,0,0,0,0]] 2>&1 | sed ""s/^/% /"" ; cat -u /app/model.mzn 2>/dev/null ; rm -f /app/model.mzn'
	in container ARNOLD_MPMMine-P002M001_92256:
	exit code: 255
	error: exec /usr/bin/bash: argument list too long
, Failed to run:
	bash -c 'python /app/code/run.py --var maxCars n_classes slot blockSize optionsRequired n_cars setup carQuantities n_options --input_var carQuantities maxCars blockSize optionsRequired n_cars n_classes n_options --example n_cars=200 n...,1,0,0,0,0,0,1,0,0,0,0,1,0,0,0,0,0,0,1,0,0,0,0,0,1,0,0]] 2>&1 | sed ""s/^/% /"" ; cat -u /app/model.mzn 2>/dev/null ; rm -f /app/model.mzn'
	in container ARNOLD_MPMMine-P002M001_92256:
	exit code: 255
	error: exec /usr/bin/bash: argument list too long
",0.0,0.0,,979194.5162922747,11.178983413781989,0.0,0.0,MPMMine-P002M001I072,ARNOLD/problems/P002/models/M001/instances/I072/50
ARNOLD,MPMMine-P002,MPMMine-P002M001,MPMMine-P002M001I072,75,75,0,5,,,200.0,0.0,1000,1.0,0.0,"Failed to run:
	bash -c 'python /app/code/run.py --var maxCars n_classes slot blockSize optionsRequired n_cars setup carQuantities n_options --input_var carQuantities maxCars blockSize optionsRequired n_cars n_classes n_options --example n_cars=200 n...,0,0,0,0,0,0,1,0,0,0,0,0,1,0,0,0,0,1,0,0,0,0,0,1,0,0,0]] 2>&1 | sed ""s/^/% /"" ; cat -u /app/model.mzn 2>/dev/null ; rm -f /app/model.mzn'
	in container ARNOLD_MPMMine-P002M001_92256:
	exit code: 255
	error: exec /usr/bin/bash: argument list too long
, Failed to run:
	bash -c 'python /app/code/run.py --var maxCars n_classes slot blockSize optionsRequired n_cars setup carQuantities n_options --input_var carQuantities maxCars blockSize optionsRequired n_cars n_classes n_options --example n_cars=200 n...,0,1,0,0,0,0,0,1,0,0,0,0,0,0,0,1,0,0,0,0,0,0,0,0,1,0,0]] 2>&1 | sed ""s/^/% /"" ; cat -u /app/model.mzn 2>/dev/null ; rm -f /app/model.mzn'
	in container ARNOLD_MPMMine-P002M001_92256:
	exit code: 255
	error: exec /usr/bin/bash: argument list too long
, Failed to run:
	bash -c 'python /app/code/run.py --var maxCars n_classes slot blockSize optionsRequired n_cars setup carQuantities n_options --input_var carQuantities maxCars blockSize optionsRequired n_cars n_classes n_options --example n_cars=200 n...,0,0,0,0,0,0,1,0,0,0,0,1,0,0,0,0,0,1,0,0,0,0,1,0,0,0,0]] 2>&1 | sed ""s/^/% /"" ; cat -u /app/model.mzn 2>/dev/null ; rm -f /app/model.mzn'
	in container ARNOLD_MPMMine-P002M001_92256:
	exit code: 255
	error: exec /usr/bin/bash: argument list too long
, Failed to run:
	bash -c 'python /app/code/run.py --var maxCars n_classes slot blockSize optionsRequired n_cars setup carQuantities n_options --input_var carQuantities maxCars blockSize optionsRequired n_cars n_classes n_options --example n_cars=200 n...,0,0,0,1,0,0,0,0,0,0,1,0,0,0,0,0,0,0,0,0,0,0,0,0,0,1,0]] 2>&1 | sed ""s/^/% /"" ; cat -u /app/model.mzn 2>/dev/null ; rm -f /app/model.mzn'
	in container ARNOLD_MPMMine-P002M001_92256:
	exit code: 255
	error: exec /usr/bin/bash: argument list too long
, Failed to run:
	bash -c 'python /app/code/run.py --var maxCars n_classes slot blockSize optionsRequired n_cars setup carQuantities n_options --input_var carQuantities maxCars blockSize optionsRequired n_cars n_classes n_options --example n_cars=200 n...,0,0,0,0,1,0,0,0,0,1,0,0,0,0,0,1,0,0,0,0,1,0,0,0,0,1,0]] 2>&1 | sed ""s/^/% /"" ; cat -u /app/model.mzn 2>/dev/null ; rm -f /app/model.mzn'
	in container ARNOLD_MPMMine-P002M001_92256:
	exit code: 255
	error: exec /usr/bin/bash: argument list too long
",0.0,0.0,,979225.3025141997,9.159069526691095,0.0,0.0,MPMMine-P002M001I072,ARNOLD/problems/P002/models/M001/instances/I072/75
ARNOLD,MPMMine-P002,MPMMine-P002M001,MPMMine-P002M001I072,100,100,0,5,,,200.0,0.0,1000,1.0,0.0,"Failed to run:
	bash -c 'python /app/code/run.py --var maxCars n_classes slot blockSize optionsRequired n_cars setup carQuantities n_options --input_var carQuantities maxCars blockSize optionsRequired n_cars n_classes n_options --example n_cars=200 n...,0,0,0,1,0,0,0,0,0,0,0,1,0,0,0,0,0,1,0,0,0,0,0,1,0,0,0]] 2>&1 | sed ""s/^/% /"" ; cat -u /app/model.mzn 2>/dev/null ; rm -f /app/model.mzn'
	in container ARNOLD_MPMMine-P002M001_92256:
	exit code: 255
	error: exec /usr/bin/bash: argument list too long
, Failed to run:
	bash -c 'python /app/code/run.py --var maxCars n_classes slot blockSize optionsRequired n_cars setup carQuantities n_options --input_var carQuantities maxCars blockSize optionsRequired n_cars n_classes n_options --example n_cars=200 n...,0,0,0,0,0,0,1,0,0,0,0,0,0,1,0,0,0,0,0,0,1,0,0,0,0,0,0]] 2>&1 | sed ""s/^/% /"" ; cat -u /app/model.mzn 2>/dev/null ; rm -f /app/model.mzn'
	in container ARNOLD_MPMMine-P002M001_92256:
	exit code: 255
	error: exec /usr/bin/bash: argument list too long
, Failed to run:
	bash -c 'python /app/code/run.py --var maxCars n_classes slot blockSize optionsRequired n_cars setup carQuantities n_options --input_var carQuantities maxCars blockSize optionsRequired n_cars n_classes n_options --example n_cars=200 n...,0,1,0,0,0,0,0,0,0,1,0,0,0,0,1,0,0,0,0,0,0,0,1,0,0,0,0]] 2>&1 | sed ""s/^/% /"" ; cat -u /app/model.mzn 2>/dev/null ; rm -f /app/model.mzn'
	in container ARNOLD_MPMMine-P002M001_92256:
	exit code: 255
	error: exec /usr/bin/bash: argument list too long
, Failed to run:
	bash -c 'python /app/code/run.py --var maxCars n_classes slot blockSize optionsRequired n_cars setup carQuantities n_options --input_var carQuantities maxCars blockSize optionsRequired n_cars n_classes n_options --example n_cars=200 n...,0,1,0,0,0,0,0,0,1,0,0,0,0,0,0,0,1,0,0,0,0,0,0,1,0,0,0]] 2>&1 | sed ""s/^/% /"" ; cat -u /app/model.mzn 2>/dev/null ; rm -f /app/model.mzn'
	in container ARNOLD_MPMMine-P002M001_92256:
	exit code: 255
	error: exec /usr/bin/bash: argument list too long
, Failed to run:
	bash -c 'python /app/code/run.py --var maxCars n_classes slot blockSize optionsRequired n_cars setup carQuantities n_options --input_var carQuantities maxCars blockSize optionsRequired n_cars n_classes n_options --example n_cars=200 n...,0,0,0,0,0,0,1,0,0,0,0,0,0,1,0,0,0,0,1,0,0,0,0,0,0,1,0]] 2>&1 | sed ""s/^/% /"" ; cat -u /app/model.mzn 2>/dev/null ; rm -f /app/model.mzn'
	in container ARNOLD_MPMMine-P002M001_92256:
	exit code: 255
	error: exec /usr/bin/bash: argument list too long
",0.0,0.0,,979264.4615224414,18.454759772207336,0.0,0.0,MPMMine-P002M001I072,ARNOLD/problems/P002/models/M001/instances/I072/100
ARNOLD,MPMMine-P002,MPMMine-P002M001,MPMMine-P002M001I073,50,50,0,5,,,200.0,0.0,1000,1.0,0.0,"Failed to run:
	bash -c 'python /app/code/run.py --var setup n_cars slot n_classes n_options optionsRequired blockSize carQuantities maxCars --input_var n_classes optionsRequired blockSize n_cars carQuantities n_options maxCars --example n_cars=200 n...,0,0,0,0,1,0,0,0,0,1,0,0,0,0,1,0,0,0,0,1,0,0,0,0,0,1,0]] 2>&1 | sed ""s/^/% /"" ; cat -u /app/model.mzn 2>/dev/null ; rm -f /app/model.mzn'
	in container ARNOLD_MPMMine-P002M001_92275:
	exit code: 255
	error: exec /usr/bin/bash: argument list too long
, Failed to run:
	bash -c 'python /app/code/run.py --var setup n_cars slot n_classes n_options optionsRequired blockSize carQuantities maxCars --input_var n_classes optionsRequired blockSize n_cars carQuantities n_options maxCars --example n_cars=200 n...,0,0,0,0,0,1,0,0,0,0,1,0,0,0,0,0,0,0,1,0,0,0,0,1,0,0,0]] 2>&1 | sed ""s/^/% /"" ; cat -u /app/model.mzn 2>/dev/null ; rm -f /app/model.mzn'
	in container ARNOLD_MPMMine-P002M001_92275:
	exit code: 255
	error: exec /usr/bin/bash: argument list too long
, Failed to run:
	bash -c 'python /app/code/run.py --var setup n_cars slot n_classes n_options optionsRequired blockSize carQuantities maxCars --input_var n_classes optionsRequired blockSize n_cars carQuantities n_options maxCars --example n_cars=200 n...,0,0,1,0,0,0,0,0,1,0,0,0,0,0,0,1,0,0,0,0,1,0,0,0,0,0,1]] 2>&1 | sed ""s/^/% /"" ; cat -u /app/model.mzn 2>/dev/null ; rm -f /app/model.mzn'
	in container ARNOLD_MPMMine-P002M001_92275:
	exit code: 255
	error: exec /usr/bin/bash: argument list too long
, Failed to run:
	bash -c 'python /app/code/run.py --var setup n_cars slot n_classes n_options optionsRequired blockSize carQuantities maxCars --input_var n_classes optionsRequired blockSize n_cars carQuantities n_options maxCars --example n_cars=200 n...,0,0,0,0,1,0,0,0,0,1,0,0,0,0,1,0,0,0,0,0,1,0,0,0,0,1,0]] 2>&1 | sed ""s/^/% /"" ; cat -u /app/model.mzn 2>/dev/null ; rm -f /app/model.mzn'
	in container ARNOLD_MPMMine-P002M001_92275:
	exit code: 255
	error: exec /usr/bin/bash: argument list too long
",0.0,0.0,,984004.7070254416,1.8536633790011532,0.0,0.0,MPMMine-P002M001I073,ARNOLD/problems/P002/models/M001/instances/I073/50
ARNOLD,MPMMine-P002,MPMMine-P002M001,MPMMine-P002M001I073,75,75,0,5,,,200.0,0.0,1000,1.0,0.0,"Failed to run:
	bash -c 'python /app/code/run.py --var setup n_cars slot n_classes n_options optionsRequired blockSize carQuantities maxCars --input_var n_classes optionsRequired blockSize n_cars carQuantities n_options maxCars --example n_cars=200 n...,0,0,1,0,0,0,0,0,0,1,0,0,0,0,1,0,0,0,0,1,0,0,0,0,0,1,0]] 2>&1 | sed ""s/^/% /"" ; cat -u /app/model.mzn 2>/dev/null ; rm -f /app/model.mzn'
	in container ARNOLD_MPMMine-P002M001_92275:
	exit code: 255
	error: exec /usr/bin/bash: argument list too long
, Failed to run:
	bash -c 'python /app/code/run.py --var setup n_cars slot n_classes n_options optionsRequired blockSize carQuantities maxCars --input_var n_classes optionsRequired blockSize n_cars carQuantities n_options maxCars --example n_cars=200 n...,1,0,0,0,0,1,0,0,0,0,0,1,0,0,0,0,1,0,0,0,0,1,0,0,0,0,0]] 2>&1 | sed ""s/^/% /"" ; cat -u /app/model.mzn 2>/dev/null ; rm -f /app/model.mzn'
	in container ARNOLD_MPMMine-P002M001_92275:
	exit code: 255
	error: exec /usr/bin/bash: argument list too long
, Failed to run:
	bash -c 'python /app/code/run.py --var setup n_cars slot n_classes n_options optionsRequired blockSize carQuantities maxCars --input_var n_classes optionsRequired blockSize n_cars carQuantities n_options maxCars --example n_cars=200 n...,0,0,1,0,0,0,0,1,0,0,0,0,1,0,0,0,0,1,0,0,0,0,0,1,0,0,0]] 2>&1 | sed ""s/^/% /"" ; cat -u /app/model.mzn 2>/dev/null ; rm -f /app/model.mzn'
	in container ARNOLD_MPMMine-P002M001_92275:
	exit code: 255
	error: exec /usr/bin/bash: argument list too long
, Failed to run:
	bash -c 'python /app/code/run.py --var setup n_cars slot n_classes n_options optionsRequired blockSize carQuantities maxCars --input_var n_classes optionsRequired blockSize n_cars carQuantities n_options maxCars --example n_cars=200 n...,0,0,0,0,1,0,0,0,0,1,0,0,0,0,0,1,0,0,0,0,0,0,0,1,0,0,0]] 2>&1 | sed ""s/^/% /"" ; cat -u /app/model.mzn 2>/dev/null ; rm -f /app/model.mzn'
	in container ARNOLD_MPMMine-P002M001_92275:
	exit code: 255
	error: exec /usr/bin/bash: argument list too long
",0.0,0.0,,984013.6260508581,3.2870618530554756,0.0,0.0,MPMMine-P002M001I073,ARNOLD/problems/P002/models/M001/instances/I073/75
ARNOLD,MPMMine-P002,MPMMine-P002M001,MPMMine-P002M001I073,100,100,0,5,,,200.0,0.0,1000,1.0,0.0,"Failed to run:
	bash -c 'python /app/code/run.py --var setup n_cars slot n_classes n_options optionsRequired blockSize carQuantities maxCars --input_var n_classes optionsRequired blockSize n_cars carQuantities n_options maxCars --example n_cars=200 n...,0,0,1,0,0,0,0,0,1,0,0,0,0,0,0,1,0,0,0,0,1,0,0,0,0,0,1]] 2>&1 | sed ""s/^/% /"" ; cat -u /app/model.mzn 2>/dev/null ; rm -f /app/model.mzn'
	in container ARNOLD_MPMMine-P002M001_92275:
	exit code: 255
	error: exec /usr/bin/bash: argument list too long
, Failed to run:
	bash -c 'python /app/code/run.py --var setup n_cars slot n_classes n_options optionsRequired blockSize carQuantities maxCars --input_var n_classes optionsRequired blockSize n_cars carQuantities n_options maxCars --example n_cars=200 n...,1,0,0,0,0,1,0,0,0,0,0,1,0,0,0,0,1,0,0,0,0,1,0,0,0,0,1]] 2>&1 | sed ""s/^/% /"" ; cat -u /app/model.mzn 2>/dev/null ; rm -f /app/model.mzn'
	in container ARNOLD_MPMMine-P002M001_92275:
	exit code: 255
	error: exec /usr/bin/bash: argument list too long
, Failed to run:
	bash -c 'python /app/code/run.py --var setup n_cars slot n_classes n_options optionsRequired blockSize carQuantities maxCars --input_var n_classes optionsRequired blockSize n_cars carQuantities n_options maxCars --example n_cars=200 n...,1,0,0,0,0,1,0,0,0,0,1,0,0,0,0,1,0,0,0,0,1,0,0,0,0,1,0]] 2>&1 | sed ""s/^/% /"" ; cat -u /app/model.mzn 2>/dev/null ; rm -f /app/model.mzn'
	in container ARNOLD_MPMMine-P002M001_92275:
	exit code: 255
	error: exec /usr/bin/bash: argument list too long
, Failed to run:
	bash -c 'python /app/code/run.py --var setup n_cars slot n_classes n_options optionsRequired blockSize carQuantities maxCars --input_var n_classes optionsRequired blockSize n_cars carQuantities n_options maxCars --example n_cars=200 n...,0,0,1,0,0,0,0,0,0,1,0,0,0,0,0,1,0,0,0,0,0,1,0,0,0,0,1]] 2>&1 | sed ""s/^/% /"" ; cat -u /app/model.mzn 2>/dev/null ; rm -f /app/model.mzn'
	in container ARNOLD_MPMMine-P002M001_92275:
	exit code: 255
	error: exec /usr/bin/bash: argument list too long
, Failed to run:
	bash -c 'python /app/code/run.py --var setup n_cars slot n_classes n_options optionsRequired blockSize carQuantities maxCars --input_var n_classes optionsRequired blockSize n_cars carQuantities n_options maxCars --example n_cars=200 n...,0,0,0,0,0,0,1,0,0,0,0,0,1,0,0,0,0,0,0,1,0,0,0,0,1,0,0]] 2>&1 | sed ""s/^/% /"" ; cat -u /app/model.mzn 2>/dev/null ; rm -f /app/model.mzn'
	in container ARNOLD_MPMMine-P002M001_92275:
	exit code: 255
	error: exec /usr/bin/bash: argument list too long
",0.0,0.0,,984026.5118745916,4.1389300359525985,0.0,0.0,MPMMine-P002M001I073,ARNOLD/problems/P002/models/M001/instances/I073/100
ARNOLD,MPMMine-P002,MPMMine-P002M001,MPMMine-P002M001I074,2,2,0,5,0.5154991399952784,0.02137647370075455,200.0,0.0,1000,0.0,0.0,,0.052000000000000005,0.1304807690571554,"Timeout while verifying an example, ",27.04620870833751,1.8085123121481237,552728.2276433194,181837.74545384958,MPMMine-P002M001I074,ARNOLD/problems/P002/models/M001/instances/I074/2
ARNOLD,MPMMine-P002,MPMMine-P002M001,MPMMine-P002M001I074,10,10,0,5,0.530235134084726,0.0590468884762642,200.0,0.0,1000,0.0,0.0,,0.048,0.08579738075667316,"Timeout while verifying an example, ",149.32211032481865,62.53851493231462,549266.7646950064,118442.5796211672,MPMMine-P002M001I074,ARNOLD/problems/P002/models/M001/instances/I074/10
ARNOLD,MPMMine-P002,MPMMine-P002M001,MPMMine-P002M001I074,50,50,0,5,,,200.0,0.0,1000,1.0,0.0,"Failed to run:
	bash -c 'python /app/code/run.py --var setup slot n_classes n_options n_cars maxCars blockSize carQuantities optionsRequired --input_var n_classes n_options n_cars maxCars blockSize carQuantities optionsRequired --example n_cars=200 n...,0,0,1,0,0,0,0,0,0,1,0,0,0,0,0,0,1,0,0,0,0,0,0,0,0,0,1]] 2>&1 | sed ""s/^/% /"" ; cat -u /app/model.mzn 2>/dev/null ; rm -f /app/model.mzn'
	in container ARNOLD_MPMMine-P002M001_92253:
	exit code: 255
	error: exec /usr/bin/bash: argument list too long
, Failed to run:
	bash -c 'python /app/code/run.py --var setup slot n_classes n_options n_cars maxCars blockSize carQuantities optionsRequired --input_var n_classes n_options n_cars maxCars blockSize carQuantities optionsRequired --example n_cars=200 n...,1,0,0,0,0,0,1,0,0,0,0,0,0,0,0,0,0,1,0,0,0,0,0,0,0,0,1]] 2>&1 | sed ""s/^/% /"" ; cat -u /app/model.mzn 2>/dev/null ; rm -f /app/model.mzn'
	in container ARNOLD_MPMMine-P002M001_92253:
	exit code: 255
	error: exec /usr/bin/bash: argument list too long
, Failed to run:
	bash -c 'python /app/code/run.py --var setup slot n_classes n_options n_cars maxCars blockSize carQuantities optionsRequired --input_var n_classes n_options n_cars maxCars blockSize carQuantities optionsRequired --example n_cars=200 n...,0,0,1,0,0,0,0,0,1,0,0,0,0,1,0,0,0,0,1,0,0,0,0,1,0,0,0]] 2>&1 | sed ""s/^/% /"" ; cat -u /app/model.mzn 2>/dev/null ; rm -f /app/model.mzn'
	in container ARNOLD_MPMMine-P002M001_92253:
	exit code: 255
	error: exec /usr/bin/bash: argument list too long
, Failed to run:
	bash -c 'python /app/code/run.py --var setup slot n_classes n_options n_cars maxCars blockSize carQuantities optionsRequired --input_var n_classes n_options n_cars maxCars blockSize carQuantities optionsRequired --example n_cars=200 n...,0,0,0,1,0,0,0,0,0,1,0,0,0,0,0,0,0,0,1,0,0,0,0,0,1,0,0]] 2>&1 | sed ""s/^/% /"" ; cat -u /app/model.mzn 2>/dev/null ; rm -f /app/model.mzn'
	in container ARNOLD_MPMMine-P002M001_92253:
	exit code: 255
	error: exec /usr/bin/bash: argument list too long
, Failed to run:
	bash -c 'python /app/code/run.py --var setup slot n_classes n_options n_cars maxCars blockSize carQuantities optionsRequired --input_var n_classes n_options n_cars maxCars blockSize carQuantities optionsRequired --example n_cars=200 n...,1,0,0,0,0,1,0,0,0,0,0,1,0,0,0,0,1,0,0,0,0,0,0,0,0,0,1]] 2>&1 | sed ""s/^/% /"" ; cat -u /app/model.mzn 2>/dev/null ; rm -f /app/model.mzn'
	in container ARNOLD_MPMMine-P002M001_92253:
	exit code: 255
	error: exec /usr/bin/bash: argument list too long
",0.0,0.0,,988445.3106826663,5.1701372620852615,0.0,0.0,MPMMine-P002M001I074,ARNOLD/problems/P002/models/M001/instances/I074/50
ARNOLD,MPMMine-P002,MPMMine-P002M001,MPMMine-P002M001I074,75,75,0,5,,,200.0,0.0,1000,1.0,0.0,"Failed to run:
	bash -c 'python /app/code/run.py --var setup slot n_classes n_options n_cars maxCars blockSize carQuantities optionsRequired --input_var n_classes n_options n_cars maxCars blockSize carQuantities optionsRequired --example n_cars=200 n...,0,0,0,1,0,0,0,0,0,0,0,1,0,0,0,0,1,0,0,0,0,0,0,1,0,0,0]] 2>&1 | sed ""s/^/% /"" ; cat -u /app/model.mzn 2>/dev/null ; rm -f /app/model.mzn'
	in container ARNOLD_MPMMine-P002M001_92253:
	exit code: 255
	error: exec /usr/bin/bash: argument list too long
, Failed to run:
	bash -c 'python /app/code/run.py --var setup slot n_classes n_options n_cars maxCars blockSize carQuantities optionsRequired --input_var n_classes n_options n_cars maxCars blockSize carQuantities optionsRequired --example n_cars=200 n...,0,0,0,0,0,0,1,0,0,0,0,1,0,0,0,0,0,0,1,0,0,0,0,1,0,0,0]] 2>&1 | sed ""s/^/% /"" ; cat -u /app/model.mzn 2>/dev/null ; rm -f /app/model.mzn'
	in container ARNOLD_MPMMine-P002M001_92253:
	exit code: 255
	error: exec /usr/bin/bash: argument list too long
, Failed to run:
	bash -c 'python /app/code/run.py --var setup slot n_classes n_options n_cars maxCars blockSize carQuantities optionsRequired --input_var n_classes n_options n_cars maxCars blockSize carQuantities optionsRequired --example n_cars=200 n...,0,0,0,1,0,0,0,0,1,0,0,0,0,1,0,0,0,0,0,0,0,1,0,0,0,0,0]] 2>&1 | sed ""s/^/% /"" ; cat -u /app/model.mzn 2>/dev/null ; rm -f /app/model.mzn'
	in container ARNOLD_MPMMine-P002M001_92253:
	exit code: 255
	error: exec /usr/bin/bash: argument list too long
, Failed to run:
	bash -c 'python /app/code/run.py --var setup slot n_classes n_options n_cars maxCars blockSize carQuantities optionsRequired --input_var n_classes n_options n_cars maxCars blockSize carQuantities optionsRequired --example n_cars=200 n...,1,0,0,0,0,1,0,0,0,0,0,1,0,0,0,0,0,0,0,1,0,0,0,0,0,0,1]] 2>&1 | sed ""s/^/% /"" ; cat -u /app/model.mzn 2>/dev/null ; rm -f /app/model.mzn'
	in container ARNOLD_MPMMine-P002M001_92253:
	exit code: 255
	error: exec /usr/bin/bash: argument list too long
, Failed to run:
	bash -c 'python /app/code/run.py --var setup slot n_classes n_options n_cars maxCars blockSize carQuantities optionsRequired --input_var n_classes n_options n_cars maxCars blockSize carQuantities optionsRequired --example n_cars=200 n...,0,0,0,0,0,1,0,0,0,0,1,0,0,0,0,0,1,0,0,0,0,1,0,0,0,0,1]] 2>&1 | sed ""s/^/% /"" ; cat -u /app/model.mzn 2>/dev/null ; rm -f /app/model.mzn'
	in container ARNOLD_MPMMine-P002M001_92253:
	exit code: 255
	error: exec /usr/bin/bash: argument list too long
",0.0,0.0,,988468.7474285079,8.782808770936802,0.0,0.0,MPMMine-P002M001I074,ARNOLD/problems/P002/models/M001/instances/I074/75
ARNOLD,MPMMine-P002,MPMMine-P002M001,MPMMine-P002M001I074,100,100,0,5,,,200.0,0.0,1000,1.0,0.0,"Failed to run:
	bash -c 'python /app/code/run.py --var setup slot n_classes n_options n_cars maxCars blockSize carQuantities optionsRequired --input_var n_classes n_options n_cars maxCars blockSize carQuantities optionsRequired --example n_cars=200 n...,0,0,0,0,1,0,0,0,0,0,0,0,1,0,0,0,0,1,0,0,0,0,0,0,0,1,0]] 2>&1 | sed ""s/^/% /"" ; cat -u /app/model.mzn 2>/dev/null ; rm -f /app/model.mzn'
	in container ARNOLD_MPMMine-P002M001_92253:
	exit code: 255
	error: exec /usr/bin/bash: argument list too long
, Failed to run:
	bash -c 'python /app/code/run.py --var setup slot n_classes n_options n_cars maxCars blockSize carQuantities optionsRequired --input_var n_classes n_options n_cars maxCars blockSize carQuantities optionsRequired --example n_cars=200 n...,0,0,0,0,0,1,0,0,0,0,0,0,1,0,0,0,0,0,1,0,0,0,0,1,0,0,0]] 2>&1 | sed ""s/^/% /"" ; cat -u /app/model.mzn 2>/dev/null ; rm -f /app/model.mzn'
	in container ARNOLD_MPMMine-P002M001_92253:
	exit code: 255
	error: exec /usr/bin/bash: argument list too long
, Failed to run:
	bash -c 'python /app/code/run.py --var setup slot n_classes n_options n_cars maxCars blockSize carQuantities optionsRequired --input_var n_classes n_options n_cars maxCars blockSize carQuantities optionsRequired --example n_cars=200 n...,0,0,1,0,0,0,0,1,0,0,0,0,0,1,0,0,0,0,0,1,0,0,0,0,0,1,0]] 2>&1 | sed ""s/^/% /"" ; cat -u /app/model.mzn 2>/dev/null ; rm -f /app/model.mzn'
	in container ARNOLD_MPMMine-P002M001_92253:
	exit code: 255
	error: exec /usr/bin/bash: argument list too long
, Failed to run:
	bash -c 'python /app/code/run.py --var setup slot n_classes n_options n_cars maxCars blockSize carQuantities optionsRequired --input_var n_classes n_options n_cars maxCars blockSize carQuantities optionsRequired --example n_cars=200 n...,1,0,0,0,0,0,0,0,0,0,0,0,1,0,0,0,0,0,0,1,0,0,0,0,1,0,0]] 2>&1 | sed ""s/^/% /"" ; cat -u /app/model.mzn 2>/dev/null ; rm -f /app/model.mzn'
	in container ARNOLD_MPMMine-P002M001_92253:
	exit code: 255
	error: exec /usr/bin/bash: argument list too long
, Failed to run:
	bash -c 'python /app/code/run.py --var setup slot n_classes n_options n_cars maxCars blockSize carQuantities optionsRequired --input_var n_classes n_options n_cars maxCars blockSize carQuantities optionsRequired --example n_cars=200 n...,0,0,1,0,0,0,0,0,0,0,0,0,0,0,1,0,0,0,0,1,0,0,0,0,1,0,0]] 2>&1 | sed ""s/^/% /"" ; cat -u /app/model.mzn 2>/dev/null ; rm -f /app/model.mzn'
	in container ARNOLD_MPMMine-P002M001_92253:
	exit code: 255
	error: exec /usr/bin/bash: argument list too long
",0.0,0.0,,988500.9861849078,11.629126452225892,0.0,0.0,MPMMine-P002M001I074,ARNOLD/problems/P002/models/M001/instances/I074/100
ARNOLD,MPMMine-P002,MPMMine-P002M001,MPMMine-P002M001I075,50,50,0,5,,,200.0,0.0,1000,1.0,0.0,"Failed to run:
	bash -c 'python /app/code/run.py --var optionsRequired maxCars n_cars carQuantities n_options slot blockSize setup n_classes --input_var optionsRequired maxCars n_cars carQuantities n_options blockSize n_classes --example n_cars=200 n...,1,0,0,0,0,1,0,0,0,0,0,1,0,0,0,0,0,0,0,0,1,0,0,0,0,1,0]] 2>&1 | sed ""s/^/% /"" ; cat -u /app/model.mzn 2>/dev/null ; rm -f /app/model.mzn'
	in container ARNOLD_MPMMine-P002M001_92274:
	exit code: 255
	error: exec /usr/bin/bash: argument list too long
, Failed to run:
	bash -c 'python /app/code/run.py --var optionsRequired maxCars n_cars carQuantities n_options slot blockSize setup n_classes --input_var optionsRequired maxCars n_cars carQuantities n_options blockSize n_classes --example n_cars=200 n...,0,0,0,0,0,1,0,0,0,0,1,0,0,0,0,0,1,0,0,0,0,1,0,0,0,0,1]] 2>&1 | sed ""s/^/% /"" ; cat -u /app/model.mzn 2>/dev/null ; rm -f /app/model.mzn'
	in container ARNOLD_MPMMine-P002M001_92274:
	exit code: 255
	error: exec /usr/bin/bash: argument list too long
, Failed to run:
	bash -c 'python /app/code/run.py --var optionsRequired maxCars n_cars carQuantities n_options slot blockSize setup n_classes --input_var optionsRequired maxCars n_cars carQuantities n_options blockSize n_classes --example n_cars=200 n...,0,1,0,0,0,0,1,0,0,0,0,1,0,0,0,0,1,0,0,0,0,0,0,0,0,1,0]] 2>&1 | sed ""s/^/% /"" ; cat -u /app/model.mzn 2>/dev/null ; rm -f /app/model.mzn'
	in container ARNOLD_MPMMine-P002M001_92274:
	exit code: 255
	error: exec /usr/bin/bash: argument list too long
, Failed to run:
	bash -c 'python /app/code/run.py --var optionsRequired maxCars n_cars carQuantities n_options slot blockSize setup n_classes --input_var optionsRequired maxCars n_cars carQuantities n_options blockSize n_classes --example n_cars=200 n...,0,1,0,0,0,0,0,0,0,1,0,0,0,0,1,0,0,0,0,0,1,0,0,0,0,1,0]] 2>&1 | sed ""s/^/% /"" ; cat -u /app/model.mzn 2>/dev/null ; rm -f /app/model.mzn'
	in container ARNOLD_MPMMine-P002M001_92274:
	exit code: 255
	error: exec /usr/bin/bash: argument list too long
, Failed to run:
	bash -c 'python /app/code/run.py --var optionsRequired maxCars n_cars carQuantities n_options slot blockSize setup n_classes --input_var optionsRequired maxCars n_cars carQuantities n_options blockSize n_classes --example n_cars=200 n...,1,0,0,0,0,1,0,0,0,0,1,0,0,0,0,0,1,0,0,0,0,0,1,0,0,0,0]] 2>&1 | sed ""s/^/% /"" ; cat -u /app/model.mzn 2>/dev/null ; rm -f /app/model.mzn'
	in container ARNOLD_MPMMine-P002M001_92274:
	exit code: 255
	error: exec /usr/bin/bash: argument list too long
",0.0,0.0,,994292.673450258,2.1681720448852144,0.0,0.0,MPMMine-P002M001I075,ARNOLD/problems/P002/models/M001/instances/I075/50
ARNOLD,MPMMine-P002,MPMMine-P002M001,MPMMine-P002M001I075,75,75,0,5,,,200.0,0.0,1000,1.0,0.0,"Failed to run:
	bash -c 'python /app/code/run.py --var optionsRequired maxCars n_cars carQuantities n_options slot blockSize setup n_classes --input_var optionsRequired maxCars n_cars carQuantities n_options blockSize n_classes --example n_cars=200 n...,1,0,0,0,0,1,0,0,0,0,1,0,0,0,0,1,0,0,0,0,1,0,0,0,0,0,1]] 2>&1 | sed ""s/^/% /"" ; cat -u /app/model.mzn 2>/dev/null ; rm -f /app/model.mzn'
	in container ARNOLD_MPMMine-P002M001_92274:
	exit code: 255
	error: exec /usr/bin/bash: argument list too long
, Failed to run:
	bash -c 'python /app/code/run.py --var optionsRequired maxCars n_cars carQuantities n_options slot blockSize setup n_classes --input_var optionsRequired maxCars n_cars carQuantities n_options blockSize n_classes --example n_cars=200 n...,0,0,1,0,0,0,0,1,0,0,0,0,1,0,0,0,0,0,0,0,1,0,0,0,0,1,0]] 2>&1 | sed ""s/^/% /"" ; cat -u /app/model.mzn 2>/dev/null ; rm -f /app/model.mzn'
	in container ARNOLD_MPMMine-P002M001_92274:
	exit code: 255
	error: exec /usr/bin/bash: argument list too long
, Failed to run:
	bash -c 'python /app/code/run.py --var optionsRequired maxCars n_cars carQuantities n_options slot blockSize setup n_classes --input_var optionsRequired maxCars n_cars carQuantities n_options blockSize n_classes --example n_cars=200 n...,1,0,0,0,0,0,1,0,0,0,0,1,0,0,0,0,0,0,1,0,0,0,0,1,0,0,0]] 2>&1 | sed ""s/^/% /"" ; cat -u /app/model.mzn 2>/dev/null ; rm -f /app/model.mzn'
	in container ARNOLD_MPMMine-P002M001_92274:
	exit code: 255
	error: exec /usr/bin/bash: argument list too long
, Failed to run:
	bash -c 'python /app/code/run.py --var optionsRequired maxCars n_cars carQuantities n_options slot blockSize setup n_classes --input_var optionsRequired maxCars n_cars carQuantities n_options blockSize n_classes --example n_cars=200 n...,0,1,0,0,0,0,0,1,0,0,0,0,1,0,0,0,0,0,1,0,0,0,0,1,0,0,0]] 2>&1 | sed ""s/^/% /"" ; cat -u /app/model.mzn 2>/dev/null ; rm -f /app/model.mzn'
	in container ARNOLD_MPMMine-P002M001_92274:
	exit code: 255
	error: exec /usr/bin/bash: argument list too long
, Failed to run:
	bash -c 'python /app/code/run.py --var optionsRequired maxCars n_cars carQuantities n_options slot blockSize setup n_classes --input_var optionsRequired maxCars n_cars carQuantities n_options blockSize n_classes --example n_cars=200 n...,0,0,1,0,0,0,0,0,1,0,0,0,0,0,1,0,0,0,0,1,0,0,0,0,1,0,0]] 2>&1 | sed ""s/^/% /"" ; cat -u /app/model.mzn 2>/dev/null ; rm -f /app/model.mzn'
	in container ARNOLD_MPMMine-P002M001_92274:
	exit code: 255
	error: exec /usr/bin/bash: argument list too long
",0.0,0.0,,994303.1332540078,3.948927398431232,0.0,0.0,MPMMine-P002M001I075,ARNOLD/problems/P002/models/M001/instances/I075/75
ARNOLD,MPMMine-P002,MPMMine-P002M001,MPMMine-P002M001I075,100,100,0,5,,,200.0,0.0,1000,1.0,0.0,"Failed to run:
	bash -c 'python /app/code/run.py --var optionsRequired maxCars n_cars carQuantities n_options slot blockSize setup n_classes --input_var optionsRequired maxCars n_cars carQuantities n_options blockSize n_classes --example n_cars=200 n...,1,0,0,0,0,1,0,0,0,0,1,0,0,0,0,0,0,1,0,0,0,0,1,0,0,0,0]] 2>&1 | sed ""s/^/% /"" ; cat -u /app/model.mzn 2>/dev/null ; rm -f /app/model.mzn'
	in container ARNOLD_MPMMine-P002M001_92274:
	exit code: 255
	error: exec /usr/bin/bash: argument list too long
, Failed to run:
	bash -c 'python /app/code/run.py --var optionsRequired maxCars n_cars carQuantities n_options slot blockSize setup n_classes --input_var optionsRequired maxCars n_cars carQuantities n_options blockSize n_classes --example n_cars=200 n...,0,0,0,0,1,0,0,0,0,0,1,0,0,0,0,1,0,0,0,0,1,0,0,0,0,1,0]] 2>&1 | sed ""s/^/% /"" ; cat -u /app/model.mzn 2>/dev/null ; rm -f /app/model.mzn'
	in container ARNOLD_MPMMine-P002M001_92274:
	exit code: 255
	error: exec /usr/bin/bash: argument list too long
, Failed to run:
	bash -c 'python /app/code/run.py --var optionsRequired maxCars n_cars carQuantities n_options slot blockSize setup n_classes --input_var optionsRequired maxCars n_cars carQuantities n_options blockSize n_classes --example n_cars=200 n...,0,0,0,0,0,1,0,0,0,0,0,1,0,0,0,0,1,0,0,0,0,0,0,0,0,1,0]] 2>&1 | sed ""s/^/% /"" ; cat -u /app/model.mzn 2>/dev/null ; rm -f /app/model.mzn'
	in container ARNOLD_MPMMine-P002M001_92274:
	exit code: 255
	error: exec /usr/bin/bash: argument list too long
, Failed to run:
	bash -c 'python /app/code/run.py --var optionsRequired maxCars n_cars carQuantities n_options slot blockSize setup n_classes --input_var optionsRequired maxCars n_cars carQuantities n_options blockSize n_classes --example n_cars=200 n...,0,1,0,0,0,0,1,0,0,0,0,1,0,0,0,0,1,0,0,0,0,0,0,1,0,0,0]] 2>&1 | sed ""s/^/% /"" ; cat -u /app/model.mzn 2>/dev/null ; rm -f /app/model.mzn'
	in container ARNOLD_MPMMine-P002M001_92274:
	exit code: 255
	error: exec /usr/bin/bash: argument list too long
, Failed to run:
	bash -c 'python /app/code/run.py --var optionsRequired maxCars n_cars carQuantities n_options slot blockSize setup n_classes --input_var optionsRequired maxCars n_cars carQuantities n_options blockSize n_classes --example n_cars=200 n...,0,1,0,0,0,0,1,0,0,0,0,0,1,0,0,0,0,1,0,0,0,0,0,0,0,1,0]] 2>&1 | sed ""s/^/% /"" ; cat -u /app/model.mzn 2>/dev/null ; rm -f /app/model.mzn'
	in container ARNOLD_MPMMine-P002M001_92274:
	exit code: 255
	error: exec /usr/bin/bash: argument list too long
",0.0,0.0,,994317.6093455497,4.178034532889957,0.0,0.0,MPMMine-P002M001I075,ARNOLD/problems/P002/models/M001/instances/I075/100
